The target system is: Android - 1 - aarch64
The host system is: Darwin - 25.6.0 - arm64
Compiling the C compiler identification source file "CMakeCCompilerId.c" succeeded.
Compiler: /Users/davidframpton/Library/Android/sdk/ndk/28.2.13676358/toolchains/llvm/prebuilt/darwin-x86_64/bin/clang 
Build flags: -g;-DANDROID;-fdata-sections;-ffunction-sections;-funwind-tables;-fstack-protector-strong;-no-canonical-prefixes;-D_FORTIFY_SOURCE=2;-Wformat;-Werror=format-security;
Id flags: -c;--target=aarch64-none-linux-android21 

The output was:
0


Compilation of the C compiler identification source "CMakeCCompilerId.c" produced "CMakeCCompilerId.o"

The C compiler identification is Clang, found in "/Users/davidframpton/Documents/blockheads2/katipoBrowser/waraki/android/app/.cxx/RelWithDebInfo/1i4p5v6e/arm64-v8a/CMakeFiles/3.22.1-g37088a8/CompilerIdC/CMakeCCompilerId.o"

Compiling the CXX compiler identification source file "CMakeCXXCompilerId.cpp" succeeded.
Compiler: /Users/davidframpton/Library/Android/sdk/ndk/28.2.13676358/toolchains/llvm/prebuilt/darwin-x86_64/bin/clang++ 
Build flags: -g;-DANDROID;-fdata-sections;-ffunction-sections;-funwind-tables;-fstack-protector-strong;-no-canonical-prefixes;-D_FORTIFY_SOURCE=2;-Wformat;-Werror=format-security;;
Id flags: -c;--target=aarch64-none-linux-android21 

The output was:
0


Compilation of the CXX compiler identification source "CMakeCXXCompilerId.cpp" produced "CMakeCXXCompilerId.o"

The CXX compiler identification is Clang, found in "/Users/davidframpton/Documents/blockheads2/katipoBrowser/waraki/android/app/.cxx/RelWithDebInfo/1i4p5v6e/arm64-v8a/CMakeFiles/3.22.1-g37088a8/CompilerIdCXX/CMakeCXXCompilerId.o"

Detecting C compiler ABI info compiled with the following output:
Change Dir: /Users/davidframpton/Documents/blockheads2/katipoBrowser/waraki/android/app/.cxx/RelWithDebInfo/1i4p5v6e/arm64-v8a/CMakeFiles/CMakeTmp

Run Build Command(s):/Users/davidframpton/Library/Android/sdk/cmake/3.22.1/bin/ninja cmTC_06d3c && [1/2] Building C object CMakeFiles/cmTC_06d3c.dir/CMakeCCompilerABI.c.o
Android (13624864, +pgo, -bolt, +lto, -mlgo, based on r530567e) clang version 19.0.1 (https://android.googlesource.com/toolchain/llvm-project 97a699bf4812a18fb657c2779f5296a4ab2694d2)
Target: aarch64-none-linux-android21
Thread model: posix
InstalledDir: /Users/davidframpton/Library/Android/sdk/ndk/28.2.13676358/toolchains/llvm/prebuilt/darwin-x86_64/bin
 (in-process)
 "/Users/davidframpton/Library/Android/sdk/ndk/28.2.13676358/toolchains/llvm/prebuilt/darwin-x86_64/bin/clang" -cc1 -triple aarch64-none-linux-android21 -emit-obj -mrelax-all -disable-free -clear-ast-before-backend -disable-llvm-verifier -discard-value-names -main-file-name CMakeCCompilerABI.c -mrelocation-model pic -pic-level 2 -pic-is-pie -mframe-pointer=non-leaf -ffp-contract=on -fno-rounding-math -mconstructor-aliases -funwind-tables=2 -target-cpu generic -target-feature +v8a -target-feature +fp-armv8 -target-feature +neon -target-feature +fix-cortex-a53-835769 -target-abi aapcs -debug-info-kind=constructor -dwarf-version=4 -debugger-tuning=gdb -fdebug-compilation-dir=/Users/davidframpton/Documents/blockheads2/katipoBrowser/waraki/android/app/.cxx/RelWithDebInfo/1i4p5v6e/arm64-v8a/CMakeFiles/CMakeTmp -v -ffunction-sections -fdata-sections -fcoverage-compilation-dir=/Users/davidframpton/Documents/blockheads2/katipoBrowser/waraki/android/app/.cxx/RelWithDebInfo/1i4p5v6e/arm64-v8a/CMakeFiles/CMakeTmp -resource-dir /Users/davidframpton/Library/Android/sdk/ndk/28.2.13676358/toolchains/llvm/prebuilt/darwin-x86_64/lib/clang/19 -dependency-file CMakeFiles/cmTC_06d3c.dir/CMakeCCompilerABI.c.o.d -MT CMakeFiles/cmTC_06d3c.dir/CMakeCCompilerABI.c.o -sys-header-deps -D ANDROID -D _FORTIFY_SOURCE=2 -isysroot /Users/davidframpton/Library/Android/sdk/ndk/28.2.13676358/toolchains/llvm/prebuilt/darwin-x86_64/sysroot -internal-isystem /Users/davidframpton/Library/Android/sdk/ndk/28.2.13676358/toolchains/llvm/prebuilt/darwin-x86_64/lib/clang/19/include -internal-isystem /Users/davidframpton/Library/Android/sdk/ndk/28.2.13676358/toolchains/llvm/prebuilt/darwin-x86_64/sysroot/usr/local/include -internal-externc-isystem /Users/davidframpton/Library/Android/sdk/ndk/28.2.13676358/toolchains/llvm/prebuilt/darwin-x86_64/sysroot/usr/include/aarch64-linux-android -internal-externc-isystem /Users/davidframpton/Library/Android/sdk/ndk/28.2.13676358/toolchains/llvm/prebuilt/darwin-x86_64/sysroot/include -internal-externc-isystem /Users/davidframpton/Library/Android/sdk/ndk/28.2.13676358/toolchains/llvm/prebuilt/darwin-x86_64/sysroot/usr/include -Wformat -ferror-limit 19 -femulated-tls -stack-protector 2 -fno-signed-char -fgnuc-version=4.2.1 -fskip-odr-check-in-gmf -target-feature +outline-atomics -target-feature -fmv -D__GCC_HAVE_DWARF2_CFI_ASM=1 -o CMakeFiles/cmTC_06d3c.dir/CMakeCCompilerABI.c.o -x c /Users/davidframpton/Library/Android/sdk/cmake/3.22.1/share/cmake-3.22/Modules/CMakeCCompilerABI.c
clang -cc1 version 19.0.1 based upon LLVM 19.0.1 default target x86_64-apple-darwin25.6.0
ignoring nonexistent directory "/Users/davidframpton/Library/Android/sdk/ndk/28.2.13676358/toolchains/llvm/prebuilt/darwin-x86_64/sysroot/usr/local/include"
ignoring nonexistent directory "/Users/davidframpton/Library/Android/sdk/ndk/28.2.13676358/toolchains/llvm/prebuilt/darwin-x86_64/sysroot/include"
#include "..." search starts here:
#include <...> search starts here:
 /Users/davidframpton/Library/Android/sdk/ndk/28.2.13676358/toolchains/llvm/prebuilt/darwin-x86_64/lib/clang/19/include
 /Users/davidframpton/Library/Android/sdk/ndk/28.2.13676358/toolchains/llvm/prebuilt/darwin-x86_64/sysroot/usr/include/aarch64-linux-android
 /Users/davidframpton/Library/Android/sdk/ndk/28.2.13676358/toolchains/llvm/prebuilt/darwin-x86_64/sysroot/usr/include
End of search list.
[2/2] Linking C executable cmTC_06d3c
Android (13624864, +pgo, -bolt, +lto, -mlgo, based on r530567e) clang version 19.0.1 (https://android.googlesource.com/toolchain/llvm-project 97a699bf4812a18fb657c2779f5296a4ab2694d2)
Target: aarch64-none-linux-android21
Thread model: posix
InstalledDir: /Users/davidframpton/Library/Android/sdk/ndk/28.2.13676358/toolchains/llvm/prebuilt/darwin-x86_64/bin
 "/Users/davidframpton/Library/Android/sdk/ndk/28.2.13676358/toolchains/llvm/prebuilt/darwin-x86_64/bin/ld.lld" --sysroot=/Users/davidframpton/Library/Android/sdk/ndk/28.2.13676358/toolchains/llvm/prebuilt/darwin-x86_64/sysroot -EL --fix-cortex-a53-843419 -z now -z relro -z max-page-size=16384 --hash-style=both --eh-frame-hdr -m aarch64linux -pie -dynamic-linker /system/bin/linker64 -o cmTC_06d3c /Users/davidframpton/Library/Android/sdk/ndk/28.2.13676358/toolchains/llvm/prebuilt/darwin-x86_64/sysroot/usr/lib/aarch64-linux-android/21/crtbegin_dynamic.o -L/Users/davidframpton/Library/Android/sdk/ndk/28.2.13676358/toolchains/llvm/prebuilt/darwin-x86_64/lib/clang/19/lib/linux/aarch64 -L/Users/davidframpton/Library/Android/sdk/ndk/28.2.13676358/toolchains/llvm/prebuilt/darwin-x86_64/sysroot/usr/lib/aarch64-linux-android/21 -L/Users/davidframpton/Library/Android/sdk/ndk/28.2.13676358/toolchains/llvm/prebuilt/darwin-x86_64/sysroot/usr/lib/aarch64-linux-android -L/Users/davidframpton/Library/Android/sdk/ndk/28.2.13676358/toolchains/llvm/prebuilt/darwin-x86_64/sysroot/usr/lib --build-id=sha1 --no-rosegment --no-undefined-version --fatal-warnings --no-undefined CMakeFiles/cmTC_06d3c.dir/CMakeCCompilerABI.c.o /Users/davidframpton/Library/Android/sdk/ndk/28.2.13676358/toolchains/llvm/prebuilt/darwin-x86_64/lib/clang/19/lib/linux/libclang_rt.builtins-aarch64-android.a -l:libunwind.a -ldl -lc /Users/davidframpton/Library/Android/sdk/ndk/28.2.13676358/toolchains/llvm/prebuilt/darwin-x86_64/lib/clang/19/lib/linux/libclang_rt.builtins-aarch64-android.a -l:libunwind.a -ldl /Users/davidframpton/Library/Android/sdk/ndk/28.2.13676358/toolchains/llvm/prebuilt/darwin-x86_64/sysroot/usr/lib/aarch64-linux-android/21/crtend_android.o



Parsed C implicit include dir info from above output: rv=done
  found start of include info
  found start of implicit include info
    add: [/Users/davidframpton/Library/Android/sdk/ndk/28.2.13676358/toolchains/llvm/prebuilt/darwin-x86_64/lib/clang/19/include]
    add: [/Users/davidframpton/Library/Android/sdk/ndk/28.2.13676358/toolchains/llvm/prebuilt/darwin-x86_64/sysroot/usr/include/aarch64-linux-android]
    add: [/Users/davidframpton/Library/Android/sdk/ndk/28.2.13676358/toolchains/llvm/prebuilt/darwin-x86_64/sysroot/usr/include]
  end of search list found
  collapse include dir [/Users/davidframpton/Library/Android/sdk/ndk/28.2.13676358/toolchains/llvm/prebuilt/darwin-x86_64/lib/clang/19/include] ==> [/Users/davidframpton/Library/Android/sdk/ndk/28.2.13676358/toolchains/llvm/prebuilt/darwin-x86_64/lib/clang/19/include]
  collapse include dir [/Users/davidframpton/Library/Android/sdk/ndk/28.2.13676358/toolchains/llvm/prebuilt/darwin-x86_64/sysroot/usr/include/aarch64-linux-android] ==> [/Users/davidframpton/Library/Android/sdk/ndk/28.2.13676358/toolchains/llvm/prebuilt/darwin-x86_64/sysroot/usr/include/aarch64-linux-android]
  collapse include dir [/Users/davidframpton/Library/Android/sdk/ndk/28.2.13676358/toolchains/llvm/prebuilt/darwin-x86_64/sysroot/usr/include] ==> [/Users/davidframpton/Library/Android/sdk/ndk/28.2.13676358/toolchains/llvm/prebuilt/darwin-x86_64/sysroot/usr/include]
  implicit include dirs: [/Users/davidframpton/Library/Android/sdk/ndk/28.2.13676358/toolchains/llvm/prebuilt/darwin-x86_64/lib/clang/19/include;/Users/davidframpton/Library/Android/sdk/ndk/28.2.13676358/toolchains/llvm/prebuilt/darwin-x86_64/sysroot/usr/include/aarch64-linux-android;/Users/davidframpton/Library/Android/sdk/ndk/28.2.13676358/toolchains/llvm/prebuilt/darwin-x86_64/sysroot/usr/include]


Parsed C implicit link information from above output:
  link line regex: [^( *|.*[/\])(ld\.lld|CMAKE_LINK_STARTFILE-NOTFOUND|([^/\]+-)?ld|collect2)[^/\]*( |$)]
  ignore line: [Change Dir: /Users/davidframpton/Documents/blockheads2/katipoBrowser/waraki/android/app/.cxx/RelWithDebInfo/1i4p5v6e/arm64-v8a/CMakeFiles/CMakeTmp]
  ignore line: []
  ignore line: [Run Build Command(s):/Users/davidframpton/Library/Android/sdk/cmake/3.22.1/bin/ninja cmTC_06d3c && [1/2] Building C object CMakeFiles/cmTC_06d3c.dir/CMakeCCompilerABI.c.o]
  ignore line: [Android (13624864  +pgo  -bolt  +lto  -mlgo  based on r530567e) clang version 19.0.1 (https://android.googlesource.com/toolchain/llvm-project 97a699bf4812a18fb657c2779f5296a4ab2694d2)]
  ignore line: [Target: aarch64-none-linux-android21]
  ignore line: [Thread model: posix]
  ignore line: [InstalledDir: /Users/davidframpton/Library/Android/sdk/ndk/28.2.13676358/toolchains/llvm/prebuilt/darwin-x86_64/bin]
  ignore line: [ (in-process)]
  ignore line: [ "/Users/davidframpton/Library/Android/sdk/ndk/28.2.13676358/toolchains/llvm/prebuilt/darwin-x86_64/bin/clang" -cc1 -triple aarch64-none-linux-android21 -emit-obj -mrelax-all -disable-free -clear-ast-before-backend -disable-llvm-verifier -discard-value-names -main-file-name CMakeCCompilerABI.c -mrelocation-model pic -pic-level 2 -pic-is-pie -mframe-pointer=non-leaf -ffp-contract=on -fno-rounding-math -mconstructor-aliases -funwind-tables=2 -target-cpu generic -target-feature +v8a -target-feature +fp-armv8 -target-feature +neon -target-feature +fix-cortex-a53-835769 -target-abi aapcs -debug-info-kind=constructor -dwarf-version=4 -debugger-tuning=gdb -fdebug-compilation-dir=/Users/davidframpton/Documents/blockheads2/katipoBrowser/waraki/android/app/.cxx/RelWithDebInfo/1i4p5v6e/arm64-v8a/CMakeFiles/CMakeTmp -v -ffunction-sections -fdata-sections -fcoverage-compilation-dir=/Users/davidframpton/Documents/blockheads2/katipoBrowser/waraki/android/app/.cxx/RelWithDebInfo/1i4p5v6e/arm64-v8a/CMakeFiles/CMakeTmp -resource-dir /Users/davidframpton/Library/Android/sdk/ndk/28.2.13676358/toolchains/llvm/prebuilt/darwin-x86_64/lib/clang/19 -dependency-file CMakeFiles/cmTC_06d3c.dir/CMakeCCompilerABI.c.o.d -MT CMakeFiles/cmTC_06d3c.dir/CMakeCCompilerABI.c.o -sys-header-deps -D ANDROID -D _FORTIFY_SOURCE=2 -isysroot /Users/davidframpton/Library/Android/sdk/ndk/28.2.13676358/toolchains/llvm/prebuilt/darwin-x86_64/sysroot -internal-isystem /Users/davidframpton/Library/Android/sdk/ndk/28.2.13676358/toolchains/llvm/prebuilt/darwin-x86_64/lib/clang/19/include -internal-isystem /Users/davidframpton/Library/Android/sdk/ndk/28.2.13676358/toolchains/llvm/prebuilt/darwin-x86_64/sysroot/usr/local/include -internal-externc-isystem /Users/davidframpton/Library/Android/sdk/ndk/28.2.13676358/toolchains/llvm/prebuilt/darwin-x86_64/sysroot/usr/include/aarch64-linux-android -internal-externc-isystem /Users/davidframpton/Library/Android/sdk/ndk/28.2.13676358/toolchains/llvm/prebuilt/darwin-x86_64/sysroot/include -internal-externc-isystem /Users/davidframpton/Library/Android/sdk/ndk/28.2.13676358/toolchains/llvm/prebuilt/darwin-x86_64/sysroot/usr/include -Wformat -ferror-limit 19 -femulated-tls -stack-protector 2 -fno-signed-char -fgnuc-version=4.2.1 -fskip-odr-check-in-gmf -target-feature +outline-atomics -target-feature -fmv -D__GCC_HAVE_DWARF2_CFI_ASM=1 -o CMakeFiles/cmTC_06d3c.dir/CMakeCCompilerABI.c.o -x c /Users/davidframpton/Library/Android/sdk/cmake/3.22.1/share/cmake-3.22/Modules/CMakeCCompilerABI.c]
  ignore line: [clang -cc1 version 19.0.1 based upon LLVM 19.0.1 default target x86_64-apple-darwin25.6.0]
  ignore line: [ignoring nonexistent directory "/Users/davidframpton/Library/Android/sdk/ndk/28.2.13676358/toolchains/llvm/prebuilt/darwin-x86_64/sysroot/usr/local/include"]
  ignore line: [ignoring nonexistent directory "/Users/davidframpton/Library/Android/sdk/ndk/28.2.13676358/toolchains/llvm/prebuilt/darwin-x86_64/sysroot/include"]
  ignore line: [#include "..." search starts here:]
  ignore line: [#include <...> search starts here:]
  ignore line: [ /Users/davidframpton/Library/Android/sdk/ndk/28.2.13676358/toolchains/llvm/prebuilt/darwin-x86_64/lib/clang/19/include]
  ignore line: [ /Users/davidframpton/Library/Android/sdk/ndk/28.2.13676358/toolchains/llvm/prebuilt/darwin-x86_64/sysroot/usr/include/aarch64-linux-android]
  ignore line: [ /Users/davidframpton/Library/Android/sdk/ndk/28.2.13676358/toolchains/llvm/prebuilt/darwin-x86_64/sysroot/usr/include]
  ignore line: [End of search list.]
  ignore line: [[2/2] Linking C executable cmTC_06d3c]
  ignore line: [Android (13624864  +pgo  -bolt  +lto  -mlgo  based on r530567e) clang version 19.0.1 (https://android.googlesource.com/toolchain/llvm-project 97a699bf4812a18fb657c2779f5296a4ab2694d2)]
  ignore line: [Target: aarch64-none-linux-android21]
  ignore line: [Thread model: posix]
  ignore line: [InstalledDir: /Users/davidframpton/Library/Android/sdk/ndk/28.2.13676358/toolchains/llvm/prebuilt/darwin-x86_64/bin]
  link line: [ "/Users/davidframpton/Library/Android/sdk/ndk/28.2.13676358/toolchains/llvm/prebuilt/darwin-x86_64/bin/ld.lld" --sysroot=/Users/davidframpton/Library/Android/sdk/ndk/28.2.13676358/toolchains/llvm/prebuilt/darwin-x86_64/sysroot -EL --fix-cortex-a53-843419 -z now -z relro -z max-page-size=16384 --hash-style=both --eh-frame-hdr -m aarch64linux -pie -dynamic-linker /system/bin/linker64 -o cmTC_06d3c /Users/davidframpton/Library/Android/sdk/ndk/28.2.13676358/toolchains/llvm/prebuilt/darwin-x86_64/sysroot/usr/lib/aarch64-linux-android/21/crtbegin_dynamic.o -L/Users/davidframpton/Library/Android/sdk/ndk/28.2.13676358/toolchains/llvm/prebuilt/darwin-x86_64/lib/clang/19/lib/linux/aarch64 -L/Users/davidframpton/Library/Android/sdk/ndk/28.2.13676358/toolchains/llvm/prebuilt/darwin-x86_64/sysroot/usr/lib/aarch64-linux-android/21 -L/Users/davidframpton/Library/Android/sdk/ndk/28.2.13676358/toolchains/llvm/prebuilt/darwin-x86_64/sysroot/usr/lib/aarch64-linux-android -L/Users/davidframpton/Library/Android/sdk/ndk/28.2.13676358/toolchains/llvm/prebuilt/darwin-x86_64/sysroot/usr/lib --build-id=sha1 --no-rosegment --no-undefined-version --fatal-warnings --no-undefined CMakeFiles/cmTC_06d3c.dir/CMakeCCompilerABI.c.o /Users/davidframpton/Library/Android/sdk/ndk/28.2.13676358/toolchains/llvm/prebuilt/darwin-x86_64/lib/clang/19/lib/linux/libclang_rt.builtins-aarch64-android.a -l:libunwind.a -ldl -lc /Users/davidframpton/Library/Android/sdk/ndk/28.2.13676358/toolchains/llvm/prebuilt/darwin-x86_64/lib/clang/19/lib/linux/libclang_rt.builtins-aarch64-android.a -l:libunwind.a -ldl /Users/davidframpton/Library/Android/sdk/ndk/28.2.13676358/toolchains/llvm/prebuilt/darwin-x86_64/sysroot/usr/lib/aarch64-linux-android/21/crtend_android.o]
    arg [/Users/davidframpton/Library/Android/sdk/ndk/28.2.13676358/toolchains/llvm/prebuilt/darwin-x86_64/bin/ld.lld] ==> ignore
    arg [--sysroot=/Users/davidframpton/Library/Android/sdk/ndk/28.2.13676358/toolchains/llvm/prebuilt/darwin-x86_64/sysroot] ==> ignore
    arg [-EL] ==> ignore
    arg [--fix-cortex-a53-843419] ==> ignore
    arg [-znow] ==> ignore
    arg [-zrelro] ==> ignore
    arg [-zmax-page-size=16384] ==> ignore
    arg [--hash-style=both] ==> ignore
    arg [--eh-frame-hdr] ==> ignore
    arg [-m] ==> ignore
    arg [aarch64linux] ==> ignore
    arg [-pie] ==> ignore
    arg [-dynamic-linker] ==> ignore
    arg [/system/bin/linker64] ==> ignore
    arg [-o] ==> ignore
    arg [cmTC_06d3c] ==> ignore
    arg [/Users/davidframpton/Library/Android/sdk/ndk/28.2.13676358/toolchains/llvm/prebuilt/darwin-x86_64/sysroot/usr/lib/aarch64-linux-android/21/crtbegin_dynamic.o] ==> obj [/Users/davidframpton/Library/Android/sdk/ndk/28.2.13676358/toolchains/llvm/prebuilt/darwin-x86_64/sysroot/usr/lib/aarch64-linux-android/21/crtbegin_dynamic.o]
    arg [-L/Users/davidframpton/Library/Android/sdk/ndk/28.2.13676358/toolchains/llvm/prebuilt/darwin-x86_64/lib/clang/19/lib/linux/aarch64] ==> dir [/Users/davidframpton/Library/Android/sdk/ndk/28.2.13676358/toolchains/llvm/prebuilt/darwin-x86_64/lib/clang/19/lib/linux/aarch64]
    arg [-L/Users/davidframpton/Library/Android/sdk/ndk/28.2.13676358/toolchains/llvm/prebuilt/darwin-x86_64/sysroot/usr/lib/aarch64-linux-android/21] ==> dir [/Users/davidframpton/Library/Android/sdk/ndk/28.2.13676358/toolchains/llvm/prebuilt/darwin-x86_64/sysroot/usr/lib/aarch64-linux-android/21]
    arg [-L/Users/davidframpton/Library/Android/sdk/ndk/28.2.13676358/toolchains/llvm/prebuilt/darwin-x86_64/sysroot/usr/lib/aarch64-linux-android] ==> dir [/Users/davidframpton/Library/Android/sdk/ndk/28.2.13676358/toolchains/llvm/prebuilt/darwin-x86_64/sysroot/usr/lib/aarch64-linux-android]
    arg [-L/Users/davidframpton/Library/Android/sdk/ndk/28.2.13676358/toolchains/llvm/prebuilt/darwin-x86_64/sysroot/usr/lib] ==> dir [/Users/davidframpton/Library/Android/sdk/ndk/28.2.13676358/toolchains/llvm/prebuilt/darwin-x86_64/sysroot/usr/lib]
    arg [--build-id=sha1] ==> ignore
    arg [--no-rosegment] ==> ignore
    arg [--no-undefined-version] ==> ignore
    arg [--fatal-warnings] ==> ignore
    arg [--no-undefined] ==> ignore
    arg [CMakeFiles/cmTC_06d3c.dir/CMakeCCompilerABI.c.o] ==> ignore
    arg [/Users/davidframpton/Library/Android/sdk/ndk/28.2.13676358/toolchains/llvm/prebuilt/darwin-x86_64/lib/clang/19/lib/linux/libclang_rt.builtins-aarch64-android.a] ==> lib [/Users/davidframpton/Library/Android/sdk/ndk/28.2.13676358/toolchains/llvm/prebuilt/darwin-x86_64/lib/clang/19/lib/linux/libclang_rt.builtins-aarch64-android.a]
    arg [-l:libunwind.a] ==> lib [-l:libunwind.a]
    arg [-ldl] ==> lib [dl]
    arg [-lc] ==> lib [c]
    arg [/Users/davidframpton/Library/Android/sdk/ndk/28.2.13676358/toolchains/llvm/prebuilt/darwin-x86_64/lib/clang/19/lib/linux/libclang_rt.builtins-aarch64-android.a] ==> lib [/Users/davidframpton/Library/Android/sdk/ndk/28.2.13676358/toolchains/llvm/prebuilt/darwin-x86_64/lib/clang/19/lib/linux/libclang_rt.builtins-aarch64-android.a]
    arg [-l:libunwind.a] ==> lib [-l:libunwind.a]
    arg [-ldl] ==> lib [dl]
    arg [/Users/davidframpton/Library/Android/sdk/ndk/28.2.13676358/toolchains/llvm/prebuilt/darwin-x86_64/sysroot/usr/lib/aarch64-linux-android/21/crtend_android.o] ==> obj [/Users/davidframpton/Library/Android/sdk/ndk/28.2.13676358/toolchains/llvm/prebuilt/darwin-x86_64/sysroot/usr/lib/aarch64-linux-android/21/crtend_android.o]
  remove lib [/Users/davidframpton/Library/Android/sdk/ndk/28.2.13676358/toolchains/llvm/prebuilt/darwin-x86_64/lib/clang/19/lib/linux/libclang_rt.builtins-aarch64-android.a]
  remove lib [/Users/davidframpton/Library/Android/sdk/ndk/28.2.13676358/toolchains/llvm/prebuilt/darwin-x86_64/lib/clang/19/lib/linux/libclang_rt.builtins-aarch64-android.a]
  collapse library dir [/Users/davidframpton/Library/Android/sdk/ndk/28.2.13676358/toolchains/llvm/prebuilt/darwin-x86_64/lib/clang/19/lib/linux/aarch64] ==> [/Users/davidframpton/Library/Android/sdk/ndk/28.2.13676358/toolchains/llvm/prebuilt/darwin-x86_64/lib/clang/19/lib/linux/aarch64]
  collapse library dir [/Users/davidframpton/Library/Android/sdk/ndk/28.2.13676358/toolchains/llvm/prebuilt/darwin-x86_64/sysroot/usr/lib/aarch64-linux-android/21] ==> [/Users/davidframpton/Library/Android/sdk/ndk/28.2.13676358/toolchains/llvm/prebuilt/darwin-x86_64/sysroot/usr/lib/aarch64-linux-android/21]
  collapse library dir [/Users/davidframpton/Library/Android/sdk/ndk/28.2.13676358/toolchains/llvm/prebuilt/darwin-x86_64/sysroot/usr/lib/aarch64-linux-android] ==> [/Users/davidframpton/Library/Android/sdk/ndk/28.2.13676358/toolchains/llvm/prebuilt/darwin-x86_64/sysroot/usr/lib/aarch64-linux-android]
  collapse library dir [/Users/davidframpton/Library/Android/sdk/ndk/28.2.13676358/toolchains/llvm/prebuilt/darwin-x86_64/sysroot/usr/lib] ==> [/Users/davidframpton/Library/Android/sdk/ndk/28.2.13676358/toolchains/llvm/prebuilt/darwin-x86_64/sysroot/usr/lib]
  implicit libs: [-l:libunwind.a;dl;c;-l:libunwind.a;dl]
  implicit objs: [/Users/davidframpton/Library/Android/sdk/ndk/28.2.13676358/toolchains/llvm/prebuilt/darwin-x86_64/sysroot/usr/lib/aarch64-linux-android/21/crtbegin_dynamic.o;/Users/davidframpton/Library/Android/sdk/ndk/28.2.13676358/toolchains/llvm/prebuilt/darwin-x86_64/sysroot/usr/lib/aarch64-linux-android/21/crtend_android.o]
  implicit dirs: [/Users/davidframpton/Library/Android/sdk/ndk/28.2.13676358/toolchains/llvm/prebuilt/darwin-x86_64/lib/clang/19/lib/linux/aarch64;/Users/davidframpton/Library/Android/sdk/ndk/28.2.13676358/toolchains/llvm/prebuilt/darwin-x86_64/sysroot/usr/lib/aarch64-linux-android/21;/Users/davidframpton/Library/Android/sdk/ndk/28.2.13676358/toolchains/llvm/prebuilt/darwin-x86_64/sysroot/usr/lib/aarch64-linux-android;/Users/davidframpton/Library/Android/sdk/ndk/28.2.13676358/toolchains/llvm/prebuilt/darwin-x86_64/sysroot/usr/lib]
  implicit fwks: []


Detecting CXX compiler ABI info compiled with the following output:
Change Dir: /Users/davidframpton/Documents/blockheads2/katipoBrowser/waraki/android/app/.cxx/RelWithDebInfo/1i4p5v6e/arm64-v8a/CMakeFiles/CMakeTmp

Run Build Command(s):/Users/davidframpton/Library/Android/sdk/cmake/3.22.1/bin/ninja cmTC_e4a34 && [1/2] Building CXX object CMakeFiles/cmTC_e4a34.dir/CMakeCXXCompilerABI.cpp.o
Android (13624864, +pgo, -bolt, +lto, -mlgo, based on r530567e) clang version 19.0.1 (https://android.googlesource.com/toolchain/llvm-project 97a699bf4812a18fb657c2779f5296a4ab2694d2)
Target: aarch64-none-linux-android21
Thread model: posix
InstalledDir: /Users/davidframpton/Library/Android/sdk/ndk/28.2.13676358/toolchains/llvm/prebuilt/darwin-x86_64/bin
 (in-process)
 "/Users/davidframpton/Library/Android/sdk/ndk/28.2.13676358/toolchains/llvm/prebuilt/darwin-x86_64/bin/clang++" -cc1 -triple aarch64-none-linux-android21 -emit-obj -mrelax-all -disable-free -clear-ast-before-backend -disable-llvm-verifier -discard-value-names -main-file-name CMakeCXXCompilerABI.cpp -mrelocation-model pic -pic-level 2 -pic-is-pie -mframe-pointer=non-leaf -ffp-contract=on -fno-rounding-math -mconstructor-aliases -funwind-tables=2 -target-cpu generic -target-feature +v8a -target-feature +fp-armv8 -target-feature +neon -target-feature +fix-cortex-a53-835769 -target-abi aapcs -debug-info-kind=constructor -dwarf-version=4 -debugger-tuning=gdb -fdebug-compilation-dir=/Users/davidframpton/Documents/blockheads2/katipoBrowser/waraki/android/app/.cxx/RelWithDebInfo/1i4p5v6e/arm64-v8a/CMakeFiles/CMakeTmp -v -ffunction-sections -fdata-sections -fcoverage-compilation-dir=/Users/davidframpton/Documents/blockheads2/katipoBrowser/waraki/android/app/.cxx/RelWithDebInfo/1i4p5v6e/arm64-v8a/CMakeFiles/CMakeTmp -resource-dir /Users/davidframpton/Library/Android/sdk/ndk/28.2.13676358/toolchains/llvm/prebuilt/darwin-x86_64/lib/clang/19 -dependency-file CMakeFiles/cmTC_e4a34.dir/CMakeCXXCompilerABI.cpp.o.d -MT CMakeFiles/cmTC_e4a34.dir/CMakeCXXCompilerABI.cpp.o -sys-header-deps -D ANDROID -D _FORTIFY_SOURCE=2 -isysroot /Users/davidframpton/Library/Android/sdk/ndk/28.2.13676358/toolchains/llvm/prebuilt/darwin-x86_64/sysroot -internal-isystem /Users/davidframpton/Library/Android/sdk/ndk/28.2.13676358/toolchains/llvm/prebuilt/darwin-x86_64/sysroot/usr/include/c++/v1 -internal-isystem /Users/davidframpton/Library/Android/sdk/ndk/28.2.13676358/toolchains/llvm/prebuilt/darwin-x86_64/lib/clang/19/include -internal-isystem /Users/davidframpton/Library/Android/sdk/ndk/28.2.13676358/toolchains/llvm/prebuilt/darwin-x86_64/sysroot/usr/local/include -internal-externc-isystem /Users/davidframpton/Library/Android/sdk/ndk/28.2.13676358/toolchains/llvm/prebuilt/darwin-x86_64/sysroot/usr/include/aarch64-linux-android -internal-externc-isystem /Users/davidframpton/Library/Android/sdk/ndk/28.2.13676358/toolchains/llvm/prebuilt/darwin-x86_64/sysroot/include -internal-externc-isystem /Users/davidframpton/Library/Android/sdk/ndk/28.2.13676358/toolchains/llvm/prebuilt/darwin-x86_64/sysroot/usr/include -Wformat -fdeprecated-macro -ferror-limit 19 -femulated-tls -stack-protector 2 -fno-signed-char -fgnuc-version=4.2.1 -fskip-odr-check-in-gmf -fcxx-exceptions -fexceptions -target-feature +outline-atomics -target-feature -fmv -D__GCC_HAVE_DWARF2_CFI_ASM=1 -o CMakeFiles/cmTC_e4a34.dir/CMakeCXXCompilerABI.cpp.o -x c++ /Users/davidframpton/Library/Android/sdk/cmake/3.22.1/share/cmake-3.22/Modules/CMakeCXXCompilerABI.cpp
clang -cc1 version 19.0.1 based upon LLVM 19.0.1 default target x86_64-apple-darwin25.6.0
ignoring nonexistent directory "/Users/davidframpton/Library/Android/sdk/ndk/28.2.13676358/toolchains/llvm/prebuilt/darwin-x86_64/sysroot/usr/local/include"
ignoring nonexistent directory "/Users/davidframpton/Library/Android/sdk/ndk/28.2.13676358/toolchains/llvm/prebuilt/darwin-x86_64/sysroot/include"
#include "..." search starts here:
#include <...> search starts here:
 /Users/davidframpton/Library/Android/sdk/ndk/28.2.13676358/toolchains/llvm/prebuilt/darwin-x86_64/sysroot/usr/include/c++/v1
 /Users/davidframpton/Library/Android/sdk/ndk/28.2.13676358/toolchains/llvm/prebuilt/darwin-x86_64/lib/clang/19/include
 /Users/davidframpton/Library/Android/sdk/ndk/28.2.13676358/toolchains/llvm/prebuilt/darwin-x86_64/sysroot/usr/include/aarch64-linux-android
 /Users/davidframpton/Library/Android/sdk/ndk/28.2.13676358/toolchains/llvm/prebuilt/darwin-x86_64/sysroot/usr/include
End of search list.
[2/2] Linking CXX executable cmTC_e4a34
Android (13624864, +pgo, -bolt, +lto, -mlgo, based on r530567e) clang version 19.0.1 (https://android.googlesource.com/toolchain/llvm-project 97a699bf4812a18fb657c2779f5296a4ab2694d2)
Target: aarch64-none-linux-android21
Thread model: posix
InstalledDir: /Users/davidframpton/Library/Android/sdk/ndk/28.2.13676358/toolchains/llvm/prebuilt/darwin-x86_64/bin
 "/Users/davidframpton/Library/Android/sdk/ndk/28.2.13676358/toolchains/llvm/prebuilt/darwin-x86_64/bin/ld.lld" --sysroot=/Users/davidframpton/Library/Android/sdk/ndk/28.2.13676358/toolchains/llvm/prebuilt/darwin-x86_64/sysroot -EL --fix-cortex-a53-843419 -z now -z relro -z max-page-size=16384 --hash-style=both --eh-frame-hdr -m aarch64linux -pie -dynamic-linker /system/bin/linker64 -o cmTC_e4a34 /Users/davidframpton/Library/Android/sdk/ndk/28.2.13676358/toolchains/llvm/prebuilt/darwin-x86_64/sysroot/usr/lib/aarch64-linux-android/21/crtbegin_dynamic.o -L/Users/davidframpton/Library/Android/sdk/ndk/28.2.13676358/toolchains/llvm/prebuilt/darwin-x86_64/lib/clang/19/lib/linux/aarch64 -L/Users/davidframpton/Library/Android/sdk/ndk/28.2.13676358/toolchains/llvm/prebuilt/darwin-x86_64/sysroot/usr/lib/aarch64-linux-android/21 -L/Users/davidframpton/Library/Android/sdk/ndk/28.2.13676358/toolchains/llvm/prebuilt/darwin-x86_64/sysroot/usr/lib/aarch64-linux-android -L/Users/davidframpton/Library/Android/sdk/ndk/28.2.13676358/toolchains/llvm/prebuilt/darwin-x86_64/sysroot/usr/lib --build-id=sha1 --no-rosegment --no-undefined-version --fatal-warnings --no-undefined CMakeFiles/cmTC_e4a34.dir/CMakeCXXCompilerABI.cpp.o -Bstatic -lc++ -Bdynamic -lm /Users/davidframpton/Library/Android/sdk/ndk/28.2.13676358/toolchains/llvm/prebuilt/darwin-x86_64/lib/clang/19/lib/linux/libclang_rt.builtins-aarch64-android.a -l:libunwind.a -ldl -lc /Users/davidframpton/Library/Android/sdk/ndk/28.2.13676358/toolchains/llvm/prebuilt/darwin-x86_64/lib/clang/19/lib/linux/libclang_rt.builtins-aarch64-android.a -l:libunwind.a -ldl /Users/davidframpton/Library/Android/sdk/ndk/28.2.13676358/toolchains/llvm/prebuilt/darwin-x86_64/sysroot/usr/lib/aarch64-linux-android/21/crtend_android.o



Parsed CXX implicit include dir info from above output: rv=done
  found start of include info
  found start of implicit include info
    add: [/Users/davidframpton/Library/Android/sdk/ndk/28.2.13676358/toolchains/llvm/prebuilt/darwin-x86_64/sysroot/usr/include/c++/v1]
    add: [/Users/davidframpton/Library/Android/sdk/ndk/28.2.13676358/toolchains/llvm/prebuilt/darwin-x86_64/lib/clang/19/include]
    add: [/Users/davidframpton/Library/Android/sdk/ndk/28.2.13676358/toolchains/llvm/prebuilt/darwin-x86_64/sysroot/usr/include/aarch64-linux-android]
    add: [/Users/davidframpton/Library/Android/sdk/ndk/28.2.13676358/toolchains/llvm/prebuilt/darwin-x86_64/sysroot/usr/include]
  end of search list found
  collapse include dir [/Users/davidframpton/Library/Android/sdk/ndk/28.2.13676358/toolchains/llvm/prebuilt/darwin-x86_64/sysroot/usr/include/c++/v1] ==> [/Users/davidframpton/Library/Android/sdk/ndk/28.2.13676358/toolchains/llvm/prebuilt/darwin-x86_64/sysroot/usr/include/c++/v1]
  collapse include dir [/Users/davidframpton/Library/Android/sdk/ndk/28.2.13676358/toolchains/llvm/prebuilt/darwin-x86_64/lib/clang/19/include] ==> [/Users/davidframpton/Library/Android/sdk/ndk/28.2.13676358/toolchains/llvm/prebuilt/darwin-x86_64/lib/clang/19/include]
  collapse include dir [/Users/davidframpton/Library/Android/sdk/ndk/28.2.13676358/toolchains/llvm/prebuilt/darwin-x86_64/sysroot/usr/include/aarch64-linux-android] ==> [/Users/davidframpton/Library/Android/sdk/ndk/28.2.13676358/toolchains/llvm/prebuilt/darwin-x86_64/sysroot/usr/include/aarch64-linux-android]
  collapse include dir [/Users/davidframpton/Library/Android/sdk/ndk/28.2.13676358/toolchains/llvm/prebuilt/darwin-x86_64/sysroot/usr/include] ==> [/Users/davidframpton/Library/Android/sdk/ndk/28.2.13676358/toolchains/llvm/prebuilt/darwin-x86_64/sysroot/usr/include]
  implicit include dirs: [/Users/davidframpton/Library/Android/sdk/ndk/28.2.13676358/toolchains/llvm/prebuilt/darwin-x86_64/sysroot/usr/include/c++/v1;/Users/davidframpton/Library/Android/sdk/ndk/28.2.13676358/toolchains/llvm/prebuilt/darwin-x86_64/lib/clang/19/include;/Users/davidframpton/Library/Android/sdk/ndk/28.2.13676358/toolchains/llvm/prebuilt/darwin-x86_64/sysroot/usr/include/aarch64-linux-android;/Users/davidframpton/Library/Android/sdk/ndk/28.2.13676358/toolchains/llvm/prebuilt/darwin-x86_64/sysroot/usr/include]


Parsed CXX implicit link information from above output:
  link line regex: [^( *|.*[/\])(ld\.lld|CMAKE_LINK_STARTFILE-NOTFOUND|([^/\]+-)?ld|collect2)[^/\]*( |$)]
  ignore line: [Change Dir: /Users/davidframpton/Documents/blockheads2/katipoBrowser/waraki/android/app/.cxx/RelWithDebInfo/1i4p5v6e/arm64-v8a/CMakeFiles/CMakeTmp]
  ignore line: []
  ignore line: [Run Build Command(s):/Users/davidframpton/Library/Android/sdk/cmake/3.22.1/bin/ninja cmTC_e4a34 && [1/2] Building CXX object CMakeFiles/cmTC_e4a34.dir/CMakeCXXCompilerABI.cpp.o]
  ignore line: [Android (13624864  +pgo  -bolt  +lto  -mlgo  based on r530567e) clang version 19.0.1 (https://android.googlesource.com/toolchain/llvm-project 97a699bf4812a18fb657c2779f5296a4ab2694d2)]
  ignore line: [Target: aarch64-none-linux-android21]
  ignore line: [Thread model: posix]
  ignore line: [InstalledDir: /Users/davidframpton/Library/Android/sdk/ndk/28.2.13676358/toolchains/llvm/prebuilt/darwin-x86_64/bin]
  ignore line: [ (in-process)]
  ignore line: [ "/Users/davidframpton/Library/Android/sdk/ndk/28.2.13676358/toolchains/llvm/prebuilt/darwin-x86_64/bin/clang++" -cc1 -triple aarch64-none-linux-android21 -emit-obj -mrelax-all -disable-free -clear-ast-before-backend -disable-llvm-verifier -discard-value-names -main-file-name CMakeCXXCompilerABI.cpp -mrelocation-model pic -pic-level 2 -pic-is-pie -mframe-pointer=non-leaf -ffp-contract=on -fno-rounding-math -mconstructor-aliases -funwind-tables=2 -target-cpu generic -target-feature +v8a -target-feature +fp-armv8 -target-feature +neon -target-feature +fix-cortex-a53-835769 -target-abi aapcs -debug-info-kind=constructor -dwarf-version=4 -debugger-tuning=gdb -fdebug-compilation-dir=/Users/davidframpton/Documents/blockheads2/katipoBrowser/waraki/android/app/.cxx/RelWithDebInfo/1i4p5v6e/arm64-v8a/CMakeFiles/CMakeTmp -v -ffunction-sections -fdata-sections -fcoverage-compilation-dir=/Users/davidframpton/Documents/blockheads2/katipoBrowser/waraki/android/app/.cxx/RelWithDebInfo/1i4p5v6e/arm64-v8a/CMakeFiles/CMakeTmp -resource-dir /Users/davidframpton/Library/Android/sdk/ndk/28.2.13676358/toolchains/llvm/prebuilt/darwin-x86_64/lib/clang/19 -dependency-file CMakeFiles/cmTC_e4a34.dir/CMakeCXXCompilerABI.cpp.o.d -MT CMakeFiles/cmTC_e4a34.dir/CMakeCXXCompilerABI.cpp.o -sys-header-deps -D ANDROID -D _FORTIFY_SOURCE=2 -isysroot /Users/davidframpton/Library/Android/sdk/ndk/28.2.13676358/toolchains/llvm/prebuilt/darwin-x86_64/sysroot -internal-isystem /Users/davidframpton/Library/Android/sdk/ndk/28.2.13676358/toolchains/llvm/prebuilt/darwin-x86_64/sysroot/usr/include/c++/v1 -internal-isystem /Users/davidframpton/Library/Android/sdk/ndk/28.2.13676358/toolchains/llvm/prebuilt/darwin-x86_64/lib/clang/19/include -internal-isystem /Users/davidframpton/Library/Android/sdk/ndk/28.2.13676358/toolchains/llvm/prebuilt/darwin-x86_64/sysroot/usr/local/include -internal-externc-isystem /Users/davidframpton/Library/Android/sdk/ndk/28.2.13676358/toolchains/llvm/prebuilt/darwin-x86_64/sysroot/usr/include/aarch64-linux-android -internal-externc-isystem /Users/davidframpton/Library/Android/sdk/ndk/28.2.13676358/toolchains/llvm/prebuilt/darwin-x86_64/sysroot/include -internal-externc-isystem /Users/davidframpton/Library/Android/sdk/ndk/28.2.13676358/toolchains/llvm/prebuilt/darwin-x86_64/sysroot/usr/include -Wformat -fdeprecated-macro -ferror-limit 19 -femulated-tls -stack-protector 2 -fno-signed-char -fgnuc-version=4.2.1 -fskip-odr-check-in-gmf -fcxx-exceptions -fexceptions -target-feature +outline-atomics -target-feature -fmv -D__GCC_HAVE_DWARF2_CFI_ASM=1 -o CMakeFiles/cmTC_e4a34.dir/CMakeCXXCompilerABI.cpp.o -x c++ /Users/davidframpton/Library/Android/sdk/cmake/3.22.1/share/cmake-3.22/Modules/CMakeCXXCompilerABI.cpp]
  ignore line: [clang -cc1 version 19.0.1 based upon LLVM 19.0.1 default target x86_64-apple-darwin25.6.0]
  ignore line: [ignoring nonexistent directory "/Users/davidframpton/Library/Android/sdk/ndk/28.2.13676358/toolchains/llvm/prebuilt/darwin-x86_64/sysroot/usr/local/include"]
  ignore line: [ignoring nonexistent directory "/Users/davidframpton/Library/Android/sdk/ndk/28.2.13676358/toolchains/llvm/prebuilt/darwin-x86_64/sysroot/include"]
  ignore line: [#include "..." search starts here:]
  ignore line: [#include <...> search starts here:]
  ignore line: [ /Users/davidframpton/Library/Android/sdk/ndk/28.2.13676358/toolchains/llvm/prebuilt/darwin-x86_64/sysroot/usr/include/c++/v1]
  ignore line: [ /Users/davidframpton/Library/Android/sdk/ndk/28.2.13676358/toolchains/llvm/prebuilt/darwin-x86_64/lib/clang/19/include]
  ignore line: [ /Users/davidframpton/Library/Android/sdk/ndk/28.2.13676358/toolchains/llvm/prebuilt/darwin-x86_64/sysroot/usr/include/aarch64-linux-android]
  ignore line: [ /Users/davidframpton/Library/Android/sdk/ndk/28.2.13676358/toolchains/llvm/prebuilt/darwin-x86_64/sysroot/usr/include]
  ignore line: [End of search list.]
  ignore line: [[2/2] Linking CXX executable cmTC_e4a34]
  ignore line: [Android (13624864  +pgo  -bolt  +lto  -mlgo  based on r530567e) clang version 19.0.1 (https://android.googlesource.com/toolchain/llvm-project 97a699bf4812a18fb657c2779f5296a4ab2694d2)]
  ignore line: [Target: aarch64-none-linux-android21]
  ignore line: [Thread model: posix]
  ignore line: [InstalledDir: /Users/davidframpton/Library/Android/sdk/ndk/28.2.13676358/toolchains/llvm/prebuilt/darwin-x86_64/bin]
  link line: [ "/Users/davidframpton/Library/Android/sdk/ndk/28.2.13676358/toolchains/llvm/prebuilt/darwin-x86_64/bin/ld.lld" --sysroot=/Users/davidframpton/Library/Android/sdk/ndk/28.2.13676358/toolchains/llvm/prebuilt/darwin-x86_64/sysroot -EL --fix-cortex-a53-843419 -z now -z relro -z max-page-size=16384 --hash-style=both --eh-frame-hdr -m aarch64linux -pie -dynamic-linker /system/bin/linker64 -o cmTC_e4a34 /Users/davidframpton/Library/Android/sdk/ndk/28.2.13676358/toolchains/llvm/prebuilt/darwin-x86_64/sysroot/usr/lib/aarch64-linux-android/21/crtbegin_dynamic.o -L/Users/davidframpton/Library/Android/sdk/ndk/28.2.13676358/toolchains/llvm/prebuilt/darwin-x86_64/lib/clang/19/lib/linux/aarch64 -L/Users/davidframpton/Library/Android/sdk/ndk/28.2.13676358/toolchains/llvm/prebuilt/darwin-x86_64/sysroot/usr/lib/aarch64-linux-android/21 -L/Users/davidframpton/Library/Android/sdk/ndk/28.2.13676358/toolchains/llvm/prebuilt/darwin-x86_64/sysroot/usr/lib/aarch64-linux-android -L/Users/davidframpton/Library/Android/sdk/ndk/28.2.13676358/toolchains/llvm/prebuilt/darwin-x86_64/sysroot/usr/lib --build-id=sha1 --no-rosegment --no-undefined-version --fatal-warnings --no-undefined CMakeFiles/cmTC_e4a34.dir/CMakeCXXCompilerABI.cpp.o -Bstatic -lc++ -Bdynamic -lm /Users/davidframpton/Library/Android/sdk/ndk/28.2.13676358/toolchains/llvm/prebuilt/darwin-x86_64/lib/clang/19/lib/linux/libclang_rt.builtins-aarch64-android.a -l:libunwind.a -ldl -lc /Users/davidframpton/Library/Android/sdk/ndk/28.2.13676358/toolchains/llvm/prebuilt/darwin-x86_64/lib/clang/19/lib/linux/libclang_rt.builtins-aarch64-android.a -l:libunwind.a -ldl /Users/davidframpton/Library/Android/sdk/ndk/28.2.13676358/toolchains/llvm/prebuilt/darwin-x86_64/sysroot/usr/lib/aarch64-linux-android/21/crtend_android.o]
    arg [/Users/davidframpton/Library/Android/sdk/ndk/28.2.13676358/toolchains/llvm/prebuilt/darwin-x86_64/bin/ld.lld] ==> ignore
    arg [--sysroot=/Users/davidframpton/Library/Android/sdk/ndk/28.2.13676358/toolchains/llvm/prebuilt/darwin-x86_64/sysroot] ==> ignore
    arg [-EL] ==> ignore
    arg [--fix-cortex-a53-843419] ==> ignore
    arg [-znow] ==> ignore
    arg [-zrelro] ==> ignore
    arg [-zmax-page-size=16384] ==> ignore
    arg [--hash-style=both] ==> ignore
    arg [--eh-frame-hdr] ==> ignore
    arg [-m] ==> ignore
    arg [aarch64linux] ==> ignore
    arg [-pie] ==> ignore
    arg [-dynamic-linker] ==> ignore
    arg [/system/bin/linker64] ==> ignore
    arg [-o] ==> ignore
    arg [cmTC_e4a34] ==> ignore
    arg [/Users/davidframpton/Library/Android/sdk/ndk/28.2.13676358/toolchains/llvm/prebuilt/darwin-x86_64/sysroot/usr/lib/aarch64-linux-android/21/crtbegin_dynamic.o] ==> obj [/Users/davidframpton/Library/Android/sdk/ndk/28.2.13676358/toolchains/llvm/prebuilt/darwin-x86_64/sysroot/usr/lib/aarch64-linux-android/21/crtbegin_dynamic.o]
    arg [-L/Users/davidframpton/Library/Android/sdk/ndk/28.2.13676358/toolchains/llvm/prebuilt/darwin-x86_64/lib/clang/19/lib/linux/aarch64] ==> dir [/Users/davidframpton/Library/Android/sdk/ndk/28.2.13676358/toolchains/llvm/prebuilt/darwin-x86_64/lib/clang/19/lib/linux/aarch64]
    arg [-L/Users/davidframpton/Library/Android/sdk/ndk/28.2.13676358/toolchains/llvm/prebuilt/darwin-x86_64/sysroot/usr/lib/aarch64-linux-android/21] ==> dir [/Users/davidframpton/Library/Android/sdk/ndk/28.2.13676358/toolchains/llvm/prebuilt/darwin-x86_64/sysroot/usr/lib/aarch64-linux-android/21]
    arg [-L/Users/davidframpton/Library/Android/sdk/ndk/28.2.13676358/toolchains/llvm/prebuilt/darwin-x86_64/sysroot/usr/lib/aarch64-linux-android] ==> dir [/Users/davidframpton/Library/Android/sdk/ndk/28.2.13676358/toolchains/llvm/prebuilt/darwin-x86_64/sysroot/usr/lib/aarch64-linux-android]
    arg [-L/Users/davidframpton/Library/Android/sdk/ndk/28.2.13676358/toolchains/llvm/prebuilt/darwin-x86_64/sysroot/usr/lib] ==> dir [/Users/davidframpton/Library/Android/sdk/ndk/28.2.13676358/toolchains/llvm/prebuilt/darwin-x86_64/sysroot/usr/lib]
    arg [--build-id=sha1] ==> ignore
    arg [--no-rosegment] ==> ignore
    arg [--no-undefined-version] ==> ignore
    arg [--fatal-warnings] ==> ignore
    arg [--no-undefined] ==> ignore
    arg [CMakeFiles/cmTC_e4a34.dir/CMakeCXXCompilerABI.cpp.o] ==> ignore
    arg [-Bstatic] ==> search static
    arg [-lc++] ==> lib [c++]
    arg [-Bdynamic] ==> search dynamic
    arg [-lm] ==> lib [m]
    arg [/Users/davidframpton/Library/Android/sdk/ndk/28.2.13676358/toolchains/llvm/prebuilt/darwin-x86_64/lib/clang/19/lib/linux/libclang_rt.builtins-aarch64-android.a] ==> lib [/Users/davidframpton/Library/Android/sdk/ndk/28.2.13676358/toolchains/llvm/prebuilt/darwin-x86_64/lib/clang/19/lib/linux/libclang_rt.builtins-aarch64-android.a]
    arg [-l:libunwind.a] ==> lib [-l:libunwind.a]
    arg [-ldl] ==> lib [dl]
    arg [-lc] ==> lib [c]
    arg [/Users/davidframpton/Library/Android/sdk/ndk/28.2.13676358/toolchains/llvm/prebuilt/darwin-x86_64/lib/clang/19/lib/linux/libclang_rt.builtins-aarch64-android.a] ==> lib [/Users/davidframpton/Library/Android/sdk/ndk/28.2.13676358/toolchains/llvm/prebuilt/darwin-x86_64/lib/clang/19/lib/linux/libclang_rt.builtins-aarch64-android.a]
    arg [-l:libunwind.a] ==> lib [-l:libunwind.a]
    arg [-ldl] ==> lib [dl]
    arg [/Users/davidframpton/Library/Android/sdk/ndk/28.2.13676358/toolchains/llvm/prebuilt/darwin-x86_64/sysroot/usr/lib/aarch64-linux-android/21/crtend_android.o] ==> obj [/Users/davidframpton/Library/Android/sdk/ndk/28.2.13676358/toolchains/llvm/prebuilt/darwin-x86_64/sysroot/usr/lib/aarch64-linux-android/21/crtend_android.o]
  remove lib [/Users/davidframpton/Library/Android/sdk/ndk/28.2.13676358/toolchains/llvm/prebuilt/darwin-x86_64/lib/clang/19/lib/linux/libclang_rt.builtins-aarch64-android.a]
  remove lib [/Users/davidframpton/Library/Android/sdk/ndk/28.2.13676358/toolchains/llvm/prebuilt/darwin-x86_64/lib/clang/19/lib/linux/libclang_rt.builtins-aarch64-android.a]
  collapse library dir [/Users/davidframpton/Library/Android/sdk/ndk/28.2.13676358/toolchains/llvm/prebuilt/darwin-x86_64/lib/clang/19/lib/linux/aarch64] ==> [/Users/davidframpton/Library/Android/sdk/ndk/28.2.13676358/toolchains/llvm/prebuilt/darwin-x86_64/lib/clang/19/lib/linux/aarch64]
  collapse library dir [/Users/davidframpton/Library/Android/sdk/ndk/28.2.13676358/toolchains/llvm/prebuilt/darwin-x86_64/sysroot/usr/lib/aarch64-linux-android/21] ==> [/Users/davidframpton/Library/Android/sdk/ndk/28.2.13676358/toolchains/llvm/prebuilt/darwin-x86_64/sysroot/usr/lib/aarch64-linux-android/21]
  collapse library dir [/Users/davidframpton/Library/Android/sdk/ndk/28.2.13676358/toolchains/llvm/prebuilt/darwin-x86_64/sysroot/usr/lib/aarch64-linux-android] ==> [/Users/davidframpton/Library/Android/sdk/ndk/28.2.13676358/toolchains/llvm/prebuilt/darwin-x86_64/sysroot/usr/lib/aarch64-linux-android]
  collapse library dir [/Users/davidframpton/Library/Android/sdk/ndk/28.2.13676358/toolchains/llvm/prebuilt/darwin-x86_64/sysroot/usr/lib] ==> [/Users/davidframpton/Library/Android/sdk/ndk/28.2.13676358/toolchains/llvm/prebuilt/darwin-x86_64/sysroot/usr/lib]
  implicit libs: [c++;m;-l:libunwind.a;dl;c;-l:libunwind.a;dl]
  implicit objs: [/Users/davidframpton/Library/Android/sdk/ndk/28.2.13676358/toolchains/llvm/prebuilt/darwin-x86_64/sysroot/usr/lib/aarch64-linux-android/21/crtbegin_dynamic.o;/Users/davidframpton/Library/Android/sdk/ndk/28.2.13676358/toolchains/llvm/prebuilt/darwin-x86_64/sysroot/usr/lib/aarch64-linux-android/21/crtend_android.o]
  implicit dirs: [/Users/davidframpton/Library/Android/sdk/ndk/28.2.13676358/toolchains/llvm/prebuilt/darwin-x86_64/lib/clang/19/lib/linux/aarch64;/Users/davidframpton/Library/Android/sdk/ndk/28.2.13676358/toolchains/llvm/prebuilt/darwin-x86_64/sysroot/usr/lib/aarch64-linux-android/21;/Users/davidframpton/Library/Android/sdk/ndk/28.2.13676358/toolchains/llvm/prebuilt/darwin-x86_64/sysroot/usr/lib/aarch64-linux-android;/Users/davidframpton/Library/Android/sdk/ndk/28.2.13676358/toolchains/llvm/prebuilt/darwin-x86_64/sysroot/usr/lib]
  implicit fwks: []


Performing C SOURCE FILE Test HAVE_GCC_WALL succeeded with the following output:
Change Dir: /Users/davidframpton/Documents/blockheads2/katipoBrowser/waraki/android/app/.cxx/RelWithDebInfo/1i4p5v6e/arm64-v8a/CMakeFiles/CMakeTmp

Run Build Command(s):/Users/davidframpton/Library/Android/sdk/cmake/3.22.1/bin/ninja cmTC_a6eff && [1/2] Building C object CMakeFiles/cmTC_a6eff.dir/src.c.o
[2/2] Linking C executable cmTC_a6eff


Source file was:
int main(void) { return 0; }
Performing C SOURCE FILE Test HAVE_GCC_WUNDEF succeeded with the following output:
Change Dir: /Users/davidframpton/Documents/blockheads2/katipoBrowser/waraki/android/app/.cxx/RelWithDebInfo/1i4p5v6e/arm64-v8a/CMakeFiles/CMakeTmp

Run Build Command(s):/Users/davidframpton/Library/Android/sdk/cmake/3.22.1/bin/ninja cmTC_f4f73 && [1/2] Building C object CMakeFiles/cmTC_f4f73.dir/src.c.o
[2/2] Linking C executable cmTC_f4f73


Source file was:
int main(void) { return 0; }
Performing C SOURCE FILE Test HAVE_GCC_WFLOAT_CONVERSION succeeded with the following output:
Change Dir: /Users/davidframpton/Documents/blockheads2/katipoBrowser/waraki/android/app/.cxx/RelWithDebInfo/1i4p5v6e/arm64-v8a/CMakeFiles/CMakeTmp

Run Build Command(s):/Users/davidframpton/Library/Android/sdk/cmake/3.22.1/bin/ninja cmTC_7153e && [1/2] Building C object CMakeFiles/cmTC_7153e.dir/src.c.o
[2/2] Linking C executable cmTC_7153e


Source file was:
int main(void) { return 0; }
Performing C SOURCE FILE Test HAVE_GCC_NO_STRICT_ALIASING succeeded with the following output:
Change Dir: /Users/davidframpton/Documents/blockheads2/katipoBrowser/waraki/android/app/.cxx/RelWithDebInfo/1i4p5v6e/arm64-v8a/CMakeFiles/CMakeTmp

Run Build Command(s):/Users/davidframpton/Library/Android/sdk/cmake/3.22.1/bin/ninja cmTC_13262 && [1/2] Building C object CMakeFiles/cmTC_13262.dir/src.c.o
[2/2] Linking C executable cmTC_13262


Source file was:
int main(void) { return 0; }
Performing C SOURCE FILE Test HAVE_GCC_WDOCUMENTATION succeeded with the following output:
Change Dir: /Users/davidframpton/Documents/blockheads2/katipoBrowser/waraki/android/app/.cxx/RelWithDebInfo/1i4p5v6e/arm64-v8a/CMakeFiles/CMakeTmp

Run Build Command(s):/Users/davidframpton/Library/Android/sdk/cmake/3.22.1/bin/ninja cmTC_d763e && [1/2] Building C object CMakeFiles/cmTC_d763e.dir/src.c.o
[2/2] Linking C executable cmTC_d763e


Source file was:
int main(void) { return 0; }
Performing C SOURCE FILE Test HAVE_GCC_WDOCUMENTATION_UNKNOWN_COMMAND succeeded with the following output:
Change Dir: /Users/davidframpton/Documents/blockheads2/katipoBrowser/waraki/android/app/.cxx/RelWithDebInfo/1i4p5v6e/arm64-v8a/CMakeFiles/CMakeTmp

Run Build Command(s):/Users/davidframpton/Library/Android/sdk/cmake/3.22.1/bin/ninja cmTC_3731a && [1/2] Building C object CMakeFiles/cmTC_3731a.dir/src.c.o
[2/2] Linking C executable cmTC_3731a


Source file was:
int main(void) { return 0; }
Performing C SOURCE FILE Test HAVE_GCC_COMMENT_BLOCK_COMMANDS succeeded with the following output:
Change Dir: /Users/davidframpton/Documents/blockheads2/katipoBrowser/waraki/android/app/.cxx/RelWithDebInfo/1i4p5v6e/arm64-v8a/CMakeFiles/CMakeTmp

Run Build Command(s):/Users/davidframpton/Library/Android/sdk/cmake/3.22.1/bin/ninja cmTC_ee0ba && [1/2] Building C object CMakeFiles/cmTC_ee0ba.dir/src.c.o
[2/2] Linking C executable cmTC_ee0ba


Source file was:
int main(void) { return 0; }
Performing C SOURCE FILE Test HAVE_GCC_WSHADOW succeeded with the following output:
Change Dir: /Users/davidframpton/Documents/blockheads2/katipoBrowser/waraki/android/app/.cxx/RelWithDebInfo/1i4p5v6e/arm64-v8a/CMakeFiles/CMakeTmp

Run Build Command(s):/Users/davidframpton/Library/Android/sdk/cmake/3.22.1/bin/ninja cmTC_89165 && [1/2] Building C object CMakeFiles/cmTC_89165.dir/src.c.o
[2/2] Linking C executable cmTC_89165


Source file was:
int main(void) { return 0; }
Performing C SOURCE FILE Test HAVE_GCC_WUNUSED_LOCAL_TYPEDEFS succeeded with the following output:
Change Dir: /Users/davidframpton/Documents/blockheads2/katipoBrowser/waraki/android/app/.cxx/RelWithDebInfo/1i4p5v6e/arm64-v8a/CMakeFiles/CMakeTmp

Run Build Command(s):/Users/davidframpton/Library/Android/sdk/cmake/3.22.1/bin/ninja cmTC_de0ff && [1/2] Building C object CMakeFiles/cmTC_de0ff.dir/src.c.o
[2/2] Linking C executable cmTC_de0ff


Source file was:
int main(void) { return 0; }
Performing C SOURCE FILE Test HAVE_GCC_WIMPLICIT_FALLTHROUGH succeeded with the following output:
Change Dir: /Users/davidframpton/Documents/blockheads2/katipoBrowser/waraki/android/app/.cxx/RelWithDebInfo/1i4p5v6e/arm64-v8a/CMakeFiles/CMakeTmp

Run Build Command(s):/Users/davidframpton/Library/Android/sdk/cmake/3.22.1/bin/ninja cmTC_32648 && [1/2] Building C object CMakeFiles/cmTC_32648.dir/src.c.o
[2/2] Linking C executable cmTC_32648


Source file was:
int main(void) { return 0; }
Performing C SOURCE FILE Test COMPILER_SUPPORTS_FCOLOR_DIAGNOSTICS succeeded with the following output:
Change Dir: /Users/davidframpton/Documents/blockheads2/katipoBrowser/waraki/android/app/.cxx/RelWithDebInfo/1i4p5v6e/arm64-v8a/CMakeFiles/CMakeTmp

Run Build Command(s):/Users/davidframpton/Library/Android/sdk/cmake/3.22.1/bin/ninja cmTC_e0ef9 && [1/2] Building C object CMakeFiles/cmTC_e0ef9.dir/src.c.o
[2/2] Linking C executable cmTC_e0ef9


Source file was:
int main(void) { return 0; }
Performing C SOURCE FILE Test HAVE_WL_VERSION_SCRIPT succeeded with the following output:
Change Dir: /Users/davidframpton/Documents/blockheads2/katipoBrowser/waraki/android/app/.cxx/RelWithDebInfo/1i4p5v6e/arm64-v8a/CMakeFiles/CMakeTmp

Run Build Command(s):/Users/davidframpton/Library/Android/sdk/cmake/3.22.1/bin/ninja cmTC_d1484 && [1/2] Building C object CMakeFiles/cmTC_d1484.dir/src.c.o
[2/2] Linking C executable cmTC_d1484


Source file was:
int func(void) {return 0;} int main(int argc,char*argv[]){(void)argc;(void)argv;return func();}
Performing C SOURCE FILE Test COMPILER_SUPPORTS_GCC_ATOMICS succeeded with the following output:
Change Dir: /Users/davidframpton/Documents/blockheads2/katipoBrowser/waraki/android/app/.cxx/RelWithDebInfo/1i4p5v6e/arm64-v8a/CMakeFiles/CMakeTmp

Run Build Command(s):/Users/davidframpton/Library/Android/sdk/cmake/3.22.1/bin/ninja cmTC_a7f31 && [1/2] Building C object CMakeFiles/cmTC_a7f31.dir/src.c.o
[2/2] Linking C executable cmTC_a7f31


Source file was:
int main(int argc, char **argv) {
        int a;
        void *x, *y, *z;
        __sync_lock_test_and_set(&a, 4);
        __sync_lock_test_and_set(&x, y);
        __sync_fetch_and_add(&a, 1);
        __sync_bool_compare_and_swap(&a, 5, 10);
        __sync_bool_compare_and_swap(&x, y, z);
        return 0; }
Performing C SOURCE FILE Test HAVE_GCC_FVISIBILITY succeeded with the following output:
Change Dir: /Users/davidframpton/Documents/blockheads2/katipoBrowser/waraki/android/app/.cxx/RelWithDebInfo/1i4p5v6e/arm64-v8a/CMakeFiles/CMakeTmp

Run Build Command(s):/Users/davidframpton/Library/Android/sdk/cmake/3.22.1/bin/ninja cmTC_87bad && [1/2] Building C object CMakeFiles/cmTC_87bad.dir/src.c.o
[2/2] Linking C executable cmTC_87bad


Source file was:

      #if !defined(__GNUC__) || __GNUC__ < 4
      #error SDL only uses visibility attributes in GCC 4 or newer
      #endif
      __attribute__((visibility("default"))) int foo(void);
      __attribute__((visibility("hidden")))  int bar(void);
      int foo(void) { return 0; }
      int bar(void) { return 1; }
      int main(void) { return 0; }
Performing C SOURCE FILE Test LINKER_SUPPORTS_WL_NO_UNDEFINED succeeded with the following output:
Change Dir: /Users/davidframpton/Documents/blockheads2/katipoBrowser/waraki/android/app/.cxx/RelWithDebInfo/1i4p5v6e/arm64-v8a/CMakeFiles/CMakeTmp

Run Build Command(s):/Users/davidframpton/Library/Android/sdk/cmake/3.22.1/bin/ninja cmTC_e7d13 && [1/2] Building C object CMakeFiles/cmTC_e7d13.dir/src.c.o
[2/2] Linking C executable cmTC_e7d13


Source file was:
int main() { return 0; }
Performing C SOURCE FILE Test COMPILER_SUPPORTS_ARMNEON succeeded with the following output:
Change Dir: /Users/davidframpton/Documents/blockheads2/katipoBrowser/waraki/android/app/.cxx/RelWithDebInfo/1i4p5v6e/arm64-v8a/CMakeFiles/CMakeTmp

Run Build Command(s):/Users/davidframpton/Library/Android/sdk/cmake/3.22.1/bin/ninja cmTC_4e23b && [1/2] Building C object CMakeFiles/cmTC_4e23b.dir/src.c.o
[2/2] Linking C executable cmTC_4e23b


Source file was:

    #if 0
    # if defined(__arm__) || defined(__aarch64__)
    #  define test_enabled 1
    # else
    #  define test_enabled 0 /* feign success in Apple multi-arch configs */
    # endif
    #else                    /* test normally */
    # define test_enabled 1
    #endif
    #if test_enabled
          #include <arm_neon.h>
      void floats_add(float *dest, float *a, float *b, unsigned size) {
        for (; size >= 4; size -= 4, dest += 4, a += 4, b += 4) {
          vst1q_f32(dest, vaddq_f32(vld1q_f32(a), vld1q_f32(b)));
        }
      }
      int main(int argc, char *argv[]) {
        floats_add((float*)0, (float*)0, (float*)0, 0);
        return 0;
      }
    #else
    int main(int argc, char *argv[]) {
      (void)argc;
      (void)argv;
      return 0;
    }
    #endif
Determining if the include file alloca.h exists passed with the following output:
Change Dir: /Users/davidframpton/Documents/blockheads2/katipoBrowser/waraki/android/app/.cxx/RelWithDebInfo/1i4p5v6e/arm64-v8a/CMakeFiles/CMakeTmp

Run Build Command(s):/Users/davidframpton/Library/Android/sdk/cmake/3.22.1/bin/ninja cmTC_d7435 && [1/2] Building C object CMakeFiles/cmTC_d7435.dir/CheckIncludeFile.c.o
[2/2] Linking C executable cmTC_d7435



Determining if the include file float.h exists passed with the following output:
Change Dir: /Users/davidframpton/Documents/blockheads2/katipoBrowser/waraki/android/app/.cxx/RelWithDebInfo/1i4p5v6e/arm64-v8a/CMakeFiles/CMakeTmp

Run Build Command(s):/Users/davidframpton/Library/Android/sdk/cmake/3.22.1/bin/ninja cmTC_7eb0e && [1/2] Building C object CMakeFiles/cmTC_7eb0e.dir/CheckIncludeFile.c.o
[2/2] Linking C executable cmTC_7eb0e



Determining if the include file iconv.h exists passed with the following output:
Change Dir: /Users/davidframpton/Documents/blockheads2/katipoBrowser/waraki/android/app/.cxx/RelWithDebInfo/1i4p5v6e/arm64-v8a/CMakeFiles/CMakeTmp

Run Build Command(s):/Users/davidframpton/Library/Android/sdk/cmake/3.22.1/bin/ninja cmTC_bd68e && [1/2] Building C object CMakeFiles/cmTC_bd68e.dir/CheckIncludeFile.c.o
[2/2] Linking C executable cmTC_bd68e



Determining if the include file inttypes.h exists passed with the following output:
Change Dir: /Users/davidframpton/Documents/blockheads2/katipoBrowser/waraki/android/app/.cxx/RelWithDebInfo/1i4p5v6e/arm64-v8a/CMakeFiles/CMakeTmp

Run Build Command(s):/Users/davidframpton/Library/Android/sdk/cmake/3.22.1/bin/ninja cmTC_c3447 && [1/2] Building C object CMakeFiles/cmTC_c3447.dir/CheckIncludeFile.c.o
[2/2] Linking C executable cmTC_c3447



Determining if the include file limits.h exists passed with the following output:
Change Dir: /Users/davidframpton/Documents/blockheads2/katipoBrowser/waraki/android/app/.cxx/RelWithDebInfo/1i4p5v6e/arm64-v8a/CMakeFiles/CMakeTmp

Run Build Command(s):/Users/davidframpton/Library/Android/sdk/cmake/3.22.1/bin/ninja cmTC_636d5 && [1/2] Building C object CMakeFiles/cmTC_636d5.dir/CheckIncludeFile.c.o
[2/2] Linking C executable cmTC_636d5



Determining if the include file malloc.h exists passed with the following output:
Change Dir: /Users/davidframpton/Documents/blockheads2/katipoBrowser/waraki/android/app/.cxx/RelWithDebInfo/1i4p5v6e/arm64-v8a/CMakeFiles/CMakeTmp

Run Build Command(s):/Users/davidframpton/Library/Android/sdk/cmake/3.22.1/bin/ninja cmTC_3647a && [1/2] Building C object CMakeFiles/cmTC_3647a.dir/CheckIncludeFile.c.o
[2/2] Linking C executable cmTC_3647a



Determining if the include file math.h exists passed with the following output:
Change Dir: /Users/davidframpton/Documents/blockheads2/katipoBrowser/waraki/android/app/.cxx/RelWithDebInfo/1i4p5v6e/arm64-v8a/CMakeFiles/CMakeTmp

Run Build Command(s):/Users/davidframpton/Library/Android/sdk/cmake/3.22.1/bin/ninja cmTC_d4770 && [1/2] Building C object CMakeFiles/cmTC_d4770.dir/CheckIncludeFile.c.o
[2/2] Linking C executable cmTC_d4770



Determining if the include file memory.h exists passed with the following output:
Change Dir: /Users/davidframpton/Documents/blockheads2/katipoBrowser/waraki/android/app/.cxx/RelWithDebInfo/1i4p5v6e/arm64-v8a/CMakeFiles/CMakeTmp

Run Build Command(s):/Users/davidframpton/Library/Android/sdk/cmake/3.22.1/bin/ninja cmTC_e464c && [1/2] Building C object CMakeFiles/cmTC_e464c.dir/CheckIncludeFile.c.o
[2/2] Linking C executable cmTC_e464c



Determining if the include file signal.h exists passed with the following output:
Change Dir: /Users/davidframpton/Documents/blockheads2/katipoBrowser/waraki/android/app/.cxx/RelWithDebInfo/1i4p5v6e/arm64-v8a/CMakeFiles/CMakeTmp

Run Build Command(s):/Users/davidframpton/Library/Android/sdk/cmake/3.22.1/bin/ninja cmTC_fe800 && [1/2] Building C object CMakeFiles/cmTC_fe800.dir/CheckIncludeFile.c.o
[2/2] Linking C executable cmTC_fe800



Determining if the include file stdarg.h exists passed with the following output:
Change Dir: /Users/davidframpton/Documents/blockheads2/katipoBrowser/waraki/android/app/.cxx/RelWithDebInfo/1i4p5v6e/arm64-v8a/CMakeFiles/CMakeTmp

Run Build Command(s):/Users/davidframpton/Library/Android/sdk/cmake/3.22.1/bin/ninja cmTC_c2c0f && [1/2] Building C object CMakeFiles/cmTC_c2c0f.dir/CheckIncludeFile.c.o
[2/2] Linking C executable cmTC_c2c0f



Determining if the include file stdbool.h exists passed with the following output:
Change Dir: /Users/davidframpton/Documents/blockheads2/katipoBrowser/waraki/android/app/.cxx/RelWithDebInfo/1i4p5v6e/arm64-v8a/CMakeFiles/CMakeTmp

Run Build Command(s):/Users/davidframpton/Library/Android/sdk/cmake/3.22.1/bin/ninja cmTC_7e595 && [1/2] Building C object CMakeFiles/cmTC_7e595.dir/CheckIncludeFile.c.o
[2/2] Linking C executable cmTC_7e595



Determining if the include file stddef.h exists passed with the following output:
Change Dir: /Users/davidframpton/Documents/blockheads2/katipoBrowser/waraki/android/app/.cxx/RelWithDebInfo/1i4p5v6e/arm64-v8a/CMakeFiles/CMakeTmp

Run Build Command(s):/Users/davidframpton/Library/Android/sdk/cmake/3.22.1/bin/ninja cmTC_6fe10 && [1/2] Building C object CMakeFiles/cmTC_6fe10.dir/CheckIncludeFile.c.o
[2/2] Linking C executable cmTC_6fe10



Determining if the include file stdint.h exists passed with the following output:
Change Dir: /Users/davidframpton/Documents/blockheads2/katipoBrowser/waraki/android/app/.cxx/RelWithDebInfo/1i4p5v6e/arm64-v8a/CMakeFiles/CMakeTmp

Run Build Command(s):/Users/davidframpton/Library/Android/sdk/cmake/3.22.1/bin/ninja cmTC_504f8 && [1/2] Building C object CMakeFiles/cmTC_504f8.dir/CheckIncludeFile.c.o
[2/2] Linking C executable cmTC_504f8



Determining if the include file stdio.h exists passed with the following output:
Change Dir: /Users/davidframpton/Documents/blockheads2/katipoBrowser/waraki/android/app/.cxx/RelWithDebInfo/1i4p5v6e/arm64-v8a/CMakeFiles/CMakeTmp

Run Build Command(s):/Users/davidframpton/Library/Android/sdk/cmake/3.22.1/bin/ninja cmTC_81489 && [1/2] Building C object CMakeFiles/cmTC_81489.dir/CheckIncludeFile.c.o
[2/2] Linking C executable cmTC_81489



Determining if the include file stdlib.h exists passed with the following output:
Change Dir: /Users/davidframpton/Documents/blockheads2/katipoBrowser/waraki/android/app/.cxx/RelWithDebInfo/1i4p5v6e/arm64-v8a/CMakeFiles/CMakeTmp

Run Build Command(s):/Users/davidframpton/Library/Android/sdk/cmake/3.22.1/bin/ninja cmTC_4af95 && [1/2] Building C object CMakeFiles/cmTC_4af95.dir/CheckIncludeFile.c.o
[2/2] Linking C executable cmTC_4af95



Determining if the include file string.h exists passed with the following output:
Change Dir: /Users/davidframpton/Documents/blockheads2/katipoBrowser/waraki/android/app/.cxx/RelWithDebInfo/1i4p5v6e/arm64-v8a/CMakeFiles/CMakeTmp

Run Build Command(s):/Users/davidframpton/Library/Android/sdk/cmake/3.22.1/bin/ninja cmTC_21147 && [1/2] Building C object CMakeFiles/cmTC_21147.dir/CheckIncludeFile.c.o
[2/2] Linking C executable cmTC_21147



Determining if the include file strings.h exists passed with the following output:
Change Dir: /Users/davidframpton/Documents/blockheads2/katipoBrowser/waraki/android/app/.cxx/RelWithDebInfo/1i4p5v6e/arm64-v8a/CMakeFiles/CMakeTmp

Run Build Command(s):/Users/davidframpton/Library/Android/sdk/cmake/3.22.1/bin/ninja cmTC_58df0 && [1/2] Building C object CMakeFiles/cmTC_58df0.dir/CheckIncludeFile.c.o
[2/2] Linking C executable cmTC_58df0



Determining if the include file sys/types.h exists passed with the following output:
Change Dir: /Users/davidframpton/Documents/blockheads2/katipoBrowser/waraki/android/app/.cxx/RelWithDebInfo/1i4p5v6e/arm64-v8a/CMakeFiles/CMakeTmp

Run Build Command(s):/Users/davidframpton/Library/Android/sdk/cmake/3.22.1/bin/ninja cmTC_dc76d && [1/2] Building C object CMakeFiles/cmTC_dc76d.dir/CheckIncludeFile.c.o
[2/2] Linking C executable cmTC_dc76d



Determining if the include file time.h exists passed with the following output:
Change Dir: /Users/davidframpton/Documents/blockheads2/katipoBrowser/waraki/android/app/.cxx/RelWithDebInfo/1i4p5v6e/arm64-v8a/CMakeFiles/CMakeTmp

Run Build Command(s):/Users/davidframpton/Library/Android/sdk/cmake/3.22.1/bin/ninja cmTC_b3094 && [1/2] Building C object CMakeFiles/cmTC_b3094.dir/CheckIncludeFile.c.o
[2/2] Linking C executable cmTC_b3094



Determining if the include file wchar.h exists passed with the following output:
Change Dir: /Users/davidframpton/Documents/blockheads2/katipoBrowser/waraki/android/app/.cxx/RelWithDebInfo/1i4p5v6e/arm64-v8a/CMakeFiles/CMakeTmp

Run Build Command(s):/Users/davidframpton/Library/Android/sdk/cmake/3.22.1/bin/ninja cmTC_8e0d7 && [1/2] Building C object CMakeFiles/cmTC_8e0d7.dir/CheckIncludeFile.c.o
[2/2] Linking C executable cmTC_8e0d7



Determining if the function pow exists in the m passed with the following output:
Change Dir: /Users/davidframpton/Documents/blockheads2/katipoBrowser/waraki/android/app/.cxx/RelWithDebInfo/1i4p5v6e/arm64-v8a/CMakeFiles/CMakeTmp

Run Build Command(s):/Users/davidframpton/Library/Android/sdk/cmake/3.22.1/bin/ninja cmTC_e541a && [1/2] Building C object CMakeFiles/cmTC_e541a.dir/CheckFunctionExists.c.o
/Users/davidframpton/Library/Android/sdk/cmake/3.22.1/share/cmake-3.22/Modules/CheckFunctionExists.c:7:3: warning: incompatible redeclaration of library function 'pow' [-Wincompatible-library-redeclaration]
    7 |   CHECK_FUNCTION_EXISTS(void);
      |   ^
<command line>:3:31: note: expanded from macro 'CHECK_FUNCTION_EXISTS'
    3 | #define CHECK_FUNCTION_EXISTS pow
      |                               ^
/Users/davidframpton/Library/Android/sdk/cmake/3.22.1/share/cmake-3.22/Modules/CheckFunctionExists.c:7:3: note: 'pow' is a builtin with type 'double (double, double)'
<command line>:3:31: note: expanded from macro 'CHECK_FUNCTION_EXISTS'
    3 | #define CHECK_FUNCTION_EXISTS pow
      |                               ^
1 warning generated.
[2/2] Linking C executable cmTC_e541a



Determining if the abs exist passed with the following output:
Change Dir: /Users/davidframpton/Documents/blockheads2/katipoBrowser/waraki/android/app/.cxx/RelWithDebInfo/1i4p5v6e/arm64-v8a/CMakeFiles/CMakeTmp

Run Build Command(s):/Users/davidframpton/Library/Android/sdk/cmake/3.22.1/bin/ninja cmTC_08d65 && [1/2] Building C object CMakeFiles/cmTC_08d65.dir/CheckSymbolExists.c.o
[2/2] Linking C executable cmTC_08d65


File /Users/davidframpton/Documents/blockheads2/katipoBrowser/waraki/android/app/.cxx/RelWithDebInfo/1i4p5v6e/arm64-v8a/CMakeFiles/CMakeTmp/CheckSymbolExists.c:
/* */
#include <float.h>
#include <iconv.h>
#include <inttypes.h>
#include <limits.h>
#include <malloc.h>
#include <math.h>
#include <memory.h>
#include <signal.h>
#include <stdarg.h>
#include <stdbool.h>
#include <stddef.h>
#include <stdint.h>
#include <stdio.h>
#include <stdlib.h>
#include <string.h>
#include <strings.h>
#include <sys/types.h>
#include <time.h>
#include <wchar.h>

int main(int argc, char** argv)
{
  (void)argv;
#ifndef abs
  return ((int*)(&abs))[argc];
#else
  (void)argc;
  return 0;
#endif
}
Determining if the acos exist passed with the following output:
Change Dir: /Users/davidframpton/Documents/blockheads2/katipoBrowser/waraki/android/app/.cxx/RelWithDebInfo/1i4p5v6e/arm64-v8a/CMakeFiles/CMakeTmp

Run Build Command(s):/Users/davidframpton/Library/Android/sdk/cmake/3.22.1/bin/ninja cmTC_0a10e && [1/2] Building C object CMakeFiles/cmTC_0a10e.dir/CheckSymbolExists.c.o
[2/2] Linking C executable cmTC_0a10e


File /Users/davidframpton/Documents/blockheads2/katipoBrowser/waraki/android/app/.cxx/RelWithDebInfo/1i4p5v6e/arm64-v8a/CMakeFiles/CMakeTmp/CheckSymbolExists.c:
/* */
#include <float.h>
#include <iconv.h>
#include <inttypes.h>
#include <limits.h>
#include <malloc.h>
#include <math.h>
#include <memory.h>
#include <signal.h>
#include <stdarg.h>
#include <stdbool.h>
#include <stddef.h>
#include <stdint.h>
#include <stdio.h>
#include <stdlib.h>
#include <string.h>
#include <strings.h>
#include <sys/types.h>
#include <time.h>
#include <wchar.h>

int main(int argc, char** argv)
{
  (void)argv;
#ifndef acos
  return ((int*)(&acos))[argc];
#else
  (void)argc;
  return 0;
#endif
}
Determining if the acosf exist passed with the following output:
Change Dir: /Users/davidframpton/Documents/blockheads2/katipoBrowser/waraki/android/app/.cxx/RelWithDebInfo/1i4p5v6e/arm64-v8a/CMakeFiles/CMakeTmp

Run Build Command(s):/Users/davidframpton/Library/Android/sdk/cmake/3.22.1/bin/ninja cmTC_356e2 && [1/2] Building C object CMakeFiles/cmTC_356e2.dir/CheckSymbolExists.c.o
[2/2] Linking C executable cmTC_356e2


File /Users/davidframpton/Documents/blockheads2/katipoBrowser/waraki/android/app/.cxx/RelWithDebInfo/1i4p5v6e/arm64-v8a/CMakeFiles/CMakeTmp/CheckSymbolExists.c:
/* */
#include <float.h>
#include <iconv.h>
#include <inttypes.h>
#include <limits.h>
#include <malloc.h>
#include <math.h>
#include <memory.h>
#include <signal.h>
#include <stdarg.h>
#include <stdbool.h>
#include <stddef.h>
#include <stdint.h>
#include <stdio.h>
#include <stdlib.h>
#include <string.h>
#include <strings.h>
#include <sys/types.h>
#include <time.h>
#include <wchar.h>

int main(int argc, char** argv)
{
  (void)argv;
#ifndef acosf
  return ((int*)(&acosf))[argc];
#else
  (void)argc;
  return 0;
#endif
}
Determining if the asin exist passed with the following output:
Change Dir: /Users/davidframpton/Documents/blockheads2/katipoBrowser/waraki/android/app/.cxx/RelWithDebInfo/1i4p5v6e/arm64-v8a/CMakeFiles/CMakeTmp

Run Build Command(s):/Users/davidframpton/Library/Android/sdk/cmake/3.22.1/bin/ninja cmTC_d5913 && [1/2] Building C object CMakeFiles/cmTC_d5913.dir/CheckSymbolExists.c.o
[2/2] Linking C executable cmTC_d5913


File /Users/davidframpton/Documents/blockheads2/katipoBrowser/waraki/android/app/.cxx/RelWithDebInfo/1i4p5v6e/arm64-v8a/CMakeFiles/CMakeTmp/CheckSymbolExists.c:
/* */
#include <float.h>
#include <iconv.h>
#include <inttypes.h>
#include <limits.h>
#include <malloc.h>
#include <math.h>
#include <memory.h>
#include <signal.h>
#include <stdarg.h>
#include <stdbool.h>
#include <stddef.h>
#include <stdint.h>
#include <stdio.h>
#include <stdlib.h>
#include <string.h>
#include <strings.h>
#include <sys/types.h>
#include <time.h>
#include <wchar.h>

int main(int argc, char** argv)
{
  (void)argv;
#ifndef asin
  return ((int*)(&asin))[argc];
#else
  (void)argc;
  return 0;
#endif
}
Determining if the asinf exist passed with the following output:
Change Dir: /Users/davidframpton/Documents/blockheads2/katipoBrowser/waraki/android/app/.cxx/RelWithDebInfo/1i4p5v6e/arm64-v8a/CMakeFiles/CMakeTmp

Run Build Command(s):/Users/davidframpton/Library/Android/sdk/cmake/3.22.1/bin/ninja cmTC_84d37 && [1/2] Building C object CMakeFiles/cmTC_84d37.dir/CheckSymbolExists.c.o
[2/2] Linking C executable cmTC_84d37


File /Users/davidframpton/Documents/blockheads2/katipoBrowser/waraki/android/app/.cxx/RelWithDebInfo/1i4p5v6e/arm64-v8a/CMakeFiles/CMakeTmp/CheckSymbolExists.c:
/* */
#include <float.h>
#include <iconv.h>
#include <inttypes.h>
#include <limits.h>
#include <malloc.h>
#include <math.h>
#include <memory.h>
#include <signal.h>
#include <stdarg.h>
#include <stdbool.h>
#include <stddef.h>
#include <stdint.h>
#include <stdio.h>
#include <stdlib.h>
#include <string.h>
#include <strings.h>
#include <sys/types.h>
#include <time.h>
#include <wchar.h>

int main(int argc, char** argv)
{
  (void)argv;
#ifndef asinf
  return ((int*)(&asinf))[argc];
#else
  (void)argc;
  return 0;
#endif
}
Determining if the atan exist passed with the following output:
Change Dir: /Users/davidframpton/Documents/blockheads2/katipoBrowser/waraki/android/app/.cxx/RelWithDebInfo/1i4p5v6e/arm64-v8a/CMakeFiles/CMakeTmp

Run Build Command(s):/Users/davidframpton/Library/Android/sdk/cmake/3.22.1/bin/ninja cmTC_9f9d9 && [1/2] Building C object CMakeFiles/cmTC_9f9d9.dir/CheckSymbolExists.c.o
[2/2] Linking C executable cmTC_9f9d9


File /Users/davidframpton/Documents/blockheads2/katipoBrowser/waraki/android/app/.cxx/RelWithDebInfo/1i4p5v6e/arm64-v8a/CMakeFiles/CMakeTmp/CheckSymbolExists.c:
/* */
#include <float.h>
#include <iconv.h>
#include <inttypes.h>
#include <limits.h>
#include <malloc.h>
#include <math.h>
#include <memory.h>
#include <signal.h>
#include <stdarg.h>
#include <stdbool.h>
#include <stddef.h>
#include <stdint.h>
#include <stdio.h>
#include <stdlib.h>
#include <string.h>
#include <strings.h>
#include <sys/types.h>
#include <time.h>
#include <wchar.h>

int main(int argc, char** argv)
{
  (void)argv;
#ifndef atan
  return ((int*)(&atan))[argc];
#else
  (void)argc;
  return 0;
#endif
}
Determining if the atan2 exist passed with the following output:
Change Dir: /Users/davidframpton/Documents/blockheads2/katipoBrowser/waraki/android/app/.cxx/RelWithDebInfo/1i4p5v6e/arm64-v8a/CMakeFiles/CMakeTmp

Run Build Command(s):/Users/davidframpton/Library/Android/sdk/cmake/3.22.1/bin/ninja cmTC_9a291 && [1/2] Building C object CMakeFiles/cmTC_9a291.dir/CheckSymbolExists.c.o
[2/2] Linking C executable cmTC_9a291


File /Users/davidframpton/Documents/blockheads2/katipoBrowser/waraki/android/app/.cxx/RelWithDebInfo/1i4p5v6e/arm64-v8a/CMakeFiles/CMakeTmp/CheckSymbolExists.c:
/* */
#include <float.h>
#include <iconv.h>
#include <inttypes.h>
#include <limits.h>
#include <malloc.h>
#include <math.h>
#include <memory.h>
#include <signal.h>
#include <stdarg.h>
#include <stdbool.h>
#include <stddef.h>
#include <stdint.h>
#include <stdio.h>
#include <stdlib.h>
#include <string.h>
#include <strings.h>
#include <sys/types.h>
#include <time.h>
#include <wchar.h>

int main(int argc, char** argv)
{
  (void)argv;
#ifndef atan2
  return ((int*)(&atan2))[argc];
#else
  (void)argc;
  return 0;
#endif
}
Determining if the atan2f exist passed with the following output:
Change Dir: /Users/davidframpton/Documents/blockheads2/katipoBrowser/waraki/android/app/.cxx/RelWithDebInfo/1i4p5v6e/arm64-v8a/CMakeFiles/CMakeTmp

Run Build Command(s):/Users/davidframpton/Library/Android/sdk/cmake/3.22.1/bin/ninja cmTC_089ce && [1/2] Building C object CMakeFiles/cmTC_089ce.dir/CheckSymbolExists.c.o
[2/2] Linking C executable cmTC_089ce


File /Users/davidframpton/Documents/blockheads2/katipoBrowser/waraki/android/app/.cxx/RelWithDebInfo/1i4p5v6e/arm64-v8a/CMakeFiles/CMakeTmp/CheckSymbolExists.c:
/* */
#include <float.h>
#include <iconv.h>
#include <inttypes.h>
#include <limits.h>
#include <malloc.h>
#include <math.h>
#include <memory.h>
#include <signal.h>
#include <stdarg.h>
#include <stdbool.h>
#include <stddef.h>
#include <stdint.h>
#include <stdio.h>
#include <stdlib.h>
#include <string.h>
#include <strings.h>
#include <sys/types.h>
#include <time.h>
#include <wchar.h>

int main(int argc, char** argv)
{
  (void)argv;
#ifndef atan2f
  return ((int*)(&atan2f))[argc];
#else
  (void)argc;
  return 0;
#endif
}
Determining if the atanf exist passed with the following output:
Change Dir: /Users/davidframpton/Documents/blockheads2/katipoBrowser/waraki/android/app/.cxx/RelWithDebInfo/1i4p5v6e/arm64-v8a/CMakeFiles/CMakeTmp

Run Build Command(s):/Users/davidframpton/Library/Android/sdk/cmake/3.22.1/bin/ninja cmTC_c7afb && [1/2] Building C object CMakeFiles/cmTC_c7afb.dir/CheckSymbolExists.c.o
[2/2] Linking C executable cmTC_c7afb


File /Users/davidframpton/Documents/blockheads2/katipoBrowser/waraki/android/app/.cxx/RelWithDebInfo/1i4p5v6e/arm64-v8a/CMakeFiles/CMakeTmp/CheckSymbolExists.c:
/* */
#include <float.h>
#include <iconv.h>
#include <inttypes.h>
#include <limits.h>
#include <malloc.h>
#include <math.h>
#include <memory.h>
#include <signal.h>
#include <stdarg.h>
#include <stdbool.h>
#include <stddef.h>
#include <stdint.h>
#include <stdio.h>
#include <stdlib.h>
#include <string.h>
#include <strings.h>
#include <sys/types.h>
#include <time.h>
#include <wchar.h>

int main(int argc, char** argv)
{
  (void)argv;
#ifndef atanf
  return ((int*)(&atanf))[argc];
#else
  (void)argc;
  return 0;
#endif
}
Determining if the atof exist passed with the following output:
Change Dir: /Users/davidframpton/Documents/blockheads2/katipoBrowser/waraki/android/app/.cxx/RelWithDebInfo/1i4p5v6e/arm64-v8a/CMakeFiles/CMakeTmp

Run Build Command(s):/Users/davidframpton/Library/Android/sdk/cmake/3.22.1/bin/ninja cmTC_24f1a && [1/2] Building C object CMakeFiles/cmTC_24f1a.dir/CheckSymbolExists.c.o
[2/2] Linking C executable cmTC_24f1a


File /Users/davidframpton/Documents/blockheads2/katipoBrowser/waraki/android/app/.cxx/RelWithDebInfo/1i4p5v6e/arm64-v8a/CMakeFiles/CMakeTmp/CheckSymbolExists.c:
/* */
#include <float.h>
#include <iconv.h>
#include <inttypes.h>
#include <limits.h>
#include <malloc.h>
#include <math.h>
#include <memory.h>
#include <signal.h>
#include <stdarg.h>
#include <stdbool.h>
#include <stddef.h>
#include <stdint.h>
#include <stdio.h>
#include <stdlib.h>
#include <string.h>
#include <strings.h>
#include <sys/types.h>
#include <time.h>
#include <wchar.h>

int main(int argc, char** argv)
{
  (void)argv;
#ifndef atof
  return ((int*)(&atof))[argc];
#else
  (void)argc;
  return 0;
#endif
}
Determining if the atoi exist passed with the following output:
Change Dir: /Users/davidframpton/Documents/blockheads2/katipoBrowser/waraki/android/app/.cxx/RelWithDebInfo/1i4p5v6e/arm64-v8a/CMakeFiles/CMakeTmp

Run Build Command(s):/Users/davidframpton/Library/Android/sdk/cmake/3.22.1/bin/ninja cmTC_8b153 && [1/2] Building C object CMakeFiles/cmTC_8b153.dir/CheckSymbolExists.c.o
[2/2] Linking C executable cmTC_8b153


File /Users/davidframpton/Documents/blockheads2/katipoBrowser/waraki/android/app/.cxx/RelWithDebInfo/1i4p5v6e/arm64-v8a/CMakeFiles/CMakeTmp/CheckSymbolExists.c:
/* */
#include <float.h>
#include <iconv.h>
#include <inttypes.h>
#include <limits.h>
#include <malloc.h>
#include <math.h>
#include <memory.h>
#include <signal.h>
#include <stdarg.h>
#include <stdbool.h>
#include <stddef.h>
#include <stdint.h>
#include <stdio.h>
#include <stdlib.h>
#include <string.h>
#include <strings.h>
#include <sys/types.h>
#include <time.h>
#include <wchar.h>

int main(int argc, char** argv)
{
  (void)argv;
#ifndef atoi
  return ((int*)(&atoi))[argc];
#else
  (void)argc;
  return 0;
#endif
}
Determining if the bcopy exist passed with the following output:
Change Dir: /Users/davidframpton/Documents/blockheads2/katipoBrowser/waraki/android/app/.cxx/RelWithDebInfo/1i4p5v6e/arm64-v8a/CMakeFiles/CMakeTmp

Run Build Command(s):/Users/davidframpton/Library/Android/sdk/cmake/3.22.1/bin/ninja cmTC_6da5b && [1/2] Building C object CMakeFiles/cmTC_6da5b.dir/CheckSymbolExists.c.o
[2/2] Linking C executable cmTC_6da5b


File /Users/davidframpton/Documents/blockheads2/katipoBrowser/waraki/android/app/.cxx/RelWithDebInfo/1i4p5v6e/arm64-v8a/CMakeFiles/CMakeTmp/CheckSymbolExists.c:
/* */
#include <float.h>
#include <iconv.h>
#include <inttypes.h>
#include <limits.h>
#include <malloc.h>
#include <math.h>
#include <memory.h>
#include <signal.h>
#include <stdarg.h>
#include <stdbool.h>
#include <stddef.h>
#include <stdint.h>
#include <stdio.h>
#include <stdlib.h>
#include <string.h>
#include <strings.h>
#include <sys/types.h>
#include <time.h>
#include <wchar.h>

int main(int argc, char** argv)
{
  (void)argv;
#ifndef bcopy
  return ((int*)(&bcopy))[argc];
#else
  (void)argc;
  return 0;
#endif
}
Determining if the ceil exist passed with the following output:
Change Dir: /Users/davidframpton/Documents/blockheads2/katipoBrowser/waraki/android/app/.cxx/RelWithDebInfo/1i4p5v6e/arm64-v8a/CMakeFiles/CMakeTmp

Run Build Command(s):/Users/davidframpton/Library/Android/sdk/cmake/3.22.1/bin/ninja cmTC_6503a && [1/2] Building C object CMakeFiles/cmTC_6503a.dir/CheckSymbolExists.c.o
[2/2] Linking C executable cmTC_6503a


File /Users/davidframpton/Documents/blockheads2/katipoBrowser/waraki/android/app/.cxx/RelWithDebInfo/1i4p5v6e/arm64-v8a/CMakeFiles/CMakeTmp/CheckSymbolExists.c:
/* */
#include <float.h>
#include <iconv.h>
#include <inttypes.h>
#include <limits.h>
#include <malloc.h>
#include <math.h>
#include <memory.h>
#include <signal.h>
#include <stdarg.h>
#include <stdbool.h>
#include <stddef.h>
#include <stdint.h>
#include <stdio.h>
#include <stdlib.h>
#include <string.h>
#include <strings.h>
#include <sys/types.h>
#include <time.h>
#include <wchar.h>

int main(int argc, char** argv)
{
  (void)argv;
#ifndef ceil
  return ((int*)(&ceil))[argc];
#else
  (void)argc;
  return 0;
#endif
}
Determining if the ceilf exist passed with the following output:
Change Dir: /Users/davidframpton/Documents/blockheads2/katipoBrowser/waraki/android/app/.cxx/RelWithDebInfo/1i4p5v6e/arm64-v8a/CMakeFiles/CMakeTmp

Run Build Command(s):/Users/davidframpton/Library/Android/sdk/cmake/3.22.1/bin/ninja cmTC_9989a && [1/2] Building C object CMakeFiles/cmTC_9989a.dir/CheckSymbolExists.c.o
[2/2] Linking C executable cmTC_9989a


File /Users/davidframpton/Documents/blockheads2/katipoBrowser/waraki/android/app/.cxx/RelWithDebInfo/1i4p5v6e/arm64-v8a/CMakeFiles/CMakeTmp/CheckSymbolExists.c:
/* */
#include <float.h>
#include <iconv.h>
#include <inttypes.h>
#include <limits.h>
#include <malloc.h>
#include <math.h>
#include <memory.h>
#include <signal.h>
#include <stdarg.h>
#include <stdbool.h>
#include <stddef.h>
#include <stdint.h>
#include <stdio.h>
#include <stdlib.h>
#include <string.h>
#include <strings.h>
#include <sys/types.h>
#include <time.h>
#include <wchar.h>

int main(int argc, char** argv)
{
  (void)argv;
#ifndef ceilf
  return ((int*)(&ceilf))[argc];
#else
  (void)argc;
  return 0;
#endif
}
Determining if the copysign exist passed with the following output:
Change Dir: /Users/davidframpton/Documents/blockheads2/katipoBrowser/waraki/android/app/.cxx/RelWithDebInfo/1i4p5v6e/arm64-v8a/CMakeFiles/CMakeTmp

Run Build Command(s):/Users/davidframpton/Library/Android/sdk/cmake/3.22.1/bin/ninja cmTC_3cf6b && [1/2] Building C object CMakeFiles/cmTC_3cf6b.dir/CheckSymbolExists.c.o
[2/2] Linking C executable cmTC_3cf6b


File /Users/davidframpton/Documents/blockheads2/katipoBrowser/waraki/android/app/.cxx/RelWithDebInfo/1i4p5v6e/arm64-v8a/CMakeFiles/CMakeTmp/CheckSymbolExists.c:
/* */
#include <float.h>
#include <iconv.h>
#include <inttypes.h>
#include <limits.h>
#include <malloc.h>
#include <math.h>
#include <memory.h>
#include <signal.h>
#include <stdarg.h>
#include <stdbool.h>
#include <stddef.h>
#include <stdint.h>
#include <stdio.h>
#include <stdlib.h>
#include <string.h>
#include <strings.h>
#include <sys/types.h>
#include <time.h>
#include <wchar.h>

int main(int argc, char** argv)
{
  (void)argv;
#ifndef copysign
  return ((int*)(&copysign))[argc];
#else
  (void)argc;
  return 0;
#endif
}
Determining if the copysignf exist passed with the following output:
Change Dir: /Users/davidframpton/Documents/blockheads2/katipoBrowser/waraki/android/app/.cxx/RelWithDebInfo/1i4p5v6e/arm64-v8a/CMakeFiles/CMakeTmp

Run Build Command(s):/Users/davidframpton/Library/Android/sdk/cmake/3.22.1/bin/ninja cmTC_c42e1 && [1/2] Building C object CMakeFiles/cmTC_c42e1.dir/CheckSymbolExists.c.o
[2/2] Linking C executable cmTC_c42e1


File /Users/davidframpton/Documents/blockheads2/katipoBrowser/waraki/android/app/.cxx/RelWithDebInfo/1i4p5v6e/arm64-v8a/CMakeFiles/CMakeTmp/CheckSymbolExists.c:
/* */
#include <float.h>
#include <iconv.h>
#include <inttypes.h>
#include <limits.h>
#include <malloc.h>
#include <math.h>
#include <memory.h>
#include <signal.h>
#include <stdarg.h>
#include <stdbool.h>
#include <stddef.h>
#include <stdint.h>
#include <stdio.h>
#include <stdlib.h>
#include <string.h>
#include <strings.h>
#include <sys/types.h>
#include <time.h>
#include <wchar.h>

int main(int argc, char** argv)
{
  (void)argv;
#ifndef copysignf
  return ((int*)(&copysignf))[argc];
#else
  (void)argc;
  return 0;
#endif
}
Determining if the cos exist passed with the following output:
Change Dir: /Users/davidframpton/Documents/blockheads2/katipoBrowser/waraki/android/app/.cxx/RelWithDebInfo/1i4p5v6e/arm64-v8a/CMakeFiles/CMakeTmp

Run Build Command(s):/Users/davidframpton/Library/Android/sdk/cmake/3.22.1/bin/ninja cmTC_1e352 && [1/2] Building C object CMakeFiles/cmTC_1e352.dir/CheckSymbolExists.c.o
[2/2] Linking C executable cmTC_1e352


File /Users/davidframpton/Documents/blockheads2/katipoBrowser/waraki/android/app/.cxx/RelWithDebInfo/1i4p5v6e/arm64-v8a/CMakeFiles/CMakeTmp/CheckSymbolExists.c:
/* */
#include <float.h>
#include <iconv.h>
#include <inttypes.h>
#include <limits.h>
#include <malloc.h>
#include <math.h>
#include <memory.h>
#include <signal.h>
#include <stdarg.h>
#include <stdbool.h>
#include <stddef.h>
#include <stdint.h>
#include <stdio.h>
#include <stdlib.h>
#include <string.h>
#include <strings.h>
#include <sys/types.h>
#include <time.h>
#include <wchar.h>

int main(int argc, char** argv)
{
  (void)argv;
#ifndef cos
  return ((int*)(&cos))[argc];
#else
  (void)argc;
  return 0;
#endif
}
Determining if the cosf exist passed with the following output:
Change Dir: /Users/davidframpton/Documents/blockheads2/katipoBrowser/waraki/android/app/.cxx/RelWithDebInfo/1i4p5v6e/arm64-v8a/CMakeFiles/CMakeTmp

Run Build Command(s):/Users/davidframpton/Library/Android/sdk/cmake/3.22.1/bin/ninja cmTC_69e7d && [1/2] Building C object CMakeFiles/cmTC_69e7d.dir/CheckSymbolExists.c.o
[2/2] Linking C executable cmTC_69e7d


File /Users/davidframpton/Documents/blockheads2/katipoBrowser/waraki/android/app/.cxx/RelWithDebInfo/1i4p5v6e/arm64-v8a/CMakeFiles/CMakeTmp/CheckSymbolExists.c:
/* */
#include <float.h>
#include <iconv.h>
#include <inttypes.h>
#include <limits.h>
#include <malloc.h>
#include <math.h>
#include <memory.h>
#include <signal.h>
#include <stdarg.h>
#include <stdbool.h>
#include <stddef.h>
#include <stdint.h>
#include <stdio.h>
#include <stdlib.h>
#include <string.h>
#include <strings.h>
#include <sys/types.h>
#include <time.h>
#include <wchar.h>

int main(int argc, char** argv)
{
  (void)argv;
#ifndef cosf
  return ((int*)(&cosf))[argc];
#else
  (void)argc;
  return 0;
#endif
}
Determining if the _Exit exist passed with the following output:
Change Dir: /Users/davidframpton/Documents/blockheads2/katipoBrowser/waraki/android/app/.cxx/RelWithDebInfo/1i4p5v6e/arm64-v8a/CMakeFiles/CMakeTmp

Run Build Command(s):/Users/davidframpton/Library/Android/sdk/cmake/3.22.1/bin/ninja cmTC_b13f2 && [1/2] Building C object CMakeFiles/cmTC_b13f2.dir/CheckSymbolExists.c.o
[2/2] Linking C executable cmTC_b13f2


File /Users/davidframpton/Documents/blockheads2/katipoBrowser/waraki/android/app/.cxx/RelWithDebInfo/1i4p5v6e/arm64-v8a/CMakeFiles/CMakeTmp/CheckSymbolExists.c:
/* */
#include <float.h>
#include <iconv.h>
#include <inttypes.h>
#include <limits.h>
#include <malloc.h>
#include <math.h>
#include <memory.h>
#include <signal.h>
#include <stdarg.h>
#include <stdbool.h>
#include <stddef.h>
#include <stdint.h>
#include <stdio.h>
#include <stdlib.h>
#include <string.h>
#include <strings.h>
#include <sys/types.h>
#include <time.h>
#include <wchar.h>

int main(int argc, char** argv)
{
  (void)argv;
#ifndef _Exit
  return ((int*)(&_Exit))[argc];
#else
  (void)argc;
  return 0;
#endif
}
Determining if the exp exist passed with the following output:
Change Dir: /Users/davidframpton/Documents/blockheads2/katipoBrowser/waraki/android/app/.cxx/RelWithDebInfo/1i4p5v6e/arm64-v8a/CMakeFiles/CMakeTmp

Run Build Command(s):/Users/davidframpton/Library/Android/sdk/cmake/3.22.1/bin/ninja cmTC_92167 && [1/2] Building C object CMakeFiles/cmTC_92167.dir/CheckSymbolExists.c.o
[2/2] Linking C executable cmTC_92167


File /Users/davidframpton/Documents/blockheads2/katipoBrowser/waraki/android/app/.cxx/RelWithDebInfo/1i4p5v6e/arm64-v8a/CMakeFiles/CMakeTmp/CheckSymbolExists.c:
/* */
#include <float.h>
#include <iconv.h>
#include <inttypes.h>
#include <limits.h>
#include <malloc.h>
#include <math.h>
#include <memory.h>
#include <signal.h>
#include <stdarg.h>
#include <stdbool.h>
#include <stddef.h>
#include <stdint.h>
#include <stdio.h>
#include <stdlib.h>
#include <string.h>
#include <strings.h>
#include <sys/types.h>
#include <time.h>
#include <wchar.h>

int main(int argc, char** argv)
{
  (void)argv;
#ifndef exp
  return ((int*)(&exp))[argc];
#else
  (void)argc;
  return 0;
#endif
}
Determining if the expf exist passed with the following output:
Change Dir: /Users/davidframpton/Documents/blockheads2/katipoBrowser/waraki/android/app/.cxx/RelWithDebInfo/1i4p5v6e/arm64-v8a/CMakeFiles/CMakeTmp

Run Build Command(s):/Users/davidframpton/Library/Android/sdk/cmake/3.22.1/bin/ninja cmTC_f71e8 && [1/2] Building C object CMakeFiles/cmTC_f71e8.dir/CheckSymbolExists.c.o
[2/2] Linking C executable cmTC_f71e8


File /Users/davidframpton/Documents/blockheads2/katipoBrowser/waraki/android/app/.cxx/RelWithDebInfo/1i4p5v6e/arm64-v8a/CMakeFiles/CMakeTmp/CheckSymbolExists.c:
/* */
#include <float.h>
#include <iconv.h>
#include <inttypes.h>
#include <limits.h>
#include <malloc.h>
#include <math.h>
#include <memory.h>
#include <signal.h>
#include <stdarg.h>
#include <stdbool.h>
#include <stddef.h>
#include <stdint.h>
#include <stdio.h>
#include <stdlib.h>
#include <string.h>
#include <strings.h>
#include <sys/types.h>
#include <time.h>
#include <wchar.h>

int main(int argc, char** argv)
{
  (void)argv;
#ifndef expf
  return ((int*)(&expf))[argc];
#else
  (void)argc;
  return 0;
#endif
}
Determining if the fabs exist passed with the following output:
Change Dir: /Users/davidframpton/Documents/blockheads2/katipoBrowser/waraki/android/app/.cxx/RelWithDebInfo/1i4p5v6e/arm64-v8a/CMakeFiles/CMakeTmp

Run Build Command(s):/Users/davidframpton/Library/Android/sdk/cmake/3.22.1/bin/ninja cmTC_738f2 && [1/2] Building C object CMakeFiles/cmTC_738f2.dir/CheckSymbolExists.c.o
[2/2] Linking C executable cmTC_738f2


File /Users/davidframpton/Documents/blockheads2/katipoBrowser/waraki/android/app/.cxx/RelWithDebInfo/1i4p5v6e/arm64-v8a/CMakeFiles/CMakeTmp/CheckSymbolExists.c:
/* */
#include <float.h>
#include <iconv.h>
#include <inttypes.h>
#include <limits.h>
#include <malloc.h>
#include <math.h>
#include <memory.h>
#include <signal.h>
#include <stdarg.h>
#include <stdbool.h>
#include <stddef.h>
#include <stdint.h>
#include <stdio.h>
#include <stdlib.h>
#include <string.h>
#include <strings.h>
#include <sys/types.h>
#include <time.h>
#include <wchar.h>

int main(int argc, char** argv)
{
  (void)argv;
#ifndef fabs
  return ((int*)(&fabs))[argc];
#else
  (void)argc;
  return 0;
#endif
}
Determining if the fabsf exist passed with the following output:
Change Dir: /Users/davidframpton/Documents/blockheads2/katipoBrowser/waraki/android/app/.cxx/RelWithDebInfo/1i4p5v6e/arm64-v8a/CMakeFiles/CMakeTmp

Run Build Command(s):/Users/davidframpton/Library/Android/sdk/cmake/3.22.1/bin/ninja cmTC_72bb8 && [1/2] Building C object CMakeFiles/cmTC_72bb8.dir/CheckSymbolExists.c.o
[2/2] Linking C executable cmTC_72bb8


File /Users/davidframpton/Documents/blockheads2/katipoBrowser/waraki/android/app/.cxx/RelWithDebInfo/1i4p5v6e/arm64-v8a/CMakeFiles/CMakeTmp/CheckSymbolExists.c:
/* */
#include <float.h>
#include <iconv.h>
#include <inttypes.h>
#include <limits.h>
#include <malloc.h>
#include <math.h>
#include <memory.h>
#include <signal.h>
#include <stdarg.h>
#include <stdbool.h>
#include <stddef.h>
#include <stdint.h>
#include <stdio.h>
#include <stdlib.h>
#include <string.h>
#include <strings.h>
#include <sys/types.h>
#include <time.h>
#include <wchar.h>

int main(int argc, char** argv)
{
  (void)argv;
#ifndef fabsf
  return ((int*)(&fabsf))[argc];
#else
  (void)argc;
  return 0;
#endif
}
Determining if the floor exist passed with the following output:
Change Dir: /Users/davidframpton/Documents/blockheads2/katipoBrowser/waraki/android/app/.cxx/RelWithDebInfo/1i4p5v6e/arm64-v8a/CMakeFiles/CMakeTmp

Run Build Command(s):/Users/davidframpton/Library/Android/sdk/cmake/3.22.1/bin/ninja cmTC_d8c6f && [1/2] Building C object CMakeFiles/cmTC_d8c6f.dir/CheckSymbolExists.c.o
[2/2] Linking C executable cmTC_d8c6f


File /Users/davidframpton/Documents/blockheads2/katipoBrowser/waraki/android/app/.cxx/RelWithDebInfo/1i4p5v6e/arm64-v8a/CMakeFiles/CMakeTmp/CheckSymbolExists.c:
/* */
#include <float.h>
#include <iconv.h>
#include <inttypes.h>
#include <limits.h>
#include <malloc.h>
#include <math.h>
#include <memory.h>
#include <signal.h>
#include <stdarg.h>
#include <stdbool.h>
#include <stddef.h>
#include <stdint.h>
#include <stdio.h>
#include <stdlib.h>
#include <string.h>
#include <strings.h>
#include <sys/types.h>
#include <time.h>
#include <wchar.h>

int main(int argc, char** argv)
{
  (void)argv;
#ifndef floor
  return ((int*)(&floor))[argc];
#else
  (void)argc;
  return 0;
#endif
}
Determining if the floorf exist passed with the following output:
Change Dir: /Users/davidframpton/Documents/blockheads2/katipoBrowser/waraki/android/app/.cxx/RelWithDebInfo/1i4p5v6e/arm64-v8a/CMakeFiles/CMakeTmp

Run Build Command(s):/Users/davidframpton/Library/Android/sdk/cmake/3.22.1/bin/ninja cmTC_5235b && [1/2] Building C object CMakeFiles/cmTC_5235b.dir/CheckSymbolExists.c.o
[2/2] Linking C executable cmTC_5235b


File /Users/davidframpton/Documents/blockheads2/katipoBrowser/waraki/android/app/.cxx/RelWithDebInfo/1i4p5v6e/arm64-v8a/CMakeFiles/CMakeTmp/CheckSymbolExists.c:
/* */
#include <float.h>
#include <iconv.h>
#include <inttypes.h>
#include <limits.h>
#include <malloc.h>
#include <math.h>
#include <memory.h>
#include <signal.h>
#include <stdarg.h>
#include <stdbool.h>
#include <stddef.h>
#include <stdint.h>
#include <stdio.h>
#include <stdlib.h>
#include <string.h>
#include <strings.h>
#include <sys/types.h>
#include <time.h>
#include <wchar.h>

int main(int argc, char** argv)
{
  (void)argv;
#ifndef floorf
  return ((int*)(&floorf))[argc];
#else
  (void)argc;
  return 0;
#endif
}
Determining if the fmod exist passed with the following output:
Change Dir: /Users/davidframpton/Documents/blockheads2/katipoBrowser/waraki/android/app/.cxx/RelWithDebInfo/1i4p5v6e/arm64-v8a/CMakeFiles/CMakeTmp

Run Build Command(s):/Users/davidframpton/Library/Android/sdk/cmake/3.22.1/bin/ninja cmTC_88011 && [1/2] Building C object CMakeFiles/cmTC_88011.dir/CheckSymbolExists.c.o
[2/2] Linking C executable cmTC_88011


File /Users/davidframpton/Documents/blockheads2/katipoBrowser/waraki/android/app/.cxx/RelWithDebInfo/1i4p5v6e/arm64-v8a/CMakeFiles/CMakeTmp/CheckSymbolExists.c:
/* */
#include <float.h>
#include <iconv.h>
#include <inttypes.h>
#include <limits.h>
#include <malloc.h>
#include <math.h>
#include <memory.h>
#include <signal.h>
#include <stdarg.h>
#include <stdbool.h>
#include <stddef.h>
#include <stdint.h>
#include <stdio.h>
#include <stdlib.h>
#include <string.h>
#include <strings.h>
#include <sys/types.h>
#include <time.h>
#include <wchar.h>

int main(int argc, char** argv)
{
  (void)argv;
#ifndef fmod
  return ((int*)(&fmod))[argc];
#else
  (void)argc;
  return 0;
#endif
}
Determining if the fmodf exist passed with the following output:
Change Dir: /Users/davidframpton/Documents/blockheads2/katipoBrowser/waraki/android/app/.cxx/RelWithDebInfo/1i4p5v6e/arm64-v8a/CMakeFiles/CMakeTmp

Run Build Command(s):/Users/davidframpton/Library/Android/sdk/cmake/3.22.1/bin/ninja cmTC_0a62d && [1/2] Building C object CMakeFiles/cmTC_0a62d.dir/CheckSymbolExists.c.o
[2/2] Linking C executable cmTC_0a62d


File /Users/davidframpton/Documents/blockheads2/katipoBrowser/waraki/android/app/.cxx/RelWithDebInfo/1i4p5v6e/arm64-v8a/CMakeFiles/CMakeTmp/CheckSymbolExists.c:
/* */
#include <float.h>
#include <iconv.h>
#include <inttypes.h>
#include <limits.h>
#include <malloc.h>
#include <math.h>
#include <memory.h>
#include <signal.h>
#include <stdarg.h>
#include <stdbool.h>
#include <stddef.h>
#include <stdint.h>
#include <stdio.h>
#include <stdlib.h>
#include <string.h>
#include <strings.h>
#include <sys/types.h>
#include <time.h>
#include <wchar.h>

int main(int argc, char** argv)
{
  (void)argv;
#ifndef fmodf
  return ((int*)(&fmodf))[argc];
#else
  (void)argc;
  return 0;
#endif
}
Determining if the fseeko exist passed with the following output:
Change Dir: /Users/davidframpton/Documents/blockheads2/katipoBrowser/waraki/android/app/.cxx/RelWithDebInfo/1i4p5v6e/arm64-v8a/CMakeFiles/CMakeTmp

Run Build Command(s):/Users/davidframpton/Library/Android/sdk/cmake/3.22.1/bin/ninja cmTC_e6226 && [1/2] Building C object CMakeFiles/cmTC_e6226.dir/CheckSymbolExists.c.o
[2/2] Linking C executable cmTC_e6226


File /Users/davidframpton/Documents/blockheads2/katipoBrowser/waraki/android/app/.cxx/RelWithDebInfo/1i4p5v6e/arm64-v8a/CMakeFiles/CMakeTmp/CheckSymbolExists.c:
/* */
#include <float.h>
#include <iconv.h>
#include <inttypes.h>
#include <limits.h>
#include <malloc.h>
#include <math.h>
#include <memory.h>
#include <signal.h>
#include <stdarg.h>
#include <stdbool.h>
#include <stddef.h>
#include <stdint.h>
#include <stdio.h>
#include <stdlib.h>
#include <string.h>
#include <strings.h>
#include <sys/types.h>
#include <time.h>
#include <wchar.h>

int main(int argc, char** argv)
{
  (void)argv;
#ifndef fseeko
  return ((int*)(&fseeko))[argc];
#else
  (void)argc;
  return 0;
#endif
}
Determining if the getenv exist passed with the following output:
Change Dir: /Users/davidframpton/Documents/blockheads2/katipoBrowser/waraki/android/app/.cxx/RelWithDebInfo/1i4p5v6e/arm64-v8a/CMakeFiles/CMakeTmp

Run Build Command(s):/Users/davidframpton/Library/Android/sdk/cmake/3.22.1/bin/ninja cmTC_e274c && [1/2] Building C object CMakeFiles/cmTC_e274c.dir/CheckSymbolExists.c.o
[2/2] Linking C executable cmTC_e274c


File /Users/davidframpton/Documents/blockheads2/katipoBrowser/waraki/android/app/.cxx/RelWithDebInfo/1i4p5v6e/arm64-v8a/CMakeFiles/CMakeTmp/CheckSymbolExists.c:
/* */
#include <float.h>
#include <iconv.h>
#include <inttypes.h>
#include <limits.h>
#include <malloc.h>
#include <math.h>
#include <memory.h>
#include <signal.h>
#include <stdarg.h>
#include <stdbool.h>
#include <stddef.h>
#include <stdint.h>
#include <stdio.h>
#include <stdlib.h>
#include <string.h>
#include <strings.h>
#include <sys/types.h>
#include <time.h>
#include <wchar.h>

int main(int argc, char** argv)
{
  (void)argv;
#ifndef getenv
  return ((int*)(&getenv))[argc];
#else
  (void)argc;
  return 0;
#endif
}
Determining if the log exist passed with the following output:
Change Dir: /Users/davidframpton/Documents/blockheads2/katipoBrowser/waraki/android/app/.cxx/RelWithDebInfo/1i4p5v6e/arm64-v8a/CMakeFiles/CMakeTmp

Run Build Command(s):/Users/davidframpton/Library/Android/sdk/cmake/3.22.1/bin/ninja cmTC_ccace && [1/2] Building C object CMakeFiles/cmTC_ccace.dir/CheckSymbolExists.c.o
[2/2] Linking C executable cmTC_ccace


File /Users/davidframpton/Documents/blockheads2/katipoBrowser/waraki/android/app/.cxx/RelWithDebInfo/1i4p5v6e/arm64-v8a/CMakeFiles/CMakeTmp/CheckSymbolExists.c:
/* */
#include <float.h>
#include <iconv.h>
#include <inttypes.h>
#include <limits.h>
#include <malloc.h>
#include <math.h>
#include <memory.h>
#include <signal.h>
#include <stdarg.h>
#include <stdbool.h>
#include <stddef.h>
#include <stdint.h>
#include <stdio.h>
#include <stdlib.h>
#include <string.h>
#include <strings.h>
#include <sys/types.h>
#include <time.h>
#include <wchar.h>

int main(int argc, char** argv)
{
  (void)argv;
#ifndef log
  return ((int*)(&log))[argc];
#else
  (void)argc;
  return 0;
#endif
}
Determining if the log10 exist passed with the following output:
Change Dir: /Users/davidframpton/Documents/blockheads2/katipoBrowser/waraki/android/app/.cxx/RelWithDebInfo/1i4p5v6e/arm64-v8a/CMakeFiles/CMakeTmp

Run Build Command(s):/Users/davidframpton/Library/Android/sdk/cmake/3.22.1/bin/ninja cmTC_d6385 && [1/2] Building C object CMakeFiles/cmTC_d6385.dir/CheckSymbolExists.c.o
[2/2] Linking C executable cmTC_d6385


File /Users/davidframpton/Documents/blockheads2/katipoBrowser/waraki/android/app/.cxx/RelWithDebInfo/1i4p5v6e/arm64-v8a/CMakeFiles/CMakeTmp/CheckSymbolExists.c:
/* */
#include <float.h>
#include <iconv.h>
#include <inttypes.h>
#include <limits.h>
#include <malloc.h>
#include <math.h>
#include <memory.h>
#include <signal.h>
#include <stdarg.h>
#include <stdbool.h>
#include <stddef.h>
#include <stdint.h>
#include <stdio.h>
#include <stdlib.h>
#include <string.h>
#include <strings.h>
#include <sys/types.h>
#include <time.h>
#include <wchar.h>

int main(int argc, char** argv)
{
  (void)argv;
#ifndef log10
  return ((int*)(&log10))[argc];
#else
  (void)argc;
  return 0;
#endif
}
Determining if the log10f exist passed with the following output:
Change Dir: /Users/davidframpton/Documents/blockheads2/katipoBrowser/waraki/android/app/.cxx/RelWithDebInfo/1i4p5v6e/arm64-v8a/CMakeFiles/CMakeTmp

Run Build Command(s):/Users/davidframpton/Library/Android/sdk/cmake/3.22.1/bin/ninja cmTC_7e12a && [1/2] Building C object CMakeFiles/cmTC_7e12a.dir/CheckSymbolExists.c.o
[2/2] Linking C executable cmTC_7e12a


File /Users/davidframpton/Documents/blockheads2/katipoBrowser/waraki/android/app/.cxx/RelWithDebInfo/1i4p5v6e/arm64-v8a/CMakeFiles/CMakeTmp/CheckSymbolExists.c:
/* */
#include <float.h>
#include <iconv.h>
#include <inttypes.h>
#include <limits.h>
#include <malloc.h>
#include <math.h>
#include <memory.h>
#include <signal.h>
#include <stdarg.h>
#include <stdbool.h>
#include <stddef.h>
#include <stdint.h>
#include <stdio.h>
#include <stdlib.h>
#include <string.h>
#include <strings.h>
#include <sys/types.h>
#include <time.h>
#include <wchar.h>

int main(int argc, char** argv)
{
  (void)argv;
#ifndef log10f
  return ((int*)(&log10f))[argc];
#else
  (void)argc;
  return 0;
#endif
}
Determining if the logf exist passed with the following output:
Change Dir: /Users/davidframpton/Documents/blockheads2/katipoBrowser/waraki/android/app/.cxx/RelWithDebInfo/1i4p5v6e/arm64-v8a/CMakeFiles/CMakeTmp

Run Build Command(s):/Users/davidframpton/Library/Android/sdk/cmake/3.22.1/bin/ninja cmTC_9319c && [1/2] Building C object CMakeFiles/cmTC_9319c.dir/CheckSymbolExists.c.o
[2/2] Linking C executable cmTC_9319c


File /Users/davidframpton/Documents/blockheads2/katipoBrowser/waraki/android/app/.cxx/RelWithDebInfo/1i4p5v6e/arm64-v8a/CMakeFiles/CMakeTmp/CheckSymbolExists.c:
/* */
#include <float.h>
#include <iconv.h>
#include <inttypes.h>
#include <limits.h>
#include <malloc.h>
#include <math.h>
#include <memory.h>
#include <signal.h>
#include <stdarg.h>
#include <stdbool.h>
#include <stddef.h>
#include <stdint.h>
#include <stdio.h>
#include <stdlib.h>
#include <string.h>
#include <strings.h>
#include <sys/types.h>
#include <time.h>
#include <wchar.h>

int main(int argc, char** argv)
{
  (void)argv;
#ifndef logf
  return ((int*)(&logf))[argc];
#else
  (void)argc;
  return 0;
#endif
}
Determining if the lround exist passed with the following output:
Change Dir: /Users/davidframpton/Documents/blockheads2/katipoBrowser/waraki/android/app/.cxx/RelWithDebInfo/1i4p5v6e/arm64-v8a/CMakeFiles/CMakeTmp

Run Build Command(s):/Users/davidframpton/Library/Android/sdk/cmake/3.22.1/bin/ninja cmTC_578f1 && [1/2] Building C object CMakeFiles/cmTC_578f1.dir/CheckSymbolExists.c.o
[2/2] Linking C executable cmTC_578f1


File /Users/davidframpton/Documents/blockheads2/katipoBrowser/waraki/android/app/.cxx/RelWithDebInfo/1i4p5v6e/arm64-v8a/CMakeFiles/CMakeTmp/CheckSymbolExists.c:
/* */
#include <float.h>
#include <iconv.h>
#include <inttypes.h>
#include <limits.h>
#include <malloc.h>
#include <math.h>
#include <memory.h>
#include <signal.h>
#include <stdarg.h>
#include <stdbool.h>
#include <stddef.h>
#include <stdint.h>
#include <stdio.h>
#include <stdlib.h>
#include <string.h>
#include <strings.h>
#include <sys/types.h>
#include <time.h>
#include <wchar.h>

int main(int argc, char** argv)
{
  (void)argv;
#ifndef lround
  return ((int*)(&lround))[argc];
#else
  (void)argc;
  return 0;
#endif
}
Determining if the lroundf exist passed with the following output:
Change Dir: /Users/davidframpton/Documents/blockheads2/katipoBrowser/waraki/android/app/.cxx/RelWithDebInfo/1i4p5v6e/arm64-v8a/CMakeFiles/CMakeTmp

Run Build Command(s):/Users/davidframpton/Library/Android/sdk/cmake/3.22.1/bin/ninja cmTC_4e453 && [1/2] Building C object CMakeFiles/cmTC_4e453.dir/CheckSymbolExists.c.o
[2/2] Linking C executable cmTC_4e453


File /Users/davidframpton/Documents/blockheads2/katipoBrowser/waraki/android/app/.cxx/RelWithDebInfo/1i4p5v6e/arm64-v8a/CMakeFiles/CMakeTmp/CheckSymbolExists.c:
/* */
#include <float.h>
#include <iconv.h>
#include <inttypes.h>
#include <limits.h>
#include <malloc.h>
#include <math.h>
#include <memory.h>
#include <signal.h>
#include <stdarg.h>
#include <stdbool.h>
#include <stddef.h>
#include <stdint.h>
#include <stdio.h>
#include <stdlib.h>
#include <string.h>
#include <strings.h>
#include <sys/types.h>
#include <time.h>
#include <wchar.h>

int main(int argc, char** argv)
{
  (void)argv;
#ifndef lroundf
  return ((int*)(&lroundf))[argc];
#else
  (void)argc;
  return 0;
#endif
}
Determining if the malloc exist passed with the following output:
Change Dir: /Users/davidframpton/Documents/blockheads2/katipoBrowser/waraki/android/app/.cxx/RelWithDebInfo/1i4p5v6e/arm64-v8a/CMakeFiles/CMakeTmp

Run Build Command(s):/Users/davidframpton/Library/Android/sdk/cmake/3.22.1/bin/ninja cmTC_55636 && [1/2] Building C object CMakeFiles/cmTC_55636.dir/CheckSymbolExists.c.o
[2/2] Linking C executable cmTC_55636


File /Users/davidframpton/Documents/blockheads2/katipoBrowser/waraki/android/app/.cxx/RelWithDebInfo/1i4p5v6e/arm64-v8a/CMakeFiles/CMakeTmp/CheckSymbolExists.c:
/* */
#include <float.h>
#include <iconv.h>
#include <inttypes.h>
#include <limits.h>
#include <malloc.h>
#include <math.h>
#include <memory.h>
#include <signal.h>
#include <stdarg.h>
#include <stdbool.h>
#include <stddef.h>
#include <stdint.h>
#include <stdio.h>
#include <stdlib.h>
#include <string.h>
#include <strings.h>
#include <sys/types.h>
#include <time.h>
#include <wchar.h>

int main(int argc, char** argv)
{
  (void)argv;
#ifndef malloc
  return ((int*)(&malloc))[argc];
#else
  (void)argc;
  return 0;
#endif
}
Determining if the memcmp exist passed with the following output:
Change Dir: /Users/davidframpton/Documents/blockheads2/katipoBrowser/waraki/android/app/.cxx/RelWithDebInfo/1i4p5v6e/arm64-v8a/CMakeFiles/CMakeTmp

Run Build Command(s):/Users/davidframpton/Library/Android/sdk/cmake/3.22.1/bin/ninja cmTC_48a31 && [1/2] Building C object CMakeFiles/cmTC_48a31.dir/CheckSymbolExists.c.o
[2/2] Linking C executable cmTC_48a31


File /Users/davidframpton/Documents/blockheads2/katipoBrowser/waraki/android/app/.cxx/RelWithDebInfo/1i4p5v6e/arm64-v8a/CMakeFiles/CMakeTmp/CheckSymbolExists.c:
/* */
#include <float.h>
#include <iconv.h>
#include <inttypes.h>
#include <limits.h>
#include <malloc.h>
#include <math.h>
#include <memory.h>
#include <signal.h>
#include <stdarg.h>
#include <stdbool.h>
#include <stddef.h>
#include <stdint.h>
#include <stdio.h>
#include <stdlib.h>
#include <string.h>
#include <strings.h>
#include <sys/types.h>
#include <time.h>
#include <wchar.h>

int main(int argc, char** argv)
{
  (void)argv;
#ifndef memcmp
  return ((int*)(&memcmp))[argc];
#else
  (void)argc;
  return 0;
#endif
}
Determining if the memcpy exist passed with the following output:
Change Dir: /Users/davidframpton/Documents/blockheads2/katipoBrowser/waraki/android/app/.cxx/RelWithDebInfo/1i4p5v6e/arm64-v8a/CMakeFiles/CMakeTmp

Run Build Command(s):/Users/davidframpton/Library/Android/sdk/cmake/3.22.1/bin/ninja cmTC_9e64b && [1/2] Building C object CMakeFiles/cmTC_9e64b.dir/CheckSymbolExists.c.o
[2/2] Linking C executable cmTC_9e64b


File /Users/davidframpton/Documents/blockheads2/katipoBrowser/waraki/android/app/.cxx/RelWithDebInfo/1i4p5v6e/arm64-v8a/CMakeFiles/CMakeTmp/CheckSymbolExists.c:
/* */
#include <float.h>
#include <iconv.h>
#include <inttypes.h>
#include <limits.h>
#include <malloc.h>
#include <math.h>
#include <memory.h>
#include <signal.h>
#include <stdarg.h>
#include <stdbool.h>
#include <stddef.h>
#include <stdint.h>
#include <stdio.h>
#include <stdlib.h>
#include <string.h>
#include <strings.h>
#include <sys/types.h>
#include <time.h>
#include <wchar.h>

int main(int argc, char** argv)
{
  (void)argv;
#ifndef memcpy
  return ((int*)(&memcpy))[argc];
#else
  (void)argc;
  return 0;
#endif
}
Determining if the memmove exist passed with the following output:
Change Dir: /Users/davidframpton/Documents/blockheads2/katipoBrowser/waraki/android/app/.cxx/RelWithDebInfo/1i4p5v6e/arm64-v8a/CMakeFiles/CMakeTmp

Run Build Command(s):/Users/davidframpton/Library/Android/sdk/cmake/3.22.1/bin/ninja cmTC_d883d && [1/2] Building C object CMakeFiles/cmTC_d883d.dir/CheckSymbolExists.c.o
[2/2] Linking C executable cmTC_d883d


File /Users/davidframpton/Documents/blockheads2/katipoBrowser/waraki/android/app/.cxx/RelWithDebInfo/1i4p5v6e/arm64-v8a/CMakeFiles/CMakeTmp/CheckSymbolExists.c:
/* */
#include <float.h>
#include <iconv.h>
#include <inttypes.h>
#include <limits.h>
#include <malloc.h>
#include <math.h>
#include <memory.h>
#include <signal.h>
#include <stdarg.h>
#include <stdbool.h>
#include <stddef.h>
#include <stdint.h>
#include <stdio.h>
#include <stdlib.h>
#include <string.h>
#include <strings.h>
#include <sys/types.h>
#include <time.h>
#include <wchar.h>

int main(int argc, char** argv)
{
  (void)argv;
#ifndef memmove
  return ((int*)(&memmove))[argc];
#else
  (void)argc;
  return 0;
#endif
}
Determining if the memset exist passed with the following output:
Change Dir: /Users/davidframpton/Documents/blockheads2/katipoBrowser/waraki/android/app/.cxx/RelWithDebInfo/1i4p5v6e/arm64-v8a/CMakeFiles/CMakeTmp

Run Build Command(s):/Users/davidframpton/Library/Android/sdk/cmake/3.22.1/bin/ninja cmTC_9cf67 && [1/2] Building C object CMakeFiles/cmTC_9cf67.dir/CheckSymbolExists.c.o
[2/2] Linking C executable cmTC_9cf67


File /Users/davidframpton/Documents/blockheads2/katipoBrowser/waraki/android/app/.cxx/RelWithDebInfo/1i4p5v6e/arm64-v8a/CMakeFiles/CMakeTmp/CheckSymbolExists.c:
/* */
#include <float.h>
#include <iconv.h>
#include <inttypes.h>
#include <limits.h>
#include <malloc.h>
#include <math.h>
#include <memory.h>
#include <signal.h>
#include <stdarg.h>
#include <stdbool.h>
#include <stddef.h>
#include <stdint.h>
#include <stdio.h>
#include <stdlib.h>
#include <string.h>
#include <strings.h>
#include <sys/types.h>
#include <time.h>
#include <wchar.h>

int main(int argc, char** argv)
{
  (void)argv;
#ifndef memset
  return ((int*)(&memset))[argc];
#else
  (void)argc;
  return 0;
#endif
}
Determining if the modf exist passed with the following output:
Change Dir: /Users/davidframpton/Documents/blockheads2/katipoBrowser/waraki/android/app/.cxx/RelWithDebInfo/1i4p5v6e/arm64-v8a/CMakeFiles/CMakeTmp

Run Build Command(s):/Users/davidframpton/Library/Android/sdk/cmake/3.22.1/bin/ninja cmTC_a5818 && [1/2] Building C object CMakeFiles/cmTC_a5818.dir/CheckSymbolExists.c.o
[2/2] Linking C executable cmTC_a5818


File /Users/davidframpton/Documents/blockheads2/katipoBrowser/waraki/android/app/.cxx/RelWithDebInfo/1i4p5v6e/arm64-v8a/CMakeFiles/CMakeTmp/CheckSymbolExists.c:
/* */
#include <float.h>
#include <iconv.h>
#include <inttypes.h>
#include <limits.h>
#include <malloc.h>
#include <math.h>
#include <memory.h>
#include <signal.h>
#include <stdarg.h>
#include <stdbool.h>
#include <stddef.h>
#include <stdint.h>
#include <stdio.h>
#include <stdlib.h>
#include <string.h>
#include <strings.h>
#include <sys/types.h>
#include <time.h>
#include <wchar.h>

int main(int argc, char** argv)
{
  (void)argv;
#ifndef modf
  return ((int*)(&modf))[argc];
#else
  (void)argc;
  return 0;
#endif
}
Determining if the modff exist passed with the following output:
Change Dir: /Users/davidframpton/Documents/blockheads2/katipoBrowser/waraki/android/app/.cxx/RelWithDebInfo/1i4p5v6e/arm64-v8a/CMakeFiles/CMakeTmp

Run Build Command(s):/Users/davidframpton/Library/Android/sdk/cmake/3.22.1/bin/ninja cmTC_981db && [1/2] Building C object CMakeFiles/cmTC_981db.dir/CheckSymbolExists.c.o
[2/2] Linking C executable cmTC_981db


File /Users/davidframpton/Documents/blockheads2/katipoBrowser/waraki/android/app/.cxx/RelWithDebInfo/1i4p5v6e/arm64-v8a/CMakeFiles/CMakeTmp/CheckSymbolExists.c:
/* */
#include <float.h>
#include <iconv.h>
#include <inttypes.h>
#include <limits.h>
#include <malloc.h>
#include <math.h>
#include <memory.h>
#include <signal.h>
#include <stdarg.h>
#include <stdbool.h>
#include <stddef.h>
#include <stdint.h>
#include <stdio.h>
#include <stdlib.h>
#include <string.h>
#include <strings.h>
#include <sys/types.h>
#include <time.h>
#include <wchar.h>

int main(int argc, char** argv)
{
  (void)argv;
#ifndef modff
  return ((int*)(&modff))[argc];
#else
  (void)argc;
  return 0;
#endif
}
Determining if the pow exist passed with the following output:
Change Dir: /Users/davidframpton/Documents/blockheads2/katipoBrowser/waraki/android/app/.cxx/RelWithDebInfo/1i4p5v6e/arm64-v8a/CMakeFiles/CMakeTmp

Run Build Command(s):/Users/davidframpton/Library/Android/sdk/cmake/3.22.1/bin/ninja cmTC_2fad3 && [1/2] Building C object CMakeFiles/cmTC_2fad3.dir/CheckSymbolExists.c.o
[2/2] Linking C executable cmTC_2fad3


File /Users/davidframpton/Documents/blockheads2/katipoBrowser/waraki/android/app/.cxx/RelWithDebInfo/1i4p5v6e/arm64-v8a/CMakeFiles/CMakeTmp/CheckSymbolExists.c:
/* */
#include <float.h>
#include <iconv.h>
#include <inttypes.h>
#include <limits.h>
#include <malloc.h>
#include <math.h>
#include <memory.h>
#include <signal.h>
#include <stdarg.h>
#include <stdbool.h>
#include <stddef.h>
#include <stdint.h>
#include <stdio.h>
#include <stdlib.h>
#include <string.h>
#include <strings.h>
#include <sys/types.h>
#include <time.h>
#include <wchar.h>

int main(int argc, char** argv)
{
  (void)argv;
#ifndef pow
  return ((int*)(&pow))[argc];
#else
  (void)argc;
  return 0;
#endif
}
Determining if the powf exist passed with the following output:
Change Dir: /Users/davidframpton/Documents/blockheads2/katipoBrowser/waraki/android/app/.cxx/RelWithDebInfo/1i4p5v6e/arm64-v8a/CMakeFiles/CMakeTmp

Run Build Command(s):/Users/davidframpton/Library/Android/sdk/cmake/3.22.1/bin/ninja cmTC_d834f && [1/2] Building C object CMakeFiles/cmTC_d834f.dir/CheckSymbolExists.c.o
[2/2] Linking C executable cmTC_d834f


File /Users/davidframpton/Documents/blockheads2/katipoBrowser/waraki/android/app/.cxx/RelWithDebInfo/1i4p5v6e/arm64-v8a/CMakeFiles/CMakeTmp/CheckSymbolExists.c:
/* */
#include <float.h>
#include <iconv.h>
#include <inttypes.h>
#include <limits.h>
#include <malloc.h>
#include <math.h>
#include <memory.h>
#include <signal.h>
#include <stdarg.h>
#include <stdbool.h>
#include <stddef.h>
#include <stdint.h>
#include <stdio.h>
#include <stdlib.h>
#include <string.h>
#include <strings.h>
#include <sys/types.h>
#include <time.h>
#include <wchar.h>

int main(int argc, char** argv)
{
  (void)argv;
#ifndef powf
  return ((int*)(&powf))[argc];
#else
  (void)argc;
  return 0;
#endif
}
Determining if the putenv exist passed with the following output:
Change Dir: /Users/davidframpton/Documents/blockheads2/katipoBrowser/waraki/android/app/.cxx/RelWithDebInfo/1i4p5v6e/arm64-v8a/CMakeFiles/CMakeTmp

Run Build Command(s):/Users/davidframpton/Library/Android/sdk/cmake/3.22.1/bin/ninja cmTC_e5e07 && [1/2] Building C object CMakeFiles/cmTC_e5e07.dir/CheckSymbolExists.c.o
[2/2] Linking C executable cmTC_e5e07


File /Users/davidframpton/Documents/blockheads2/katipoBrowser/waraki/android/app/.cxx/RelWithDebInfo/1i4p5v6e/arm64-v8a/CMakeFiles/CMakeTmp/CheckSymbolExists.c:
/* */
#include <float.h>
#include <iconv.h>
#include <inttypes.h>
#include <limits.h>
#include <malloc.h>
#include <math.h>
#include <memory.h>
#include <signal.h>
#include <stdarg.h>
#include <stdbool.h>
#include <stddef.h>
#include <stdint.h>
#include <stdio.h>
#include <stdlib.h>
#include <string.h>
#include <strings.h>
#include <sys/types.h>
#include <time.h>
#include <wchar.h>

int main(int argc, char** argv)
{
  (void)argv;
#ifndef putenv
  return ((int*)(&putenv))[argc];
#else
  (void)argc;
  return 0;
#endif
}
Determining if the round exist passed with the following output:
Change Dir: /Users/davidframpton/Documents/blockheads2/katipoBrowser/waraki/android/app/.cxx/RelWithDebInfo/1i4p5v6e/arm64-v8a/CMakeFiles/CMakeTmp

Run Build Command(s):/Users/davidframpton/Library/Android/sdk/cmake/3.22.1/bin/ninja cmTC_e7604 && [1/2] Building C object CMakeFiles/cmTC_e7604.dir/CheckSymbolExists.c.o
[2/2] Linking C executable cmTC_e7604


File /Users/davidframpton/Documents/blockheads2/katipoBrowser/waraki/android/app/.cxx/RelWithDebInfo/1i4p5v6e/arm64-v8a/CMakeFiles/CMakeTmp/CheckSymbolExists.c:
/* */
#include <float.h>
#include <iconv.h>
#include <inttypes.h>
#include <limits.h>
#include <malloc.h>
#include <math.h>
#include <memory.h>
#include <signal.h>
#include <stdarg.h>
#include <stdbool.h>
#include <stddef.h>
#include <stdint.h>
#include <stdio.h>
#include <stdlib.h>
#include <string.h>
#include <strings.h>
#include <sys/types.h>
#include <time.h>
#include <wchar.h>

int main(int argc, char** argv)
{
  (void)argv;
#ifndef round
  return ((int*)(&round))[argc];
#else
  (void)argc;
  return 0;
#endif
}
Determining if the roundf exist passed with the following output:
Change Dir: /Users/davidframpton/Documents/blockheads2/katipoBrowser/waraki/android/app/.cxx/RelWithDebInfo/1i4p5v6e/arm64-v8a/CMakeFiles/CMakeTmp

Run Build Command(s):/Users/davidframpton/Library/Android/sdk/cmake/3.22.1/bin/ninja cmTC_dede9 && [1/2] Building C object CMakeFiles/cmTC_dede9.dir/CheckSymbolExists.c.o
[2/2] Linking C executable cmTC_dede9


File /Users/davidframpton/Documents/blockheads2/katipoBrowser/waraki/android/app/.cxx/RelWithDebInfo/1i4p5v6e/arm64-v8a/CMakeFiles/CMakeTmp/CheckSymbolExists.c:
/* */
#include <float.h>
#include <iconv.h>
#include <inttypes.h>
#include <limits.h>
#include <malloc.h>
#include <math.h>
#include <memory.h>
#include <signal.h>
#include <stdarg.h>
#include <stdbool.h>
#include <stddef.h>
#include <stdint.h>
#include <stdio.h>
#include <stdlib.h>
#include <string.h>
#include <strings.h>
#include <sys/types.h>
#include <time.h>
#include <wchar.h>

int main(int argc, char** argv)
{
  (void)argv;
#ifndef roundf
  return ((int*)(&roundf))[argc];
#else
  (void)argc;
  return 0;
#endif
}
Determining if the scalbn exist passed with the following output:
Change Dir: /Users/davidframpton/Documents/blockheads2/katipoBrowser/waraki/android/app/.cxx/RelWithDebInfo/1i4p5v6e/arm64-v8a/CMakeFiles/CMakeTmp

Run Build Command(s):/Users/davidframpton/Library/Android/sdk/cmake/3.22.1/bin/ninja cmTC_d40e0 && [1/2] Building C object CMakeFiles/cmTC_d40e0.dir/CheckSymbolExists.c.o
[2/2] Linking C executable cmTC_d40e0


File /Users/davidframpton/Documents/blockheads2/katipoBrowser/waraki/android/app/.cxx/RelWithDebInfo/1i4p5v6e/arm64-v8a/CMakeFiles/CMakeTmp/CheckSymbolExists.c:
/* */
#include <float.h>
#include <iconv.h>
#include <inttypes.h>
#include <limits.h>
#include <malloc.h>
#include <math.h>
#include <memory.h>
#include <signal.h>
#include <stdarg.h>
#include <stdbool.h>
#include <stddef.h>
#include <stdint.h>
#include <stdio.h>
#include <stdlib.h>
#include <string.h>
#include <strings.h>
#include <sys/types.h>
#include <time.h>
#include <wchar.h>

int main(int argc, char** argv)
{
  (void)argv;
#ifndef scalbn
  return ((int*)(&scalbn))[argc];
#else
  (void)argc;
  return 0;
#endif
}
Determining if the scalbnf exist passed with the following output:
Change Dir: /Users/davidframpton/Documents/blockheads2/katipoBrowser/waraki/android/app/.cxx/RelWithDebInfo/1i4p5v6e/arm64-v8a/CMakeFiles/CMakeTmp

Run Build Command(s):/Users/davidframpton/Library/Android/sdk/cmake/3.22.1/bin/ninja cmTC_b681b && [1/2] Building C object CMakeFiles/cmTC_b681b.dir/CheckSymbolExists.c.o
[2/2] Linking C executable cmTC_b681b


File /Users/davidframpton/Documents/blockheads2/katipoBrowser/waraki/android/app/.cxx/RelWithDebInfo/1i4p5v6e/arm64-v8a/CMakeFiles/CMakeTmp/CheckSymbolExists.c:
/* */
#include <float.h>
#include <iconv.h>
#include <inttypes.h>
#include <limits.h>
#include <malloc.h>
#include <math.h>
#include <memory.h>
#include <signal.h>
#include <stdarg.h>
#include <stdbool.h>
#include <stddef.h>
#include <stdint.h>
#include <stdio.h>
#include <stdlib.h>
#include <string.h>
#include <strings.h>
#include <sys/types.h>
#include <time.h>
#include <wchar.h>

int main(int argc, char** argv)
{
  (void)argv;
#ifndef scalbnf
  return ((int*)(&scalbnf))[argc];
#else
  (void)argc;
  return 0;
#endif
}
Determining if the setenv exist passed with the following output:
Change Dir: /Users/davidframpton/Documents/blockheads2/katipoBrowser/waraki/android/app/.cxx/RelWithDebInfo/1i4p5v6e/arm64-v8a/CMakeFiles/CMakeTmp

Run Build Command(s):/Users/davidframpton/Library/Android/sdk/cmake/3.22.1/bin/ninja cmTC_12611 && [1/2] Building C object CMakeFiles/cmTC_12611.dir/CheckSymbolExists.c.o
[2/2] Linking C executable cmTC_12611


File /Users/davidframpton/Documents/blockheads2/katipoBrowser/waraki/android/app/.cxx/RelWithDebInfo/1i4p5v6e/arm64-v8a/CMakeFiles/CMakeTmp/CheckSymbolExists.c:
/* */
#include <float.h>
#include <iconv.h>
#include <inttypes.h>
#include <limits.h>
#include <malloc.h>
#include <math.h>
#include <memory.h>
#include <signal.h>
#include <stdarg.h>
#include <stdbool.h>
#include <stddef.h>
#include <stdint.h>
#include <stdio.h>
#include <stdlib.h>
#include <string.h>
#include <strings.h>
#include <sys/types.h>
#include <time.h>
#include <wchar.h>

int main(int argc, char** argv)
{
  (void)argv;
#ifndef setenv
  return ((int*)(&setenv))[argc];
#else
  (void)argc;
  return 0;
#endif
}
Determining if the sin exist passed with the following output:
Change Dir: /Users/davidframpton/Documents/blockheads2/katipoBrowser/waraki/android/app/.cxx/RelWithDebInfo/1i4p5v6e/arm64-v8a/CMakeFiles/CMakeTmp

Run Build Command(s):/Users/davidframpton/Library/Android/sdk/cmake/3.22.1/bin/ninja cmTC_b73dd && [1/2] Building C object CMakeFiles/cmTC_b73dd.dir/CheckSymbolExists.c.o
[2/2] Linking C executable cmTC_b73dd


File /Users/davidframpton/Documents/blockheads2/katipoBrowser/waraki/android/app/.cxx/RelWithDebInfo/1i4p5v6e/arm64-v8a/CMakeFiles/CMakeTmp/CheckSymbolExists.c:
/* */
#include <float.h>
#include <iconv.h>
#include <inttypes.h>
#include <limits.h>
#include <malloc.h>
#include <math.h>
#include <memory.h>
#include <signal.h>
#include <stdarg.h>
#include <stdbool.h>
#include <stddef.h>
#include <stdint.h>
#include <stdio.h>
#include <stdlib.h>
#include <string.h>
#include <strings.h>
#include <sys/types.h>
#include <time.h>
#include <wchar.h>

int main(int argc, char** argv)
{
  (void)argv;
#ifndef sin
  return ((int*)(&sin))[argc];
#else
  (void)argc;
  return 0;
#endif
}
Determining if the sinf exist passed with the following output:
Change Dir: /Users/davidframpton/Documents/blockheads2/katipoBrowser/waraki/android/app/.cxx/RelWithDebInfo/1i4p5v6e/arm64-v8a/CMakeFiles/CMakeTmp

Run Build Command(s):/Users/davidframpton/Library/Android/sdk/cmake/3.22.1/bin/ninja cmTC_02667 && [1/2] Building C object CMakeFiles/cmTC_02667.dir/CheckSymbolExists.c.o
[2/2] Linking C executable cmTC_02667


File /Users/davidframpton/Documents/blockheads2/katipoBrowser/waraki/android/app/.cxx/RelWithDebInfo/1i4p5v6e/arm64-v8a/CMakeFiles/CMakeTmp/CheckSymbolExists.c:
/* */
#include <float.h>
#include <iconv.h>
#include <inttypes.h>
#include <limits.h>
#include <malloc.h>
#include <math.h>
#include <memory.h>
#include <signal.h>
#include <stdarg.h>
#include <stdbool.h>
#include <stddef.h>
#include <stdint.h>
#include <stdio.h>
#include <stdlib.h>
#include <string.h>
#include <strings.h>
#include <sys/types.h>
#include <time.h>
#include <wchar.h>

int main(int argc, char** argv)
{
  (void)argv;
#ifndef sinf
  return ((int*)(&sinf))[argc];
#else
  (void)argc;
  return 0;
#endif
}
Determining if the sqrt exist passed with the following output:
Change Dir: /Users/davidframpton/Documents/blockheads2/katipoBrowser/waraki/android/app/.cxx/RelWithDebInfo/1i4p5v6e/arm64-v8a/CMakeFiles/CMakeTmp

Run Build Command(s):/Users/davidframpton/Library/Android/sdk/cmake/3.22.1/bin/ninja cmTC_211d7 && [1/2] Building C object CMakeFiles/cmTC_211d7.dir/CheckSymbolExists.c.o
[2/2] Linking C executable cmTC_211d7


File /Users/davidframpton/Documents/blockheads2/katipoBrowser/waraki/android/app/.cxx/RelWithDebInfo/1i4p5v6e/arm64-v8a/CMakeFiles/CMakeTmp/CheckSymbolExists.c:
/* */
#include <float.h>
#include <iconv.h>
#include <inttypes.h>
#include <limits.h>
#include <malloc.h>
#include <math.h>
#include <memory.h>
#include <signal.h>
#include <stdarg.h>
#include <stdbool.h>
#include <stddef.h>
#include <stdint.h>
#include <stdio.h>
#include <stdlib.h>
#include <string.h>
#include <strings.h>
#include <sys/types.h>
#include <time.h>
#include <wchar.h>

int main(int argc, char** argv)
{
  (void)argv;
#ifndef sqrt
  return ((int*)(&sqrt))[argc];
#else
  (void)argc;
  return 0;
#endif
}
Determining if the sqrtf exist passed with the following output:
Change Dir: /Users/davidframpton/Documents/blockheads2/katipoBrowser/waraki/android/app/.cxx/RelWithDebInfo/1i4p5v6e/arm64-v8a/CMakeFiles/CMakeTmp

Run Build Command(s):/Users/davidframpton/Library/Android/sdk/cmake/3.22.1/bin/ninja cmTC_038a1 && [1/2] Building C object CMakeFiles/cmTC_038a1.dir/CheckSymbolExists.c.o
[2/2] Linking C executable cmTC_038a1


File /Users/davidframpton/Documents/blockheads2/katipoBrowser/waraki/android/app/.cxx/RelWithDebInfo/1i4p5v6e/arm64-v8a/CMakeFiles/CMakeTmp/CheckSymbolExists.c:
/* */
#include <float.h>
#include <iconv.h>
#include <inttypes.h>
#include <limits.h>
#include <malloc.h>
#include <math.h>
#include <memory.h>
#include <signal.h>
#include <stdarg.h>
#include <stdbool.h>
#include <stddef.h>
#include <stdint.h>
#include <stdio.h>
#include <stdlib.h>
#include <string.h>
#include <strings.h>
#include <sys/types.h>
#include <time.h>
#include <wchar.h>

int main(int argc, char** argv)
{
  (void)argv;
#ifndef sqrtf
  return ((int*)(&sqrtf))[argc];
#else
  (void)argc;
  return 0;
#endif
}
Determining if the sscanf exist passed with the following output:
Change Dir: /Users/davidframpton/Documents/blockheads2/katipoBrowser/waraki/android/app/.cxx/RelWithDebInfo/1i4p5v6e/arm64-v8a/CMakeFiles/CMakeTmp

Run Build Command(s):/Users/davidframpton/Library/Android/sdk/cmake/3.22.1/bin/ninja cmTC_0a175 && [1/2] Building C object CMakeFiles/cmTC_0a175.dir/CheckSymbolExists.c.o
[2/2] Linking C executable cmTC_0a175


File /Users/davidframpton/Documents/blockheads2/katipoBrowser/waraki/android/app/.cxx/RelWithDebInfo/1i4p5v6e/arm64-v8a/CMakeFiles/CMakeTmp/CheckSymbolExists.c:
/* */
#include <float.h>
#include <iconv.h>
#include <inttypes.h>
#include <limits.h>
#include <malloc.h>
#include <math.h>
#include <memory.h>
#include <signal.h>
#include <stdarg.h>
#include <stdbool.h>
#include <stddef.h>
#include <stdint.h>
#include <stdio.h>
#include <stdlib.h>
#include <string.h>
#include <strings.h>
#include <sys/types.h>
#include <time.h>
#include <wchar.h>

int main(int argc, char** argv)
{
  (void)argv;
#ifndef sscanf
  return ((int*)(&sscanf))[argc];
#else
  (void)argc;
  return 0;
#endif
}
Determining if the strchr exist passed with the following output:
Change Dir: /Users/davidframpton/Documents/blockheads2/katipoBrowser/waraki/android/app/.cxx/RelWithDebInfo/1i4p5v6e/arm64-v8a/CMakeFiles/CMakeTmp

Run Build Command(s):/Users/davidframpton/Library/Android/sdk/cmake/3.22.1/bin/ninja cmTC_c1e48 && [1/2] Building C object CMakeFiles/cmTC_c1e48.dir/CheckSymbolExists.c.o
[2/2] Linking C executable cmTC_c1e48


File /Users/davidframpton/Documents/blockheads2/katipoBrowser/waraki/android/app/.cxx/RelWithDebInfo/1i4p5v6e/arm64-v8a/CMakeFiles/CMakeTmp/CheckSymbolExists.c:
/* */
#include <float.h>
#include <iconv.h>
#include <inttypes.h>
#include <limits.h>
#include <malloc.h>
#include <math.h>
#include <memory.h>
#include <signal.h>
#include <stdarg.h>
#include <stdbool.h>
#include <stddef.h>
#include <stdint.h>
#include <stdio.h>
#include <stdlib.h>
#include <string.h>
#include <strings.h>
#include <sys/types.h>
#include <time.h>
#include <wchar.h>

int main(int argc, char** argv)
{
  (void)argv;
#ifndef strchr
  return ((int*)(&strchr))[argc];
#else
  (void)argc;
  return 0;
#endif
}
Determining if the strcmp exist passed with the following output:
Change Dir: /Users/davidframpton/Documents/blockheads2/katipoBrowser/waraki/android/app/.cxx/RelWithDebInfo/1i4p5v6e/arm64-v8a/CMakeFiles/CMakeTmp

Run Build Command(s):/Users/davidframpton/Library/Android/sdk/cmake/3.22.1/bin/ninja cmTC_bc06c && [1/2] Building C object CMakeFiles/cmTC_bc06c.dir/CheckSymbolExists.c.o
[2/2] Linking C executable cmTC_bc06c


File /Users/davidframpton/Documents/blockheads2/katipoBrowser/waraki/android/app/.cxx/RelWithDebInfo/1i4p5v6e/arm64-v8a/CMakeFiles/CMakeTmp/CheckSymbolExists.c:
/* */
#include <float.h>
#include <iconv.h>
#include <inttypes.h>
#include <limits.h>
#include <malloc.h>
#include <math.h>
#include <memory.h>
#include <signal.h>
#include <stdarg.h>
#include <stdbool.h>
#include <stddef.h>
#include <stdint.h>
#include <stdio.h>
#include <stdlib.h>
#include <string.h>
#include <strings.h>
#include <sys/types.h>
#include <time.h>
#include <wchar.h>

int main(int argc, char** argv)
{
  (void)argv;
#ifndef strcmp
  return ((int*)(&strcmp))[argc];
#else
  (void)argc;
  return 0;
#endif
}
Determining if the strlcat exist passed with the following output:
Change Dir: /Users/davidframpton/Documents/blockheads2/katipoBrowser/waraki/android/app/.cxx/RelWithDebInfo/1i4p5v6e/arm64-v8a/CMakeFiles/CMakeTmp

Run Build Command(s):/Users/davidframpton/Library/Android/sdk/cmake/3.22.1/bin/ninja cmTC_6206f && [1/2] Building C object CMakeFiles/cmTC_6206f.dir/CheckSymbolExists.c.o
[2/2] Linking C executable cmTC_6206f


File /Users/davidframpton/Documents/blockheads2/katipoBrowser/waraki/android/app/.cxx/RelWithDebInfo/1i4p5v6e/arm64-v8a/CMakeFiles/CMakeTmp/CheckSymbolExists.c:
/* */
#include <float.h>
#include <iconv.h>
#include <inttypes.h>
#include <limits.h>
#include <malloc.h>
#include <math.h>
#include <memory.h>
#include <signal.h>
#include <stdarg.h>
#include <stdbool.h>
#include <stddef.h>
#include <stdint.h>
#include <stdio.h>
#include <stdlib.h>
#include <string.h>
#include <strings.h>
#include <sys/types.h>
#include <time.h>
#include <wchar.h>

int main(int argc, char** argv)
{
  (void)argv;
#ifndef strlcat
  return ((int*)(&strlcat))[argc];
#else
  (void)argc;
  return 0;
#endif
}
Determining if the strlcpy exist passed with the following output:
Change Dir: /Users/davidframpton/Documents/blockheads2/katipoBrowser/waraki/android/app/.cxx/RelWithDebInfo/1i4p5v6e/arm64-v8a/CMakeFiles/CMakeTmp

Run Build Command(s):/Users/davidframpton/Library/Android/sdk/cmake/3.22.1/bin/ninja cmTC_c43cf && [1/2] Building C object CMakeFiles/cmTC_c43cf.dir/CheckSymbolExists.c.o
[2/2] Linking C executable cmTC_c43cf


File /Users/davidframpton/Documents/blockheads2/katipoBrowser/waraki/android/app/.cxx/RelWithDebInfo/1i4p5v6e/arm64-v8a/CMakeFiles/CMakeTmp/CheckSymbolExists.c:
/* */
#include <float.h>
#include <iconv.h>
#include <inttypes.h>
#include <limits.h>
#include <malloc.h>
#include <math.h>
#include <memory.h>
#include <signal.h>
#include <stdarg.h>
#include <stdbool.h>
#include <stddef.h>
#include <stdint.h>
#include <stdio.h>
#include <stdlib.h>
#include <string.h>
#include <strings.h>
#include <sys/types.h>
#include <time.h>
#include <wchar.h>

int main(int argc, char** argv)
{
  (void)argv;
#ifndef strlcpy
  return ((int*)(&strlcpy))[argc];
#else
  (void)argc;
  return 0;
#endif
}
Determining if the strlen exist passed with the following output:
Change Dir: /Users/davidframpton/Documents/blockheads2/katipoBrowser/waraki/android/app/.cxx/RelWithDebInfo/1i4p5v6e/arm64-v8a/CMakeFiles/CMakeTmp

Run Build Command(s):/Users/davidframpton/Library/Android/sdk/cmake/3.22.1/bin/ninja cmTC_ed48b && [1/2] Building C object CMakeFiles/cmTC_ed48b.dir/CheckSymbolExists.c.o
[2/2] Linking C executable cmTC_ed48b


File /Users/davidframpton/Documents/blockheads2/katipoBrowser/waraki/android/app/.cxx/RelWithDebInfo/1i4p5v6e/arm64-v8a/CMakeFiles/CMakeTmp/CheckSymbolExists.c:
/* */
#include <float.h>
#include <iconv.h>
#include <inttypes.h>
#include <limits.h>
#include <malloc.h>
#include <math.h>
#include <memory.h>
#include <signal.h>
#include <stdarg.h>
#include <stdbool.h>
#include <stddef.h>
#include <stdint.h>
#include <stdio.h>
#include <stdlib.h>
#include <string.h>
#include <strings.h>
#include <sys/types.h>
#include <time.h>
#include <wchar.h>

int main(int argc, char** argv)
{
  (void)argv;
#ifndef strlen
  return ((int*)(&strlen))[argc];
#else
  (void)argc;
  return 0;
#endif
}
Determining if the strncmp exist passed with the following output:
Change Dir: /Users/davidframpton/Documents/blockheads2/katipoBrowser/waraki/android/app/.cxx/RelWithDebInfo/1i4p5v6e/arm64-v8a/CMakeFiles/CMakeTmp

Run Build Command(s):/Users/davidframpton/Library/Android/sdk/cmake/3.22.1/bin/ninja cmTC_72bf0 && [1/2] Building C object CMakeFiles/cmTC_72bf0.dir/CheckSymbolExists.c.o
[2/2] Linking C executable cmTC_72bf0


File /Users/davidframpton/Documents/blockheads2/katipoBrowser/waraki/android/app/.cxx/RelWithDebInfo/1i4p5v6e/arm64-v8a/CMakeFiles/CMakeTmp/CheckSymbolExists.c:
/* */
#include <float.h>
#include <iconv.h>
#include <inttypes.h>
#include <limits.h>
#include <malloc.h>
#include <math.h>
#include <memory.h>
#include <signal.h>
#include <stdarg.h>
#include <stdbool.h>
#include <stddef.h>
#include <stdint.h>
#include <stdio.h>
#include <stdlib.h>
#include <string.h>
#include <strings.h>
#include <sys/types.h>
#include <time.h>
#include <wchar.h>

int main(int argc, char** argv)
{
  (void)argv;
#ifndef strncmp
  return ((int*)(&strncmp))[argc];
#else
  (void)argc;
  return 0;
#endif
}
Determining if the strnlen exist passed with the following output:
Change Dir: /Users/davidframpton/Documents/blockheads2/katipoBrowser/waraki/android/app/.cxx/RelWithDebInfo/1i4p5v6e/arm64-v8a/CMakeFiles/CMakeTmp

Run Build Command(s):/Users/davidframpton/Library/Android/sdk/cmake/3.22.1/bin/ninja cmTC_a6376 && [1/2] Building C object CMakeFiles/cmTC_a6376.dir/CheckSymbolExists.c.o
[2/2] Linking C executable cmTC_a6376


File /Users/davidframpton/Documents/blockheads2/katipoBrowser/waraki/android/app/.cxx/RelWithDebInfo/1i4p5v6e/arm64-v8a/CMakeFiles/CMakeTmp/CheckSymbolExists.c:
/* */
#include <float.h>
#include <iconv.h>
#include <inttypes.h>
#include <limits.h>
#include <malloc.h>
#include <math.h>
#include <memory.h>
#include <signal.h>
#include <stdarg.h>
#include <stdbool.h>
#include <stddef.h>
#include <stdint.h>
#include <stdio.h>
#include <stdlib.h>
#include <string.h>
#include <strings.h>
#include <sys/types.h>
#include <time.h>
#include <wchar.h>

int main(int argc, char** argv)
{
  (void)argv;
#ifndef strnlen
  return ((int*)(&strnlen))[argc];
#else
  (void)argc;
  return 0;
#endif
}
Determining if the strpbrk exist passed with the following output:
Change Dir: /Users/davidframpton/Documents/blockheads2/katipoBrowser/waraki/android/app/.cxx/RelWithDebInfo/1i4p5v6e/arm64-v8a/CMakeFiles/CMakeTmp

Run Build Command(s):/Users/davidframpton/Library/Android/sdk/cmake/3.22.1/bin/ninja cmTC_dcda6 && [1/2] Building C object CMakeFiles/cmTC_dcda6.dir/CheckSymbolExists.c.o
[2/2] Linking C executable cmTC_dcda6


File /Users/davidframpton/Documents/blockheads2/katipoBrowser/waraki/android/app/.cxx/RelWithDebInfo/1i4p5v6e/arm64-v8a/CMakeFiles/CMakeTmp/CheckSymbolExists.c:
/* */
#include <float.h>
#include <iconv.h>
#include <inttypes.h>
#include <limits.h>
#include <malloc.h>
#include <math.h>
#include <memory.h>
#include <signal.h>
#include <stdarg.h>
#include <stdbool.h>
#include <stddef.h>
#include <stdint.h>
#include <stdio.h>
#include <stdlib.h>
#include <string.h>
#include <strings.h>
#include <sys/types.h>
#include <time.h>
#include <wchar.h>

int main(int argc, char** argv)
{
  (void)argv;
#ifndef strpbrk
  return ((int*)(&strpbrk))[argc];
#else
  (void)argc;
  return 0;
#endif
}
Determining if the strrchr exist passed with the following output:
Change Dir: /Users/davidframpton/Documents/blockheads2/katipoBrowser/waraki/android/app/.cxx/RelWithDebInfo/1i4p5v6e/arm64-v8a/CMakeFiles/CMakeTmp

Run Build Command(s):/Users/davidframpton/Library/Android/sdk/cmake/3.22.1/bin/ninja cmTC_aefd3 && [1/2] Building C object CMakeFiles/cmTC_aefd3.dir/CheckSymbolExists.c.o
[2/2] Linking C executable cmTC_aefd3


File /Users/davidframpton/Documents/blockheads2/katipoBrowser/waraki/android/app/.cxx/RelWithDebInfo/1i4p5v6e/arm64-v8a/CMakeFiles/CMakeTmp/CheckSymbolExists.c:
/* */
#include <float.h>
#include <iconv.h>
#include <inttypes.h>
#include <limits.h>
#include <malloc.h>
#include <math.h>
#include <memory.h>
#include <signal.h>
#include <stdarg.h>
#include <stdbool.h>
#include <stddef.h>
#include <stdint.h>
#include <stdio.h>
#include <stdlib.h>
#include <string.h>
#include <strings.h>
#include <sys/types.h>
#include <time.h>
#include <wchar.h>

int main(int argc, char** argv)
{
  (void)argv;
#ifndef strrchr
  return ((int*)(&strrchr))[argc];
#else
  (void)argc;
  return 0;
#endif
}
Determining if the strstr exist passed with the following output:
Change Dir: /Users/davidframpton/Documents/blockheads2/katipoBrowser/waraki/android/app/.cxx/RelWithDebInfo/1i4p5v6e/arm64-v8a/CMakeFiles/CMakeTmp

Run Build Command(s):/Users/davidframpton/Library/Android/sdk/cmake/3.22.1/bin/ninja cmTC_d4b44 && [1/2] Building C object CMakeFiles/cmTC_d4b44.dir/CheckSymbolExists.c.o
[2/2] Linking C executable cmTC_d4b44


File /Users/davidframpton/Documents/blockheads2/katipoBrowser/waraki/android/app/.cxx/RelWithDebInfo/1i4p5v6e/arm64-v8a/CMakeFiles/CMakeTmp/CheckSymbolExists.c:
/* */
#include <float.h>
#include <iconv.h>
#include <inttypes.h>
#include <limits.h>
#include <malloc.h>
#include <math.h>
#include <memory.h>
#include <signal.h>
#include <stdarg.h>
#include <stdbool.h>
#include <stddef.h>
#include <stdint.h>
#include <stdio.h>
#include <stdlib.h>
#include <string.h>
#include <strings.h>
#include <sys/types.h>
#include <time.h>
#include <wchar.h>

int main(int argc, char** argv)
{
  (void)argv;
#ifndef strstr
  return ((int*)(&strstr))[argc];
#else
  (void)argc;
  return 0;
#endif
}
Determining if the strtod exist passed with the following output:
Change Dir: /Users/davidframpton/Documents/blockheads2/katipoBrowser/waraki/android/app/.cxx/RelWithDebInfo/1i4p5v6e/arm64-v8a/CMakeFiles/CMakeTmp

Run Build Command(s):/Users/davidframpton/Library/Android/sdk/cmake/3.22.1/bin/ninja cmTC_5f178 && [1/2] Building C object CMakeFiles/cmTC_5f178.dir/CheckSymbolExists.c.o
[2/2] Linking C executable cmTC_5f178


File /Users/davidframpton/Documents/blockheads2/katipoBrowser/waraki/android/app/.cxx/RelWithDebInfo/1i4p5v6e/arm64-v8a/CMakeFiles/CMakeTmp/CheckSymbolExists.c:
/* */
#include <float.h>
#include <iconv.h>
#include <inttypes.h>
#include <limits.h>
#include <malloc.h>
#include <math.h>
#include <memory.h>
#include <signal.h>
#include <stdarg.h>
#include <stdbool.h>
#include <stddef.h>
#include <stdint.h>
#include <stdio.h>
#include <stdlib.h>
#include <string.h>
#include <strings.h>
#include <sys/types.h>
#include <time.h>
#include <wchar.h>

int main(int argc, char** argv)
{
  (void)argv;
#ifndef strtod
  return ((int*)(&strtod))[argc];
#else
  (void)argc;
  return 0;
#endif
}
Determining if the strtok_r exist passed with the following output:
Change Dir: /Users/davidframpton/Documents/blockheads2/katipoBrowser/waraki/android/app/.cxx/RelWithDebInfo/1i4p5v6e/arm64-v8a/CMakeFiles/CMakeTmp

Run Build Command(s):/Users/davidframpton/Library/Android/sdk/cmake/3.22.1/bin/ninja cmTC_3b00b && [1/2] Building C object CMakeFiles/cmTC_3b00b.dir/CheckSymbolExists.c.o
[2/2] Linking C executable cmTC_3b00b


File /Users/davidframpton/Documents/blockheads2/katipoBrowser/waraki/android/app/.cxx/RelWithDebInfo/1i4p5v6e/arm64-v8a/CMakeFiles/CMakeTmp/CheckSymbolExists.c:
/* */
#include <float.h>
#include <iconv.h>
#include <inttypes.h>
#include <limits.h>
#include <malloc.h>
#include <math.h>
#include <memory.h>
#include <signal.h>
#include <stdarg.h>
#include <stdbool.h>
#include <stddef.h>
#include <stdint.h>
#include <stdio.h>
#include <stdlib.h>
#include <string.h>
#include <strings.h>
#include <sys/types.h>
#include <time.h>
#include <wchar.h>

int main(int argc, char** argv)
{
  (void)argv;
#ifndef strtok_r
  return ((int*)(&strtok_r))[argc];
#else
  (void)argc;
  return 0;
#endif
}
Determining if the strtol exist passed with the following output:
Change Dir: /Users/davidframpton/Documents/blockheads2/katipoBrowser/waraki/android/app/.cxx/RelWithDebInfo/1i4p5v6e/arm64-v8a/CMakeFiles/CMakeTmp

Run Build Command(s):/Users/davidframpton/Library/Android/sdk/cmake/3.22.1/bin/ninja cmTC_d54dd && [1/2] Building C object CMakeFiles/cmTC_d54dd.dir/CheckSymbolExists.c.o
[2/2] Linking C executable cmTC_d54dd


File /Users/davidframpton/Documents/blockheads2/katipoBrowser/waraki/android/app/.cxx/RelWithDebInfo/1i4p5v6e/arm64-v8a/CMakeFiles/CMakeTmp/CheckSymbolExists.c:
/* */
#include <float.h>
#include <iconv.h>
#include <inttypes.h>
#include <limits.h>
#include <malloc.h>
#include <math.h>
#include <memory.h>
#include <signal.h>
#include <stdarg.h>
#include <stdbool.h>
#include <stddef.h>
#include <stdint.h>
#include <stdio.h>
#include <stdlib.h>
#include <string.h>
#include <strings.h>
#include <sys/types.h>
#include <time.h>
#include <wchar.h>

int main(int argc, char** argv)
{
  (void)argv;
#ifndef strtol
  return ((int*)(&strtol))[argc];
#else
  (void)argc;
  return 0;
#endif
}
Determining if the strtoll exist passed with the following output:
Change Dir: /Users/davidframpton/Documents/blockheads2/katipoBrowser/waraki/android/app/.cxx/RelWithDebInfo/1i4p5v6e/arm64-v8a/CMakeFiles/CMakeTmp

Run Build Command(s):/Users/davidframpton/Library/Android/sdk/cmake/3.22.1/bin/ninja cmTC_f1203 && [1/2] Building C object CMakeFiles/cmTC_f1203.dir/CheckSymbolExists.c.o
[2/2] Linking C executable cmTC_f1203


File /Users/davidframpton/Documents/blockheads2/katipoBrowser/waraki/android/app/.cxx/RelWithDebInfo/1i4p5v6e/arm64-v8a/CMakeFiles/CMakeTmp/CheckSymbolExists.c:
/* */
#include <float.h>
#include <iconv.h>
#include <inttypes.h>
#include <limits.h>
#include <malloc.h>
#include <math.h>
#include <memory.h>
#include <signal.h>
#include <stdarg.h>
#include <stdbool.h>
#include <stddef.h>
#include <stdint.h>
#include <stdio.h>
#include <stdlib.h>
#include <string.h>
#include <strings.h>
#include <sys/types.h>
#include <time.h>
#include <wchar.h>

int main(int argc, char** argv)
{
  (void)argv;
#ifndef strtoll
  return ((int*)(&strtoll))[argc];
#else
  (void)argc;
  return 0;
#endif
}
Determining if the strtoul exist passed with the following output:
Change Dir: /Users/davidframpton/Documents/blockheads2/katipoBrowser/waraki/android/app/.cxx/RelWithDebInfo/1i4p5v6e/arm64-v8a/CMakeFiles/CMakeTmp

Run Build Command(s):/Users/davidframpton/Library/Android/sdk/cmake/3.22.1/bin/ninja cmTC_dccf6 && [1/2] Building C object CMakeFiles/cmTC_dccf6.dir/CheckSymbolExists.c.o
[2/2] Linking C executable cmTC_dccf6


File /Users/davidframpton/Documents/blockheads2/katipoBrowser/waraki/android/app/.cxx/RelWithDebInfo/1i4p5v6e/arm64-v8a/CMakeFiles/CMakeTmp/CheckSymbolExists.c:
/* */
#include <float.h>
#include <iconv.h>
#include <inttypes.h>
#include <limits.h>
#include <malloc.h>
#include <math.h>
#include <memory.h>
#include <signal.h>
#include <stdarg.h>
#include <stdbool.h>
#include <stddef.h>
#include <stdint.h>
#include <stdio.h>
#include <stdlib.h>
#include <string.h>
#include <strings.h>
#include <sys/types.h>
#include <time.h>
#include <wchar.h>

int main(int argc, char** argv)
{
  (void)argv;
#ifndef strtoul
  return ((int*)(&strtoul))[argc];
#else
  (void)argc;
  return 0;
#endif
}
Determining if the strtoull exist passed with the following output:
Change Dir: /Users/davidframpton/Documents/blockheads2/katipoBrowser/waraki/android/app/.cxx/RelWithDebInfo/1i4p5v6e/arm64-v8a/CMakeFiles/CMakeTmp

Run Build Command(s):/Users/davidframpton/Library/Android/sdk/cmake/3.22.1/bin/ninja cmTC_1fbc4 && [1/2] Building C object CMakeFiles/cmTC_1fbc4.dir/CheckSymbolExists.c.o
[2/2] Linking C executable cmTC_1fbc4


File /Users/davidframpton/Documents/blockheads2/katipoBrowser/waraki/android/app/.cxx/RelWithDebInfo/1i4p5v6e/arm64-v8a/CMakeFiles/CMakeTmp/CheckSymbolExists.c:
/* */
#include <float.h>
#include <iconv.h>
#include <inttypes.h>
#include <limits.h>
#include <malloc.h>
#include <math.h>
#include <memory.h>
#include <signal.h>
#include <stdarg.h>
#include <stdbool.h>
#include <stddef.h>
#include <stdint.h>
#include <stdio.h>
#include <stdlib.h>
#include <string.h>
#include <strings.h>
#include <sys/types.h>
#include <time.h>
#include <wchar.h>

int main(int argc, char** argv)
{
  (void)argv;
#ifndef strtoull
  return ((int*)(&strtoull))[argc];
#else
  (void)argc;
  return 0;
#endif
}
Determining if the tan exist passed with the following output:
Change Dir: /Users/davidframpton/Documents/blockheads2/katipoBrowser/waraki/android/app/.cxx/RelWithDebInfo/1i4p5v6e/arm64-v8a/CMakeFiles/CMakeTmp

Run Build Command(s):/Users/davidframpton/Library/Android/sdk/cmake/3.22.1/bin/ninja cmTC_ce1bc && [1/2] Building C object CMakeFiles/cmTC_ce1bc.dir/CheckSymbolExists.c.o
[2/2] Linking C executable cmTC_ce1bc


File /Users/davidframpton/Documents/blockheads2/katipoBrowser/waraki/android/app/.cxx/RelWithDebInfo/1i4p5v6e/arm64-v8a/CMakeFiles/CMakeTmp/CheckSymbolExists.c:
/* */
#include <float.h>
#include <iconv.h>
#include <inttypes.h>
#include <limits.h>
#include <malloc.h>
#include <math.h>
#include <memory.h>
#include <signal.h>
#include <stdarg.h>
#include <stdbool.h>
#include <stddef.h>
#include <stdint.h>
#include <stdio.h>
#include <stdlib.h>
#include <string.h>
#include <strings.h>
#include <sys/types.h>
#include <time.h>
#include <wchar.h>

int main(int argc, char** argv)
{
  (void)argv;
#ifndef tan
  return ((int*)(&tan))[argc];
#else
  (void)argc;
  return 0;
#endif
}
Determining if the tanf exist passed with the following output:
Change Dir: /Users/davidframpton/Documents/blockheads2/katipoBrowser/waraki/android/app/.cxx/RelWithDebInfo/1i4p5v6e/arm64-v8a/CMakeFiles/CMakeTmp

Run Build Command(s):/Users/davidframpton/Library/Android/sdk/cmake/3.22.1/bin/ninja cmTC_bbc6f && [1/2] Building C object CMakeFiles/cmTC_bbc6f.dir/CheckSymbolExists.c.o
[2/2] Linking C executable cmTC_bbc6f


File /Users/davidframpton/Documents/blockheads2/katipoBrowser/waraki/android/app/.cxx/RelWithDebInfo/1i4p5v6e/arm64-v8a/CMakeFiles/CMakeTmp/CheckSymbolExists.c:
/* */
#include <float.h>
#include <iconv.h>
#include <inttypes.h>
#include <limits.h>
#include <malloc.h>
#include <math.h>
#include <memory.h>
#include <signal.h>
#include <stdarg.h>
#include <stdbool.h>
#include <stddef.h>
#include <stdint.h>
#include <stdio.h>
#include <stdlib.h>
#include <string.h>
#include <strings.h>
#include <sys/types.h>
#include <time.h>
#include <wchar.h>

int main(int argc, char** argv)
{
  (void)argv;
#ifndef tanf
  return ((int*)(&tanf))[argc];
#else
  (void)argc;
  return 0;
#endif
}
Determining if the trunc exist passed with the following output:
Change Dir: /Users/davidframpton/Documents/blockheads2/katipoBrowser/waraki/android/app/.cxx/RelWithDebInfo/1i4p5v6e/arm64-v8a/CMakeFiles/CMakeTmp

Run Build Command(s):/Users/davidframpton/Library/Android/sdk/cmake/3.22.1/bin/ninja cmTC_55142 && [1/2] Building C object CMakeFiles/cmTC_55142.dir/CheckSymbolExists.c.o
[2/2] Linking C executable cmTC_55142


File /Users/davidframpton/Documents/blockheads2/katipoBrowser/waraki/android/app/.cxx/RelWithDebInfo/1i4p5v6e/arm64-v8a/CMakeFiles/CMakeTmp/CheckSymbolExists.c:
/* */
#include <float.h>
#include <iconv.h>
#include <inttypes.h>
#include <limits.h>
#include <malloc.h>
#include <math.h>
#include <memory.h>
#include <signal.h>
#include <stdarg.h>
#include <stdbool.h>
#include <stddef.h>
#include <stdint.h>
#include <stdio.h>
#include <stdlib.h>
#include <string.h>
#include <strings.h>
#include <sys/types.h>
#include <time.h>
#include <wchar.h>

int main(int argc, char** argv)
{
  (void)argv;
#ifndef trunc
  return ((int*)(&trunc))[argc];
#else
  (void)argc;
  return 0;
#endif
}
Determining if the truncf exist passed with the following output:
Change Dir: /Users/davidframpton/Documents/blockheads2/katipoBrowser/waraki/android/app/.cxx/RelWithDebInfo/1i4p5v6e/arm64-v8a/CMakeFiles/CMakeTmp

Run Build Command(s):/Users/davidframpton/Library/Android/sdk/cmake/3.22.1/bin/ninja cmTC_8315a && [1/2] Building C object CMakeFiles/cmTC_8315a.dir/CheckSymbolExists.c.o
[2/2] Linking C executable cmTC_8315a


File /Users/davidframpton/Documents/blockheads2/katipoBrowser/waraki/android/app/.cxx/RelWithDebInfo/1i4p5v6e/arm64-v8a/CMakeFiles/CMakeTmp/CheckSymbolExists.c:
/* */
#include <float.h>
#include <iconv.h>
#include <inttypes.h>
#include <limits.h>
#include <malloc.h>
#include <math.h>
#include <memory.h>
#include <signal.h>
#include <stdarg.h>
#include <stdbool.h>
#include <stddef.h>
#include <stdint.h>
#include <stdio.h>
#include <stdlib.h>
#include <string.h>
#include <strings.h>
#include <sys/types.h>
#include <time.h>
#include <wchar.h>

int main(int argc, char** argv)
{
  (void)argv;
#ifndef truncf
  return ((int*)(&truncf))[argc];
#else
  (void)argc;
  return 0;
#endif
}
Determining if the unsetenv exist passed with the following output:
Change Dir: /Users/davidframpton/Documents/blockheads2/katipoBrowser/waraki/android/app/.cxx/RelWithDebInfo/1i4p5v6e/arm64-v8a/CMakeFiles/CMakeTmp

Run Build Command(s):/Users/davidframpton/Library/Android/sdk/cmake/3.22.1/bin/ninja cmTC_7164a && [1/2] Building C object CMakeFiles/cmTC_7164a.dir/CheckSymbolExists.c.o
[2/2] Linking C executable cmTC_7164a


File /Users/davidframpton/Documents/blockheads2/katipoBrowser/waraki/android/app/.cxx/RelWithDebInfo/1i4p5v6e/arm64-v8a/CMakeFiles/CMakeTmp/CheckSymbolExists.c:
/* */
#include <float.h>
#include <iconv.h>
#include <inttypes.h>
#include <limits.h>
#include <malloc.h>
#include <math.h>
#include <memory.h>
#include <signal.h>
#include <stdarg.h>
#include <stdbool.h>
#include <stddef.h>
#include <stdint.h>
#include <stdio.h>
#include <stdlib.h>
#include <string.h>
#include <strings.h>
#include <sys/types.h>
#include <time.h>
#include <wchar.h>

int main(int argc, char** argv)
{
  (void)argv;
#ifndef unsetenv
  return ((int*)(&unsetenv))[argc];
#else
  (void)argc;
  return 0;
#endif
}
Determining if the vsnprintf exist passed with the following output:
Change Dir: /Users/davidframpton/Documents/blockheads2/katipoBrowser/waraki/android/app/.cxx/RelWithDebInfo/1i4p5v6e/arm64-v8a/CMakeFiles/CMakeTmp

Run Build Command(s):/Users/davidframpton/Library/Android/sdk/cmake/3.22.1/bin/ninja cmTC_dc189 && [1/2] Building C object CMakeFiles/cmTC_dc189.dir/CheckSymbolExists.c.o
[2/2] Linking C executable cmTC_dc189


File /Users/davidframpton/Documents/blockheads2/katipoBrowser/waraki/android/app/.cxx/RelWithDebInfo/1i4p5v6e/arm64-v8a/CMakeFiles/CMakeTmp/CheckSymbolExists.c:
/* */
#include <float.h>
#include <iconv.h>
#include <inttypes.h>
#include <limits.h>
#include <malloc.h>
#include <math.h>
#include <memory.h>
#include <signal.h>
#include <stdarg.h>
#include <stdbool.h>
#include <stddef.h>
#include <stdint.h>
#include <stdio.h>
#include <stdlib.h>
#include <string.h>
#include <strings.h>
#include <sys/types.h>
#include <time.h>
#include <wchar.h>

int main(int argc, char** argv)
{
  (void)argv;
#ifndef vsnprintf
  return ((int*)(&vsnprintf))[argc];
#else
  (void)argc;
  return 0;
#endif
}
Determining if the vsscanf exist passed with the following output:
Change Dir: /Users/davidframpton/Documents/blockheads2/katipoBrowser/waraki/android/app/.cxx/RelWithDebInfo/1i4p5v6e/arm64-v8a/CMakeFiles/CMakeTmp

Run Build Command(s):/Users/davidframpton/Library/Android/sdk/cmake/3.22.1/bin/ninja cmTC_a6437 && [1/2] Building C object CMakeFiles/cmTC_a6437.dir/CheckSymbolExists.c.o
[2/2] Linking C executable cmTC_a6437


File /Users/davidframpton/Documents/blockheads2/katipoBrowser/waraki/android/app/.cxx/RelWithDebInfo/1i4p5v6e/arm64-v8a/CMakeFiles/CMakeTmp/CheckSymbolExists.c:
/* */
#include <float.h>
#include <iconv.h>
#include <inttypes.h>
#include <limits.h>
#include <malloc.h>
#include <math.h>
#include <memory.h>
#include <signal.h>
#include <stdarg.h>
#include <stdbool.h>
#include <stddef.h>
#include <stdint.h>
#include <stdio.h>
#include <stdlib.h>
#include <string.h>
#include <strings.h>
#include <sys/types.h>
#include <time.h>
#include <wchar.h>

int main(int argc, char** argv)
{
  (void)argv;
#ifndef vsscanf
  return ((int*)(&vsscanf))[argc];
#else
  (void)argc;
  return 0;
#endif
}
Determining if the wcsnlen exist passed with the following output:
Change Dir: /Users/davidframpton/Documents/blockheads2/katipoBrowser/waraki/android/app/.cxx/RelWithDebInfo/1i4p5v6e/arm64-v8a/CMakeFiles/CMakeTmp

Run Build Command(s):/Users/davidframpton/Library/Android/sdk/cmake/3.22.1/bin/ninja cmTC_8be64 && [1/2] Building C object CMakeFiles/cmTC_8be64.dir/CheckSymbolExists.c.o
[2/2] Linking C executable cmTC_8be64


File /Users/davidframpton/Documents/blockheads2/katipoBrowser/waraki/android/app/.cxx/RelWithDebInfo/1i4p5v6e/arm64-v8a/CMakeFiles/CMakeTmp/CheckSymbolExists.c:
/* */
#include <float.h>
#include <iconv.h>
#include <inttypes.h>
#include <limits.h>
#include <malloc.h>
#include <math.h>
#include <memory.h>
#include <signal.h>
#include <stdarg.h>
#include <stdbool.h>
#include <stddef.h>
#include <stdint.h>
#include <stdio.h>
#include <stdlib.h>
#include <string.h>
#include <strings.h>
#include <sys/types.h>
#include <time.h>
#include <wchar.h>

int main(int argc, char** argv)
{
  (void)argv;
#ifndef wcsnlen
  return ((int*)(&wcsnlen))[argc];
#else
  (void)argc;
  return 0;
#endif
}
Determining if the wcscmp exist passed with the following output:
Change Dir: /Users/davidframpton/Documents/blockheads2/katipoBrowser/waraki/android/app/.cxx/RelWithDebInfo/1i4p5v6e/arm64-v8a/CMakeFiles/CMakeTmp

Run Build Command(s):/Users/davidframpton/Library/Android/sdk/cmake/3.22.1/bin/ninja cmTC_deb98 && [1/2] Building C object CMakeFiles/cmTC_deb98.dir/CheckSymbolExists.c.o
[2/2] Linking C executable cmTC_deb98


File /Users/davidframpton/Documents/blockheads2/katipoBrowser/waraki/android/app/.cxx/RelWithDebInfo/1i4p5v6e/arm64-v8a/CMakeFiles/CMakeTmp/CheckSymbolExists.c:
/* */
#include <float.h>
#include <iconv.h>
#include <inttypes.h>
#include <limits.h>
#include <malloc.h>
#include <math.h>
#include <memory.h>
#include <signal.h>
#include <stdarg.h>
#include <stdbool.h>
#include <stddef.h>
#include <stdint.h>
#include <stdio.h>
#include <stdlib.h>
#include <string.h>
#include <strings.h>
#include <sys/types.h>
#include <time.h>
#include <wchar.h>

int main(int argc, char** argv)
{
  (void)argv;
#ifndef wcscmp
  return ((int*)(&wcscmp))[argc];
#else
  (void)argc;
  return 0;
#endif
}
Determining if the wcsdup exist passed with the following output:
Change Dir: /Users/davidframpton/Documents/blockheads2/katipoBrowser/waraki/android/app/.cxx/RelWithDebInfo/1i4p5v6e/arm64-v8a/CMakeFiles/CMakeTmp

Run Build Command(s):/Users/davidframpton/Library/Android/sdk/cmake/3.22.1/bin/ninja cmTC_01652 && [1/2] Building C object CMakeFiles/cmTC_01652.dir/CheckSymbolExists.c.o
[2/2] Linking C executable cmTC_01652


File /Users/davidframpton/Documents/blockheads2/katipoBrowser/waraki/android/app/.cxx/RelWithDebInfo/1i4p5v6e/arm64-v8a/CMakeFiles/CMakeTmp/CheckSymbolExists.c:
/* */
#include <float.h>
#include <iconv.h>
#include <inttypes.h>
#include <limits.h>
#include <malloc.h>
#include <math.h>
#include <memory.h>
#include <signal.h>
#include <stdarg.h>
#include <stdbool.h>
#include <stddef.h>
#include <stdint.h>
#include <stdio.h>
#include <stdlib.h>
#include <string.h>
#include <strings.h>
#include <sys/types.h>
#include <time.h>
#include <wchar.h>

int main(int argc, char** argv)
{
  (void)argv;
#ifndef wcsdup
  return ((int*)(&wcsdup))[argc];
#else
  (void)argc;
  return 0;
#endif
}
Determining if the wcslcat exist passed with the following output:
Change Dir: /Users/davidframpton/Documents/blockheads2/katipoBrowser/waraki/android/app/.cxx/RelWithDebInfo/1i4p5v6e/arm64-v8a/CMakeFiles/CMakeTmp

Run Build Command(s):/Users/davidframpton/Library/Android/sdk/cmake/3.22.1/bin/ninja cmTC_6fc3b && [1/2] Building C object CMakeFiles/cmTC_6fc3b.dir/CheckSymbolExists.c.o
[2/2] Linking C executable cmTC_6fc3b


File /Users/davidframpton/Documents/blockheads2/katipoBrowser/waraki/android/app/.cxx/RelWithDebInfo/1i4p5v6e/arm64-v8a/CMakeFiles/CMakeTmp/CheckSymbolExists.c:
/* */
#include <float.h>
#include <iconv.h>
#include <inttypes.h>
#include <limits.h>
#include <malloc.h>
#include <math.h>
#include <memory.h>
#include <signal.h>
#include <stdarg.h>
#include <stdbool.h>
#include <stddef.h>
#include <stdint.h>
#include <stdio.h>
#include <stdlib.h>
#include <string.h>
#include <strings.h>
#include <sys/types.h>
#include <time.h>
#include <wchar.h>

int main(int argc, char** argv)
{
  (void)argv;
#ifndef wcslcat
  return ((int*)(&wcslcat))[argc];
#else
  (void)argc;
  return 0;
#endif
}
Determining if the wcslcpy exist passed with the following output:
Change Dir: /Users/davidframpton/Documents/blockheads2/katipoBrowser/waraki/android/app/.cxx/RelWithDebInfo/1i4p5v6e/arm64-v8a/CMakeFiles/CMakeTmp

Run Build Command(s):/Users/davidframpton/Library/Android/sdk/cmake/3.22.1/bin/ninja cmTC_2e773 && [1/2] Building C object CMakeFiles/cmTC_2e773.dir/CheckSymbolExists.c.o
[2/2] Linking C executable cmTC_2e773


File /Users/davidframpton/Documents/blockheads2/katipoBrowser/waraki/android/app/.cxx/RelWithDebInfo/1i4p5v6e/arm64-v8a/CMakeFiles/CMakeTmp/CheckSymbolExists.c:
/* */
#include <float.h>
#include <iconv.h>
#include <inttypes.h>
#include <limits.h>
#include <malloc.h>
#include <math.h>
#include <memory.h>
#include <signal.h>
#include <stdarg.h>
#include <stdbool.h>
#include <stddef.h>
#include <stdint.h>
#include <stdio.h>
#include <stdlib.h>
#include <string.h>
#include <strings.h>
#include <sys/types.h>
#include <time.h>
#include <wchar.h>

int main(int argc, char** argv)
{
  (void)argv;
#ifndef wcslcpy
  return ((int*)(&wcslcpy))[argc];
#else
  (void)argc;
  return 0;
#endif
}
Determining if the wcslen exist passed with the following output:
Change Dir: /Users/davidframpton/Documents/blockheads2/katipoBrowser/waraki/android/app/.cxx/RelWithDebInfo/1i4p5v6e/arm64-v8a/CMakeFiles/CMakeTmp

Run Build Command(s):/Users/davidframpton/Library/Android/sdk/cmake/3.22.1/bin/ninja cmTC_eae53 && [1/2] Building C object CMakeFiles/cmTC_eae53.dir/CheckSymbolExists.c.o
[2/2] Linking C executable cmTC_eae53


File /Users/davidframpton/Documents/blockheads2/katipoBrowser/waraki/android/app/.cxx/RelWithDebInfo/1i4p5v6e/arm64-v8a/CMakeFiles/CMakeTmp/CheckSymbolExists.c:
/* */
#include <float.h>
#include <iconv.h>
#include <inttypes.h>
#include <limits.h>
#include <malloc.h>
#include <math.h>
#include <memory.h>
#include <signal.h>
#include <stdarg.h>
#include <stdbool.h>
#include <stddef.h>
#include <stdint.h>
#include <stdio.h>
#include <stdlib.h>
#include <string.h>
#include <strings.h>
#include <sys/types.h>
#include <time.h>
#include <wchar.h>

int main(int argc, char** argv)
{
  (void)argv;
#ifndef wcslen
  return ((int*)(&wcslen))[argc];
#else
  (void)argc;
  return 0;
#endif
}
Determining if the wcsncmp exist passed with the following output:
Change Dir: /Users/davidframpton/Documents/blockheads2/katipoBrowser/waraki/android/app/.cxx/RelWithDebInfo/1i4p5v6e/arm64-v8a/CMakeFiles/CMakeTmp

Run Build Command(s):/Users/davidframpton/Library/Android/sdk/cmake/3.22.1/bin/ninja cmTC_68ae5 && [1/2] Building C object CMakeFiles/cmTC_68ae5.dir/CheckSymbolExists.c.o
[2/2] Linking C executable cmTC_68ae5


File /Users/davidframpton/Documents/blockheads2/katipoBrowser/waraki/android/app/.cxx/RelWithDebInfo/1i4p5v6e/arm64-v8a/CMakeFiles/CMakeTmp/CheckSymbolExists.c:
/* */
#include <float.h>
#include <iconv.h>
#include <inttypes.h>
#include <limits.h>
#include <malloc.h>
#include <math.h>
#include <memory.h>
#include <signal.h>
#include <stdarg.h>
#include <stdbool.h>
#include <stddef.h>
#include <stdint.h>
#include <stdio.h>
#include <stdlib.h>
#include <string.h>
#include <strings.h>
#include <sys/types.h>
#include <time.h>
#include <wchar.h>

int main(int argc, char** argv)
{
  (void)argv;
#ifndef wcsncmp
  return ((int*)(&wcsncmp))[argc];
#else
  (void)argc;
  return 0;
#endif
}
Determining if the wcsstr exist passed with the following output:
Change Dir: /Users/davidframpton/Documents/blockheads2/katipoBrowser/waraki/android/app/.cxx/RelWithDebInfo/1i4p5v6e/arm64-v8a/CMakeFiles/CMakeTmp

Run Build Command(s):/Users/davidframpton/Library/Android/sdk/cmake/3.22.1/bin/ninja cmTC_c0bd1 && [1/2] Building C object CMakeFiles/cmTC_c0bd1.dir/CheckSymbolExists.c.o
[2/2] Linking C executable cmTC_c0bd1


File /Users/davidframpton/Documents/blockheads2/katipoBrowser/waraki/android/app/.cxx/RelWithDebInfo/1i4p5v6e/arm64-v8a/CMakeFiles/CMakeTmp/CheckSymbolExists.c:
/* */
#include <float.h>
#include <iconv.h>
#include <inttypes.h>
#include <limits.h>
#include <malloc.h>
#include <math.h>
#include <memory.h>
#include <signal.h>
#include <stdarg.h>
#include <stdbool.h>
#include <stddef.h>
#include <stdint.h>
#include <stdio.h>
#include <stdlib.h>
#include <string.h>
#include <strings.h>
#include <sys/types.h>
#include <time.h>
#include <wchar.h>

int main(int argc, char** argv)
{
  (void)argv;
#ifndef wcsstr
  return ((int*)(&wcsstr))[argc];
#else
  (void)argc;
  return 0;
#endif
}
Determining if the wcstol exist passed with the following output:
Change Dir: /Users/davidframpton/Documents/blockheads2/katipoBrowser/waraki/android/app/.cxx/RelWithDebInfo/1i4p5v6e/arm64-v8a/CMakeFiles/CMakeTmp

Run Build Command(s):/Users/davidframpton/Library/Android/sdk/cmake/3.22.1/bin/ninja cmTC_a13ba && [1/2] Building C object CMakeFiles/cmTC_a13ba.dir/CheckSymbolExists.c.o
[2/2] Linking C executable cmTC_a13ba


File /Users/davidframpton/Documents/blockheads2/katipoBrowser/waraki/android/app/.cxx/RelWithDebInfo/1i4p5v6e/arm64-v8a/CMakeFiles/CMakeTmp/CheckSymbolExists.c:
/* */
#include <float.h>
#include <iconv.h>
#include <inttypes.h>
#include <limits.h>
#include <malloc.h>
#include <math.h>
#include <memory.h>
#include <signal.h>
#include <stdarg.h>
#include <stdbool.h>
#include <stddef.h>
#include <stdint.h>
#include <stdio.h>
#include <stdlib.h>
#include <string.h>
#include <strings.h>
#include <sys/types.h>
#include <time.h>
#include <wchar.h>

int main(int argc, char** argv)
{
  (void)argv;
#ifndef wcstol
  return ((int*)(&wcstol))[argc];
#else
  (void)argc;
  return 0;
#endif
}
Determining if the strcasestr exist passed with the following output:
Change Dir: /Users/davidframpton/Documents/blockheads2/katipoBrowser/waraki/android/app/.cxx/RelWithDebInfo/1i4p5v6e/arm64-v8a/CMakeFiles/CMakeTmp

Run Build Command(s):/Users/davidframpton/Library/Android/sdk/cmake/3.22.1/bin/ninja cmTC_dba34 && [1/2] Building C object CMakeFiles/cmTC_dba34.dir/CheckSymbolExists.c.o
[2/2] Linking C executable cmTC_dba34


File /Users/davidframpton/Documents/blockheads2/katipoBrowser/waraki/android/app/.cxx/RelWithDebInfo/1i4p5v6e/arm64-v8a/CMakeFiles/CMakeTmp/CheckSymbolExists.c:
/* */
#include <float.h>
#include <iconv.h>
#include <inttypes.h>
#include <limits.h>
#include <malloc.h>
#include <math.h>
#include <memory.h>
#include <signal.h>
#include <stdarg.h>
#include <stdbool.h>
#include <stddef.h>
#include <stdint.h>
#include <stdio.h>
#include <stdlib.h>
#include <string.h>
#include <strings.h>
#include <sys/types.h>
#include <time.h>
#include <wchar.h>

int main(int argc, char** argv)
{
  (void)argv;
#ifndef strcasestr
  return ((int*)(&strcasestr))[argc];
#else
  (void)argc;
  return 0;
#endif
}
Performing C SOURCE FILE Test LIBC_HAS_ISINF succeeded with the following output:
Change Dir: /Users/davidframpton/Documents/blockheads2/katipoBrowser/waraki/android/app/.cxx/RelWithDebInfo/1i4p5v6e/arm64-v8a/CMakeFiles/CMakeTmp

Run Build Command(s):/Users/davidframpton/Library/Android/sdk/cmake/3.22.1/bin/ninja cmTC_4a452 && [1/2] Building C object CMakeFiles/cmTC_4a452.dir/src.c.o
[2/2] Linking C executable cmTC_4a452


Source file was:

        #include <math.h>
        int main() {
          double d = 3.14159;
          return isinf(d);
        }
      
Performing C SOURCE FILE Test LIBC_ISINF_HANDLES_FLOAT succeeded with the following output:
Change Dir: /Users/davidframpton/Documents/blockheads2/katipoBrowser/waraki/android/app/.cxx/RelWithDebInfo/1i4p5v6e/arm64-v8a/CMakeFiles/CMakeTmp

Run Build Command(s):/Users/davidframpton/Library/Android/sdk/cmake/3.22.1/bin/ninja cmTC_06dbc && [1/2] Building C object CMakeFiles/cmTC_06dbc.dir/src.c.o
[2/2] Linking C executable cmTC_06dbc


Source file was:

      #include <math.h>
      int main() {
        float f = 3.14159f;
        return isinf(f);
      }
    
Performing C SOURCE FILE Test LIBC_HAS_ISINFF succeeded with the following output:
Change Dir: /Users/davidframpton/Documents/blockheads2/katipoBrowser/waraki/android/app/.cxx/RelWithDebInfo/1i4p5v6e/arm64-v8a/CMakeFiles/CMakeTmp

Run Build Command(s):/Users/davidframpton/Library/Android/sdk/cmake/3.22.1/bin/ninja cmTC_d9764 && [1/2] Building C object CMakeFiles/cmTC_d9764.dir/src.c.o
[2/2] Linking C executable cmTC_d9764


Source file was:

      #include <math.h>
      int main() {
        float f = 3.14159f;
        return isinff(f);
      }
    
Performing C SOURCE FILE Test LIBC_HAS_ISNAN succeeded with the following output:
Change Dir: /Users/davidframpton/Documents/blockheads2/katipoBrowser/waraki/android/app/.cxx/RelWithDebInfo/1i4p5v6e/arm64-v8a/CMakeFiles/CMakeTmp

Run Build Command(s):/Users/davidframpton/Library/Android/sdk/cmake/3.22.1/bin/ninja cmTC_12e6d && [1/2] Building C object CMakeFiles/cmTC_12e6d.dir/src.c.o
[2/2] Linking C executable cmTC_12e6d


Source file was:

        #include <math.h>
        int main() {
          double d = 3.14159;
          return isnan(d);
        }
      
Performing C SOURCE FILE Test LIBC_ISNAN_HANDLES_FLOAT succeeded with the following output:
Change Dir: /Users/davidframpton/Documents/blockheads2/katipoBrowser/waraki/android/app/.cxx/RelWithDebInfo/1i4p5v6e/arm64-v8a/CMakeFiles/CMakeTmp

Run Build Command(s):/Users/davidframpton/Library/Android/sdk/cmake/3.22.1/bin/ninja cmTC_8bf1b && [1/2] Building C object CMakeFiles/cmTC_8bf1b.dir/src.c.o
[2/2] Linking C executable cmTC_8bf1b


Source file was:

      #include <math.h>
      int main() {
        float f = 3.14159f;
        return isnan(f);
      }
    
Performing C SOURCE FILE Test LIBC_HAS_ISNANF succeeded with the following output:
Change Dir: /Users/davidframpton/Documents/blockheads2/katipoBrowser/waraki/android/app/.cxx/RelWithDebInfo/1i4p5v6e/arm64-v8a/CMakeFiles/CMakeTmp

Run Build Command(s):/Users/davidframpton/Library/Android/sdk/cmake/3.22.1/bin/ninja cmTC_3652b && [1/2] Building C object CMakeFiles/cmTC_3652b.dir/src.c.o
[2/2] Linking C executable cmTC_3652b


Source file was:

      #include <math.h>
      int main() {
        float f = 3.14159f;
        return isnanf(f);
      }
    
Determining if the fdatasync exist passed with the following output:
Change Dir: /Users/davidframpton/Documents/blockheads2/katipoBrowser/waraki/android/app/.cxx/RelWithDebInfo/1i4p5v6e/arm64-v8a/CMakeFiles/CMakeTmp

Run Build Command(s):/Users/davidframpton/Library/Android/sdk/cmake/3.22.1/bin/ninja cmTC_e81af && [1/2] Building C object CMakeFiles/cmTC_e81af.dir/CheckSymbolExists.c.o
[2/2] Linking C executable cmTC_e81af


File /Users/davidframpton/Documents/blockheads2/katipoBrowser/waraki/android/app/.cxx/RelWithDebInfo/1i4p5v6e/arm64-v8a/CMakeFiles/CMakeTmp/CheckSymbolExists.c:
/* */
#include <unistd.h>

int main(int argc, char** argv)
{
  (void)argv;
#ifndef fdatasync
  return ((int*)(&fdatasync))[argc];
#else
  (void)argc;
  return 0;
#endif
}
Determining if the gethostname exist passed with the following output:
Change Dir: /Users/davidframpton/Documents/blockheads2/katipoBrowser/waraki/android/app/.cxx/RelWithDebInfo/1i4p5v6e/arm64-v8a/CMakeFiles/CMakeTmp

Run Build Command(s):/Users/davidframpton/Library/Android/sdk/cmake/3.22.1/bin/ninja cmTC_89e5b && [1/2] Building C object CMakeFiles/cmTC_89e5b.dir/CheckSymbolExists.c.o
[2/2] Linking C executable cmTC_89e5b


File /Users/davidframpton/Documents/blockheads2/katipoBrowser/waraki/android/app/.cxx/RelWithDebInfo/1i4p5v6e/arm64-v8a/CMakeFiles/CMakeTmp/CheckSymbolExists.c:
/* */
#include <unistd.h>

int main(int argc, char** argv)
{
  (void)argv;
#ifndef gethostname
  return ((int*)(&gethostname))[argc];
#else
  (void)argc;
  return 0;
#endif
}
Determining if the getpagesize exist passed with the following output:
Change Dir: /Users/davidframpton/Documents/blockheads2/katipoBrowser/waraki/android/app/.cxx/RelWithDebInfo/1i4p5v6e/arm64-v8a/CMakeFiles/CMakeTmp

Run Build Command(s):/Users/davidframpton/Library/Android/sdk/cmake/3.22.1/bin/ninja cmTC_f2c53 && [1/2] Building C object CMakeFiles/cmTC_f2c53.dir/CheckSymbolExists.c.o
[2/2] Linking C executable cmTC_f2c53


File /Users/davidframpton/Documents/blockheads2/katipoBrowser/waraki/android/app/.cxx/RelWithDebInfo/1i4p5v6e/arm64-v8a/CMakeFiles/CMakeTmp/CheckSymbolExists.c:
/* */
#include <unistd.h>

int main(int argc, char** argv)
{
  (void)argv;
#ifndef getpagesize
  return ((int*)(&getpagesize))[argc];
#else
  (void)argc;
  return 0;
#endif
}
Determining if the getresgid exist passed with the following output:
Change Dir: /Users/davidframpton/Documents/blockheads2/katipoBrowser/waraki/android/app/.cxx/RelWithDebInfo/1i4p5v6e/arm64-v8a/CMakeFiles/CMakeTmp

Run Build Command(s):/Users/davidframpton/Library/Android/sdk/cmake/3.22.1/bin/ninja cmTC_f3cb1 && [1/2] Building C object CMakeFiles/cmTC_f3cb1.dir/CheckSymbolExists.c.o
[2/2] Linking C executable cmTC_f3cb1


File /Users/davidframpton/Documents/blockheads2/katipoBrowser/waraki/android/app/.cxx/RelWithDebInfo/1i4p5v6e/arm64-v8a/CMakeFiles/CMakeTmp/CheckSymbolExists.c:
/* */
#include <unistd.h>

int main(int argc, char** argv)
{
  (void)argv;
#ifndef getresgid
  return ((int*)(&getresgid))[argc];
#else
  (void)argc;
  return 0;
#endif
}
Determining if the getresuid exist passed with the following output:
Change Dir: /Users/davidframpton/Documents/blockheads2/katipoBrowser/waraki/android/app/.cxx/RelWithDebInfo/1i4p5v6e/arm64-v8a/CMakeFiles/CMakeTmp

Run Build Command(s):/Users/davidframpton/Library/Android/sdk/cmake/3.22.1/bin/ninja cmTC_539ae && [1/2] Building C object CMakeFiles/cmTC_539ae.dir/CheckSymbolExists.c.o
[2/2] Linking C executable cmTC_539ae


File /Users/davidframpton/Documents/blockheads2/katipoBrowser/waraki/android/app/.cxx/RelWithDebInfo/1i4p5v6e/arm64-v8a/CMakeFiles/CMakeTmp/CheckSymbolExists.c:
/* */
#include <unistd.h>

int main(int argc, char** argv)
{
  (void)argv;
#ifndef getresuid
  return ((int*)(&getresuid))[argc];
#else
  (void)argc;
  return 0;
#endif
}
Determining if the sigaction exist passed with the following output:
Change Dir: /Users/davidframpton/Documents/blockheads2/katipoBrowser/waraki/android/app/.cxx/RelWithDebInfo/1i4p5v6e/arm64-v8a/CMakeFiles/CMakeTmp

Run Build Command(s):/Users/davidframpton/Library/Android/sdk/cmake/3.22.1/bin/ninja cmTC_87907 && [1/2] Building C object CMakeFiles/cmTC_87907.dir/CheckSymbolExists.c.o
[2/2] Linking C executable cmTC_87907


File /Users/davidframpton/Documents/blockheads2/katipoBrowser/waraki/android/app/.cxx/RelWithDebInfo/1i4p5v6e/arm64-v8a/CMakeFiles/CMakeTmp/CheckSymbolExists.c:
/* */
#include <signal.h>

int main(int argc, char** argv)
{
  (void)argv;
#ifndef sigaction
  return ((int*)(&sigaction))[argc];
#else
  (void)argc;
  return 0;
#endif
}
Determining if the setjmp exist passed with the following output:
Change Dir: /Users/davidframpton/Documents/blockheads2/katipoBrowser/waraki/android/app/.cxx/RelWithDebInfo/1i4p5v6e/arm64-v8a/CMakeFiles/CMakeTmp

Run Build Command(s):/Users/davidframpton/Library/Android/sdk/cmake/3.22.1/bin/ninja cmTC_86583 && [1/2] Building C object CMakeFiles/cmTC_86583.dir/CheckSymbolExists.c.o
[2/2] Linking C executable cmTC_86583


File /Users/davidframpton/Documents/blockheads2/katipoBrowser/waraki/android/app/.cxx/RelWithDebInfo/1i4p5v6e/arm64-v8a/CMakeFiles/CMakeTmp/CheckSymbolExists.c:
/* */
#include <setjmp.h>

int main(int argc, char** argv)
{
  (void)argv;
#ifndef setjmp
  return ((int*)(&setjmp))[argc];
#else
  (void)argc;
  return 0;
#endif
}
Determining if the nanosleep exist passed with the following output:
Change Dir: /Users/davidframpton/Documents/blockheads2/katipoBrowser/waraki/android/app/.cxx/RelWithDebInfo/1i4p5v6e/arm64-v8a/CMakeFiles/CMakeTmp

Run Build Command(s):/Users/davidframpton/Library/Android/sdk/cmake/3.22.1/bin/ninja cmTC_860db && [1/2] Building C object CMakeFiles/cmTC_860db.dir/CheckSymbolExists.c.o
[2/2] Linking C executable cmTC_860db


File /Users/davidframpton/Documents/blockheads2/katipoBrowser/waraki/android/app/.cxx/RelWithDebInfo/1i4p5v6e/arm64-v8a/CMakeFiles/CMakeTmp/CheckSymbolExists.c:
/* */
#include <time.h>

int main(int argc, char** argv)
{
  (void)argv;
#ifndef nanosleep
  return ((int*)(&nanosleep))[argc];
#else
  (void)argc;
  return 0;
#endif
}
Determining if the gmtime_r exist passed with the following output:
Change Dir: /Users/davidframpton/Documents/blockheads2/katipoBrowser/waraki/android/app/.cxx/RelWithDebInfo/1i4p5v6e/arm64-v8a/CMakeFiles/CMakeTmp

Run Build Command(s):/Users/davidframpton/Library/Android/sdk/cmake/3.22.1/bin/ninja cmTC_54564 && [1/2] Building C object CMakeFiles/cmTC_54564.dir/CheckSymbolExists.c.o
[2/2] Linking C executable cmTC_54564


File /Users/davidframpton/Documents/blockheads2/katipoBrowser/waraki/android/app/.cxx/RelWithDebInfo/1i4p5v6e/arm64-v8a/CMakeFiles/CMakeTmp/CheckSymbolExists.c:
/* */
#include <time.h>

int main(int argc, char** argv)
{
  (void)argv;
#ifndef gmtime_r
  return ((int*)(&gmtime_r))[argc];
#else
  (void)argc;
  return 0;
#endif
}
Determining if the localtime_r exist passed with the following output:
Change Dir: /Users/davidframpton/Documents/blockheads2/katipoBrowser/waraki/android/app/.cxx/RelWithDebInfo/1i4p5v6e/arm64-v8a/CMakeFiles/CMakeTmp

Run Build Command(s):/Users/davidframpton/Library/Android/sdk/cmake/3.22.1/bin/ninja cmTC_be199 && [1/2] Building C object CMakeFiles/cmTC_be199.dir/CheckSymbolExists.c.o
[2/2] Linking C executable cmTC_be199


File /Users/davidframpton/Documents/blockheads2/katipoBrowser/waraki/android/app/.cxx/RelWithDebInfo/1i4p5v6e/arm64-v8a/CMakeFiles/CMakeTmp/CheckSymbolExists.c:
/* */
#include <time.h>

int main(int argc, char** argv)
{
  (void)argv;
#ifndef localtime_r
  return ((int*)(&localtime_r))[argc];
#else
  (void)argc;
  return 0;
#endif
}
Determining if the sysconf exist passed with the following output:
Change Dir: /Users/davidframpton/Documents/blockheads2/katipoBrowser/waraki/android/app/.cxx/RelWithDebInfo/1i4p5v6e/arm64-v8a/CMakeFiles/CMakeTmp

Run Build Command(s):/Users/davidframpton/Library/Android/sdk/cmake/3.22.1/bin/ninja cmTC_a0be7 && [1/2] Building C object CMakeFiles/cmTC_a0be7.dir/CheckSymbolExists.c.o
[2/2] Linking C executable cmTC_a0be7


File /Users/davidframpton/Documents/blockheads2/katipoBrowser/waraki/android/app/.cxx/RelWithDebInfo/1i4p5v6e/arm64-v8a/CMakeFiles/CMakeTmp/CheckSymbolExists.c:
/* */
#include <unistd.h>

int main(int argc, char** argv)
{
  (void)argv;
#ifndef sysconf
  return ((int*)(&sysconf))[argc];
#else
  (void)argc;
  return 0;
#endif
}
Determining if the getauxval exist passed with the following output:
Change Dir: /Users/davidframpton/Documents/blockheads2/katipoBrowser/waraki/android/app/.cxx/RelWithDebInfo/1i4p5v6e/arm64-v8a/CMakeFiles/CMakeTmp

Run Build Command(s):/Users/davidframpton/Library/Android/sdk/cmake/3.22.1/bin/ninja cmTC_3ba8b && [1/2] Building C object CMakeFiles/cmTC_3ba8b.dir/CheckSymbolExists.c.o
[2/2] Linking C executable cmTC_3ba8b


File /Users/davidframpton/Documents/blockheads2/katipoBrowser/waraki/android/app/.cxx/RelWithDebInfo/1i4p5v6e/arm64-v8a/CMakeFiles/CMakeTmp/CheckSymbolExists.c:
/* */
#include <sys/auxv.h>

int main(int argc, char** argv)
{
  (void)argv;
#ifndef getauxval
  return ((int*)(&getauxval))[argc];
#else
  (void)argc;
  return 0;
#endif
}
Determining if the ppoll exist passed with the following output:
Change Dir: /Users/davidframpton/Documents/blockheads2/katipoBrowser/waraki/android/app/.cxx/RelWithDebInfo/1i4p5v6e/arm64-v8a/CMakeFiles/CMakeTmp

Run Build Command(s):/Users/davidframpton/Library/Android/sdk/cmake/3.22.1/bin/ninja cmTC_1ac95 && [1/2] Building C object CMakeFiles/cmTC_1ac95.dir/CheckSymbolExists.c.o
[2/2] Linking C executable cmTC_1ac95


File /Users/davidframpton/Documents/blockheads2/katipoBrowser/waraki/android/app/.cxx/RelWithDebInfo/1i4p5v6e/arm64-v8a/CMakeFiles/CMakeTmp/CheckSymbolExists.c:
/* */
#include <poll.h>

int main(int argc, char** argv)
{
  (void)argv;
#ifndef ppoll
  return ((int*)(&ppoll))[argc];
#else
  (void)argc;
  return 0;
#endif
}
Determining if the posix_fallocate exist passed with the following output:
Change Dir: /Users/davidframpton/Documents/blockheads2/katipoBrowser/waraki/android/app/.cxx/RelWithDebInfo/1i4p5v6e/arm64-v8a/CMakeFiles/CMakeTmp

Run Build Command(s):/Users/davidframpton/Library/Android/sdk/cmake/3.22.1/bin/ninja cmTC_67281 && [1/2] Building C object CMakeFiles/cmTC_67281.dir/CheckSymbolExists.c.o
[2/2] Linking C executable cmTC_67281


File /Users/davidframpton/Documents/blockheads2/katipoBrowser/waraki/android/app/.cxx/RelWithDebInfo/1i4p5v6e/arm64-v8a/CMakeFiles/CMakeTmp/CheckSymbolExists.c:
/* */
#include <fcntl.h>

int main(int argc, char** argv)
{
  (void)argv;
#ifndef posix_fallocate
  return ((int*)(&posix_fallocate))[argc];
#else
  (void)argc;
  return 0;
#endif
}
Performing C SOURCE FILE Test HAVE_SA_SIGACTION succeeded with the following output:
Change Dir: /Users/davidframpton/Documents/blockheads2/katipoBrowser/waraki/android/app/.cxx/RelWithDebInfo/1i4p5v6e/arm64-v8a/CMakeFiles/CMakeTmp

Run Build Command(s):/Users/davidframpton/Library/Android/sdk/cmake/3.22.1/bin/ninja cmTC_0f886 && [1/2] Building C object CMakeFiles/cmTC_0f886.dir/src.c.o
[2/2] Linking C executable cmTC_0f886


Source file was:

#include <signal.h>

int main()
{
  (void)sizeof(((struct sigaction *)0)->sa_sigaction);
  return 0;
}

Performing C SOURCE FILE Test HAVE_ST_MTIM succeeded with the following output:
Change Dir: /Users/davidframpton/Documents/blockheads2/katipoBrowser/waraki/android/app/.cxx/RelWithDebInfo/1i4p5v6e/arm64-v8a/CMakeFiles/CMakeTmp

Run Build Command(s):/Users/davidframpton/Library/Android/sdk/cmake/3.22.1/bin/ninja cmTC_89486 && [1/2] Building C object CMakeFiles/cmTC_89486.dir/src.c.o
[2/2] Linking C executable cmTC_89486


Source file was:

#include <sys/stat.h>

int main()
{
  (void)sizeof(((struct stat *)0)->st_mtim);
  return 0;
}

Determining if the dlopen exist passed with the following output:
Change Dir: /Users/davidframpton/Documents/blockheads2/katipoBrowser/waraki/android/app/.cxx/RelWithDebInfo/1i4p5v6e/arm64-v8a/CMakeFiles/CMakeTmp

Run Build Command(s):/Users/davidframpton/Library/Android/sdk/cmake/3.22.1/bin/ninja cmTC_cf75b && [1/2] Building C object CMakeFiles/cmTC_cf75b.dir/CheckSymbolExists.c.o
[2/2] Linking C executable cmTC_cf75b


File /Users/davidframpton/Documents/blockheads2/katipoBrowser/waraki/android/app/.cxx/RelWithDebInfo/1i4p5v6e/arm64-v8a/CMakeFiles/CMakeTmp/CheckSymbolExists.c:
/* */
#include <dlfcn.h>

int main(int argc, char** argv)
{
  (void)argv;
#ifndef dlopen
  return ((int*)(&dlopen))[argc];
#else
  (void)argc;
  return 0;
#endif
}
Performing C SOURCE FILE Test HAVE_O_CLOEXEC succeeded with the following output:
Change Dir: /Users/davidframpton/Documents/blockheads2/katipoBrowser/waraki/android/app/.cxx/RelWithDebInfo/1i4p5v6e/arm64-v8a/CMakeFiles/CMakeTmp

Run Build Command(s):/Users/davidframpton/Library/Android/sdk/cmake/3.22.1/bin/ninja cmTC_e4e3f && [1/2] Building C object CMakeFiles/cmTC_e4e3f.dir/src.c.o
[2/2] Linking C executable cmTC_e4e3f


Source file was:

    #include <fcntl.h>
    int flag = O_CLOEXEC;
    int main(int argc, char **argv) { return 0; }
Performing C SOURCE FILE Test VULKAN_PASSED_ANDROID_CHECKS succeeded with the following output:
Change Dir: /Users/davidframpton/Documents/blockheads2/katipoBrowser/waraki/android/app/.cxx/RelWithDebInfo/1i4p5v6e/arm64-v8a/CMakeFiles/CMakeTmp

Run Build Command(s):/Users/davidframpton/Library/Android/sdk/cmake/3.22.1/bin/ninja cmTC_df56a && [1/2] Building C object CMakeFiles/cmTC_df56a.dir/src.c.o
[2/2] Linking C executable cmTC_df56a


Source file was:

      #if defined(__ARM_ARCH) && __ARM_ARCH < 7
      #error Vulkan doesn't work on this configuration
      #endif
      int main(int argc, char **argv) { return 0; }
      
Performing C SOURCE FILE Test HAVE_PTHREADS succeeded with the following output:
Change Dir: /Users/davidframpton/Documents/blockheads2/katipoBrowser/waraki/android/app/.cxx/RelWithDebInfo/1i4p5v6e/arm64-v8a/CMakeFiles/CMakeTmp

Run Build Command(s):/Users/davidframpton/Library/Android/sdk/cmake/3.22.1/bin/ninja cmTC_44ff4 && [1/2] Building C object CMakeFiles/cmTC_44ff4.dir/src.c.o
[2/2] Linking C executable cmTC_44ff4


Source file was:

        #include <pthread.h>
        int main(int argc, char** argv) {
          pthread_attr_t type;
          pthread_attr_init(&type);
          return 0;
        }
Performing C SOURCE FILE Test HAVE_RECURSIVE_MUTEXES succeeded with the following output:
Change Dir: /Users/davidframpton/Documents/blockheads2/katipoBrowser/waraki/android/app/.cxx/RelWithDebInfo/1i4p5v6e/arm64-v8a/CMakeFiles/CMakeTmp

Run Build Command(s):/Users/davidframpton/Library/Android/sdk/cmake/3.22.1/bin/ninja cmTC_a294d && [1/2] Building C object CMakeFiles/cmTC_a294d.dir/src.c.o
[2/2] Linking C executable cmTC_a294d


Source file was:

        #include <pthread.h>
        int main(int argc, char **argv) {
          pthread_mutexattr_t attr;
          pthread_mutexattr_settype(&attr, PTHREAD_MUTEX_RECURSIVE);
          return 0;
        }
Performing C SOURCE FILE Test HAVE_PTHREADS_SEM succeeded with the following output:
Change Dir: /Users/davidframpton/Documents/blockheads2/katipoBrowser/waraki/android/app/.cxx/RelWithDebInfo/1i4p5v6e/arm64-v8a/CMakeFiles/CMakeTmp

Run Build Command(s):/Users/davidframpton/Library/Android/sdk/cmake/3.22.1/bin/ninja cmTC_46028 && [1/2] Building C object CMakeFiles/cmTC_46028.dir/src.c.o
[2/2] Linking C executable cmTC_46028


Source file was:
#include <pthread.h>
                                 #include <semaphore.h>
                                 int main(int argc, char **argv) { return 0; }
Performing C SOURCE FILE Test COMPILER_HAS_SEM_TIMEDWAIT succeeded with the following output:
Change Dir: /Users/davidframpton/Documents/blockheads2/katipoBrowser/waraki/android/app/.cxx/RelWithDebInfo/1i4p5v6e/arm64-v8a/CMakeFiles/CMakeTmp

Run Build Command(s):/Users/davidframpton/Library/Android/sdk/cmake/3.22.1/bin/ninja cmTC_65644 && [1/2] Building C object CMakeFiles/cmTC_65644.dir/src.c.o
/Users/davidframpton/Documents/blockheads2/katipoBrowser/waraki/android/app/.cxx/RelWithDebInfo/1i4p5v6e/arm64-v8a/CMakeFiles/CMakeTmp/src.c:5:33: warning: null passed to a callee that requires a non-null argument [-Wnonnull]
    5 |                   sem_timedwait(NULL, NULL);
      |                                 ^~~~
/Users/davidframpton/Library/Android/sdk/ndk/28.2.13676358/toolchains/llvm/prebuilt/darwin-x86_64/lib/clang/19/include/__stddef_null.h:26:14: note: expanded from macro 'NULL'
   26 | #define NULL ((void*)0)
      |              ^~~~~~~~~~
/Users/davidframpton/Documents/blockheads2/katipoBrowser/waraki/android/app/.cxx/RelWithDebInfo/1i4p5v6e/arm64-v8a/CMakeFiles/CMakeTmp/src.c:5:39: warning: null passed to a callee that requires a non-null argument [-Wnonnull]
    5 |                   sem_timedwait(NULL, NULL);
      |                                       ^~~~
/Users/davidframpton/Library/Android/sdk/ndk/28.2.13676358/toolchains/llvm/prebuilt/darwin-x86_64/lib/clang/19/include/__stddef_null.h:26:14: note: expanded from macro 'NULL'
   26 | #define NULL ((void*)0)
      |              ^~~~~~~~~~
2 warnings generated.
[2/2] Linking C executable cmTC_65644


Source file was:

              #include <pthread.h>
              #include <semaphore.h>
              int main(int argc, char **argv) {
                  sem_timedwait(NULL, NULL);
                  return 0;
              }
Determining if the include file pthread.h exists passed with the following output:
Change Dir: /Users/davidframpton/Documents/blockheads2/katipoBrowser/waraki/android/app/.cxx/RelWithDebInfo/1i4p5v6e/arm64-v8a/CMakeFiles/CMakeTmp

Run Build Command(s):/Users/davidframpton/Library/Android/sdk/cmake/3.22.1/bin/ninja cmTC_414d6 && [1/2] Building C object CMakeFiles/cmTC_414d6.dir/CheckIncludeFile.c.o
[2/2] Linking C executable cmTC_414d6



Performing C SOURCE FILE Test HAVE_PTHREAD_SETNAME_NP succeeded with the following output:
Change Dir: /Users/davidframpton/Documents/blockheads2/katipoBrowser/waraki/android/app/.cxx/RelWithDebInfo/1i4p5v6e/arm64-v8a/CMakeFiles/CMakeTmp

Run Build Command(s):/Users/davidframpton/Library/Android/sdk/cmake/3.22.1/bin/ninja cmTC_f32ca && [1/2] Building C object CMakeFiles/cmTC_f32ca.dir/src.c.o
[2/2] Linking C executable cmTC_f32ca


Source file was:

            #include <pthread.h>
            int main(int argc, char **argv) {
              #ifdef __APPLE__
              pthread_setname_np("");
              #else
              pthread_setname_np(pthread_self(),"");
              #endif
              return 0;
            }
Performing C SOURCE FILE Test LINKER_SUPPORTS_VERSION_SCRIPT succeeded with the following output:
Change Dir: /Users/davidframpton/Documents/blockheads2/katipoBrowser/waraki/android/app/.cxx/RelWithDebInfo/1i4p5v6e/arm64-v8a/CMakeFiles/CMakeTmp

Run Build Command(s):/Users/davidframpton/Library/Android/sdk/cmake/3.22.1/bin/ninja cmTC_00819 && [1/2] Building C object CMakeFiles/cmTC_00819.dir/src.c.o
[2/2] Linking C executable cmTC_00819


Source file was:
int func(void) {return 0;} int main(int argc,char*argv[]){(void)argc;(void)argv;return func();}
Performing C SOURCE FILE Test HAVE_WL_NO_UNDEFINED succeeded with the following output:
Change Dir: /Users/davidframpton/Documents/blockheads2/katipoBrowser/waraki/android/app/.cxx/RelWithDebInfo/1i4p5v6e/arm64-v8a/CMakeFiles/CMakeTmp

Run Build Command(s):/Users/davidframpton/Library/Android/sdk/cmake/3.22.1/bin/ninja cmTC_c2169 && [1/2] Building C object CMakeFiles/cmTC_c2169.dir/src.c.o
[2/2] Linking C executable cmTC_c2169


Source file was:
int main() { return 0; }
