The target system is: Android - 1 - aarch64
The host system is: Darwin - 25.6.0 - arm64
Compiling the C compiler identification source file "CMakeCCompilerId.c" succeeded.
Compiler: /Users/davidframpton/Library/Android/sdk/ndk/28.2.13676358/toolchains/llvm/prebuilt/darwin-x86_64/bin/clang 
Build flags: -g;-DANDROID;-fdata-sections;-ffunction-sections;-funwind-tables;-fstack-protector-strong;-no-canonical-prefixes;-D_FORTIFY_SOURCE=2;-Wformat;-Werror=format-security;
Id flags: -c;--target=aarch64-none-linux-android21 

The output was:
0


Compilation of the C compiler identification source "CMakeCCompilerId.c" produced "CMakeCCompilerId.o"

The C compiler identification is Clang, found in "/Users/davidframpton/Documents/blockheads2/katipoBrowser/waraki/android/app/.cxx/Debug/1x4y7393/arm64-v8a/CMakeFiles/3.22.1-g37088a8/CompilerIdC/CMakeCCompilerId.o"

Compiling the CXX compiler identification source file "CMakeCXXCompilerId.cpp" succeeded.
Compiler: /Users/davidframpton/Library/Android/sdk/ndk/28.2.13676358/toolchains/llvm/prebuilt/darwin-x86_64/bin/clang++ 
Build flags: -g;-DANDROID;-fdata-sections;-ffunction-sections;-funwind-tables;-fstack-protector-strong;-no-canonical-prefixes;-D_FORTIFY_SOURCE=2;-Wformat;-Werror=format-security;;
Id flags: -c;--target=aarch64-none-linux-android21 

The output was:
0


Compilation of the CXX compiler identification source "CMakeCXXCompilerId.cpp" produced "CMakeCXXCompilerId.o"

The CXX compiler identification is Clang, found in "/Users/davidframpton/Documents/blockheads2/katipoBrowser/waraki/android/app/.cxx/Debug/1x4y7393/arm64-v8a/CMakeFiles/3.22.1-g37088a8/CompilerIdCXX/CMakeCXXCompilerId.o"

Detecting C compiler ABI info compiled with the following output:
Change Dir: /Users/davidframpton/Documents/blockheads2/katipoBrowser/waraki/android/app/.cxx/Debug/1x4y7393/arm64-v8a/CMakeFiles/CMakeTmp

Run Build Command(s):/Users/davidframpton/Library/Android/sdk/cmake/3.22.1/bin/ninja cmTC_bb9af && [1/2] Building C object CMakeFiles/cmTC_bb9af.dir/CMakeCCompilerABI.c.o
Android (13624864, +pgo, -bolt, +lto, -mlgo, based on r530567e) clang version 19.0.1 (https://android.googlesource.com/toolchain/llvm-project 97a699bf4812a18fb657c2779f5296a4ab2694d2)
Target: aarch64-none-linux-android21
Thread model: posix
InstalledDir: /Users/davidframpton/Library/Android/sdk/ndk/28.2.13676358/toolchains/llvm/prebuilt/darwin-x86_64/bin
 (in-process)
 "/Users/davidframpton/Library/Android/sdk/ndk/28.2.13676358/toolchains/llvm/prebuilt/darwin-x86_64/bin/clang" -cc1 -triple aarch64-none-linux-android21 -emit-obj -mrelax-all -disable-free -clear-ast-before-backend -disable-llvm-verifier -discard-value-names -main-file-name CMakeCCompilerABI.c -mrelocation-model pic -pic-level 2 -pic-is-pie -mframe-pointer=non-leaf -ffp-contract=on -fno-rounding-math -mconstructor-aliases -funwind-tables=2 -target-cpu generic -target-feature +v8a -target-feature +fp-armv8 -target-feature +neon -target-feature +fix-cortex-a53-835769 -target-abi aapcs -debug-info-kind=constructor -dwarf-version=4 -debugger-tuning=gdb -fdebug-compilation-dir=/Users/davidframpton/Documents/blockheads2/katipoBrowser/waraki/android/app/.cxx/Debug/1x4y7393/arm64-v8a/CMakeFiles/CMakeTmp -v -ffunction-sections -fdata-sections -fcoverage-compilation-dir=/Users/davidframpton/Documents/blockheads2/katipoBrowser/waraki/android/app/.cxx/Debug/1x4y7393/arm64-v8a/CMakeFiles/CMakeTmp -resource-dir /Users/davidframpton/Library/Android/sdk/ndk/28.2.13676358/toolchains/llvm/prebuilt/darwin-x86_64/lib/clang/19 -dependency-file CMakeFiles/cmTC_bb9af.dir/CMakeCCompilerABI.c.o.d -MT CMakeFiles/cmTC_bb9af.dir/CMakeCCompilerABI.c.o -sys-header-deps -D ANDROID -D _FORTIFY_SOURCE=2 -isysroot /Users/davidframpton/Library/Android/sdk/ndk/28.2.13676358/toolchains/llvm/prebuilt/darwin-x86_64/sysroot -internal-isystem /Users/davidframpton/Library/Android/sdk/ndk/28.2.13676358/toolchains/llvm/prebuilt/darwin-x86_64/lib/clang/19/include -internal-isystem /Users/davidframpton/Library/Android/sdk/ndk/28.2.13676358/toolchains/llvm/prebuilt/darwin-x86_64/sysroot/usr/local/include -internal-externc-isystem /Users/davidframpton/Library/Android/sdk/ndk/28.2.13676358/toolchains/llvm/prebuilt/darwin-x86_64/sysroot/usr/include/aarch64-linux-android -internal-externc-isystem /Users/davidframpton/Library/Android/sdk/ndk/28.2.13676358/toolchains/llvm/prebuilt/darwin-x86_64/sysroot/include -internal-externc-isystem /Users/davidframpton/Library/Android/sdk/ndk/28.2.13676358/toolchains/llvm/prebuilt/darwin-x86_64/sysroot/usr/include -Wformat -ferror-limit 19 -femulated-tls -stack-protector 2 -fno-signed-char -fgnuc-version=4.2.1 -fskip-odr-check-in-gmf -target-feature +outline-atomics -target-feature -fmv -D__GCC_HAVE_DWARF2_CFI_ASM=1 -o CMakeFiles/cmTC_bb9af.dir/CMakeCCompilerABI.c.o -x c /Users/davidframpton/Library/Android/sdk/cmake/3.22.1/share/cmake-3.22/Modules/CMakeCCompilerABI.c
clang -cc1 version 19.0.1 based upon LLVM 19.0.1 default target x86_64-apple-darwin25.6.0
ignoring nonexistent directory "/Users/davidframpton/Library/Android/sdk/ndk/28.2.13676358/toolchains/llvm/prebuilt/darwin-x86_64/sysroot/usr/local/include"
ignoring nonexistent directory "/Users/davidframpton/Library/Android/sdk/ndk/28.2.13676358/toolchains/llvm/prebuilt/darwin-x86_64/sysroot/include"
#include "..." search starts here:
#include <...> search starts here:
 /Users/davidframpton/Library/Android/sdk/ndk/28.2.13676358/toolchains/llvm/prebuilt/darwin-x86_64/lib/clang/19/include
 /Users/davidframpton/Library/Android/sdk/ndk/28.2.13676358/toolchains/llvm/prebuilt/darwin-x86_64/sysroot/usr/include/aarch64-linux-android
 /Users/davidframpton/Library/Android/sdk/ndk/28.2.13676358/toolchains/llvm/prebuilt/darwin-x86_64/sysroot/usr/include
End of search list.
[2/2] Linking C executable cmTC_bb9af
Android (13624864, +pgo, -bolt, +lto, -mlgo, based on r530567e) clang version 19.0.1 (https://android.googlesource.com/toolchain/llvm-project 97a699bf4812a18fb657c2779f5296a4ab2694d2)
Target: aarch64-none-linux-android21
Thread model: posix
InstalledDir: /Users/davidframpton/Library/Android/sdk/ndk/28.2.13676358/toolchains/llvm/prebuilt/darwin-x86_64/bin
 "/Users/davidframpton/Library/Android/sdk/ndk/28.2.13676358/toolchains/llvm/prebuilt/darwin-x86_64/bin/ld.lld" --sysroot=/Users/davidframpton/Library/Android/sdk/ndk/28.2.13676358/toolchains/llvm/prebuilt/darwin-x86_64/sysroot -EL --fix-cortex-a53-843419 -z now -z relro -z max-page-size=16384 --hash-style=both --eh-frame-hdr -m aarch64linux -pie -dynamic-linker /system/bin/linker64 -o cmTC_bb9af /Users/davidframpton/Library/Android/sdk/ndk/28.2.13676358/toolchains/llvm/prebuilt/darwin-x86_64/sysroot/usr/lib/aarch64-linux-android/21/crtbegin_dynamic.o -L/Users/davidframpton/Library/Android/sdk/ndk/28.2.13676358/toolchains/llvm/prebuilt/darwin-x86_64/lib/clang/19/lib/linux/aarch64 -L/Users/davidframpton/Library/Android/sdk/ndk/28.2.13676358/toolchains/llvm/prebuilt/darwin-x86_64/sysroot/usr/lib/aarch64-linux-android/21 -L/Users/davidframpton/Library/Android/sdk/ndk/28.2.13676358/toolchains/llvm/prebuilt/darwin-x86_64/sysroot/usr/lib/aarch64-linux-android -L/Users/davidframpton/Library/Android/sdk/ndk/28.2.13676358/toolchains/llvm/prebuilt/darwin-x86_64/sysroot/usr/lib --build-id=sha1 --no-rosegment --no-undefined-version --fatal-warnings --no-undefined CMakeFiles/cmTC_bb9af.dir/CMakeCCompilerABI.c.o /Users/davidframpton/Library/Android/sdk/ndk/28.2.13676358/toolchains/llvm/prebuilt/darwin-x86_64/lib/clang/19/lib/linux/libclang_rt.builtins-aarch64-android.a -l:libunwind.a -ldl -lc /Users/davidframpton/Library/Android/sdk/ndk/28.2.13676358/toolchains/llvm/prebuilt/darwin-x86_64/lib/clang/19/lib/linux/libclang_rt.builtins-aarch64-android.a -l:libunwind.a -ldl /Users/davidframpton/Library/Android/sdk/ndk/28.2.13676358/toolchains/llvm/prebuilt/darwin-x86_64/sysroot/usr/lib/aarch64-linux-android/21/crtend_android.o



Parsed C implicit include dir info from above output: rv=done
  found start of include info
  found start of implicit include info
    add: [/Users/davidframpton/Library/Android/sdk/ndk/28.2.13676358/toolchains/llvm/prebuilt/darwin-x86_64/lib/clang/19/include]
    add: [/Users/davidframpton/Library/Android/sdk/ndk/28.2.13676358/toolchains/llvm/prebuilt/darwin-x86_64/sysroot/usr/include/aarch64-linux-android]
    add: [/Users/davidframpton/Library/Android/sdk/ndk/28.2.13676358/toolchains/llvm/prebuilt/darwin-x86_64/sysroot/usr/include]
  end of search list found
  collapse include dir [/Users/davidframpton/Library/Android/sdk/ndk/28.2.13676358/toolchains/llvm/prebuilt/darwin-x86_64/lib/clang/19/include] ==> [/Users/davidframpton/Library/Android/sdk/ndk/28.2.13676358/toolchains/llvm/prebuilt/darwin-x86_64/lib/clang/19/include]
  collapse include dir [/Users/davidframpton/Library/Android/sdk/ndk/28.2.13676358/toolchains/llvm/prebuilt/darwin-x86_64/sysroot/usr/include/aarch64-linux-android] ==> [/Users/davidframpton/Library/Android/sdk/ndk/28.2.13676358/toolchains/llvm/prebuilt/darwin-x86_64/sysroot/usr/include/aarch64-linux-android]
  collapse include dir [/Users/davidframpton/Library/Android/sdk/ndk/28.2.13676358/toolchains/llvm/prebuilt/darwin-x86_64/sysroot/usr/include] ==> [/Users/davidframpton/Library/Android/sdk/ndk/28.2.13676358/toolchains/llvm/prebuilt/darwin-x86_64/sysroot/usr/include]
  implicit include dirs: [/Users/davidframpton/Library/Android/sdk/ndk/28.2.13676358/toolchains/llvm/prebuilt/darwin-x86_64/lib/clang/19/include;/Users/davidframpton/Library/Android/sdk/ndk/28.2.13676358/toolchains/llvm/prebuilt/darwin-x86_64/sysroot/usr/include/aarch64-linux-android;/Users/davidframpton/Library/Android/sdk/ndk/28.2.13676358/toolchains/llvm/prebuilt/darwin-x86_64/sysroot/usr/include]


Parsed C implicit link information from above output:
  link line regex: [^( *|.*[/\])(ld\.lld|CMAKE_LINK_STARTFILE-NOTFOUND|([^/\]+-)?ld|collect2)[^/\]*( |$)]
  ignore line: [Change Dir: /Users/davidframpton/Documents/blockheads2/katipoBrowser/waraki/android/app/.cxx/Debug/1x4y7393/arm64-v8a/CMakeFiles/CMakeTmp]
  ignore line: []
  ignore line: [Run Build Command(s):/Users/davidframpton/Library/Android/sdk/cmake/3.22.1/bin/ninja cmTC_bb9af && [1/2] Building C object CMakeFiles/cmTC_bb9af.dir/CMakeCCompilerABI.c.o]
  ignore line: [Android (13624864  +pgo  -bolt  +lto  -mlgo  based on r530567e) clang version 19.0.1 (https://android.googlesource.com/toolchain/llvm-project 97a699bf4812a18fb657c2779f5296a4ab2694d2)]
  ignore line: [Target: aarch64-none-linux-android21]
  ignore line: [Thread model: posix]
  ignore line: [InstalledDir: /Users/davidframpton/Library/Android/sdk/ndk/28.2.13676358/toolchains/llvm/prebuilt/darwin-x86_64/bin]
  ignore line: [ (in-process)]
  ignore line: [ "/Users/davidframpton/Library/Android/sdk/ndk/28.2.13676358/toolchains/llvm/prebuilt/darwin-x86_64/bin/clang" -cc1 -triple aarch64-none-linux-android21 -emit-obj -mrelax-all -disable-free -clear-ast-before-backend -disable-llvm-verifier -discard-value-names -main-file-name CMakeCCompilerABI.c -mrelocation-model pic -pic-level 2 -pic-is-pie -mframe-pointer=non-leaf -ffp-contract=on -fno-rounding-math -mconstructor-aliases -funwind-tables=2 -target-cpu generic -target-feature +v8a -target-feature +fp-armv8 -target-feature +neon -target-feature +fix-cortex-a53-835769 -target-abi aapcs -debug-info-kind=constructor -dwarf-version=4 -debugger-tuning=gdb -fdebug-compilation-dir=/Users/davidframpton/Documents/blockheads2/katipoBrowser/waraki/android/app/.cxx/Debug/1x4y7393/arm64-v8a/CMakeFiles/CMakeTmp -v -ffunction-sections -fdata-sections -fcoverage-compilation-dir=/Users/davidframpton/Documents/blockheads2/katipoBrowser/waraki/android/app/.cxx/Debug/1x4y7393/arm64-v8a/CMakeFiles/CMakeTmp -resource-dir /Users/davidframpton/Library/Android/sdk/ndk/28.2.13676358/toolchains/llvm/prebuilt/darwin-x86_64/lib/clang/19 -dependency-file CMakeFiles/cmTC_bb9af.dir/CMakeCCompilerABI.c.o.d -MT CMakeFiles/cmTC_bb9af.dir/CMakeCCompilerABI.c.o -sys-header-deps -D ANDROID -D _FORTIFY_SOURCE=2 -isysroot /Users/davidframpton/Library/Android/sdk/ndk/28.2.13676358/toolchains/llvm/prebuilt/darwin-x86_64/sysroot -internal-isystem /Users/davidframpton/Library/Android/sdk/ndk/28.2.13676358/toolchains/llvm/prebuilt/darwin-x86_64/lib/clang/19/include -internal-isystem /Users/davidframpton/Library/Android/sdk/ndk/28.2.13676358/toolchains/llvm/prebuilt/darwin-x86_64/sysroot/usr/local/include -internal-externc-isystem /Users/davidframpton/Library/Android/sdk/ndk/28.2.13676358/toolchains/llvm/prebuilt/darwin-x86_64/sysroot/usr/include/aarch64-linux-android -internal-externc-isystem /Users/davidframpton/Library/Android/sdk/ndk/28.2.13676358/toolchains/llvm/prebuilt/darwin-x86_64/sysroot/include -internal-externc-isystem /Users/davidframpton/Library/Android/sdk/ndk/28.2.13676358/toolchains/llvm/prebuilt/darwin-x86_64/sysroot/usr/include -Wformat -ferror-limit 19 -femulated-tls -stack-protector 2 -fno-signed-char -fgnuc-version=4.2.1 -fskip-odr-check-in-gmf -target-feature +outline-atomics -target-feature -fmv -D__GCC_HAVE_DWARF2_CFI_ASM=1 -o CMakeFiles/cmTC_bb9af.dir/CMakeCCompilerABI.c.o -x c /Users/davidframpton/Library/Android/sdk/cmake/3.22.1/share/cmake-3.22/Modules/CMakeCCompilerABI.c]
  ignore line: [clang -cc1 version 19.0.1 based upon LLVM 19.0.1 default target x86_64-apple-darwin25.6.0]
  ignore line: [ignoring nonexistent directory "/Users/davidframpton/Library/Android/sdk/ndk/28.2.13676358/toolchains/llvm/prebuilt/darwin-x86_64/sysroot/usr/local/include"]
  ignore line: [ignoring nonexistent directory "/Users/davidframpton/Library/Android/sdk/ndk/28.2.13676358/toolchains/llvm/prebuilt/darwin-x86_64/sysroot/include"]
  ignore line: [#include "..." search starts here:]
  ignore line: [#include <...> search starts here:]
  ignore line: [ /Users/davidframpton/Library/Android/sdk/ndk/28.2.13676358/toolchains/llvm/prebuilt/darwin-x86_64/lib/clang/19/include]
  ignore line: [ /Users/davidframpton/Library/Android/sdk/ndk/28.2.13676358/toolchains/llvm/prebuilt/darwin-x86_64/sysroot/usr/include/aarch64-linux-android]
  ignore line: [ /Users/davidframpton/Library/Android/sdk/ndk/28.2.13676358/toolchains/llvm/prebuilt/darwin-x86_64/sysroot/usr/include]
  ignore line: [End of search list.]
  ignore line: [[2/2] Linking C executable cmTC_bb9af]
  ignore line: [Android (13624864  +pgo  -bolt  +lto  -mlgo  based on r530567e) clang version 19.0.1 (https://android.googlesource.com/toolchain/llvm-project 97a699bf4812a18fb657c2779f5296a4ab2694d2)]
  ignore line: [Target: aarch64-none-linux-android21]
  ignore line: [Thread model: posix]
  ignore line: [InstalledDir: /Users/davidframpton/Library/Android/sdk/ndk/28.2.13676358/toolchains/llvm/prebuilt/darwin-x86_64/bin]
  link line: [ "/Users/davidframpton/Library/Android/sdk/ndk/28.2.13676358/toolchains/llvm/prebuilt/darwin-x86_64/bin/ld.lld" --sysroot=/Users/davidframpton/Library/Android/sdk/ndk/28.2.13676358/toolchains/llvm/prebuilt/darwin-x86_64/sysroot -EL --fix-cortex-a53-843419 -z now -z relro -z max-page-size=16384 --hash-style=both --eh-frame-hdr -m aarch64linux -pie -dynamic-linker /system/bin/linker64 -o cmTC_bb9af /Users/davidframpton/Library/Android/sdk/ndk/28.2.13676358/toolchains/llvm/prebuilt/darwin-x86_64/sysroot/usr/lib/aarch64-linux-android/21/crtbegin_dynamic.o -L/Users/davidframpton/Library/Android/sdk/ndk/28.2.13676358/toolchains/llvm/prebuilt/darwin-x86_64/lib/clang/19/lib/linux/aarch64 -L/Users/davidframpton/Library/Android/sdk/ndk/28.2.13676358/toolchains/llvm/prebuilt/darwin-x86_64/sysroot/usr/lib/aarch64-linux-android/21 -L/Users/davidframpton/Library/Android/sdk/ndk/28.2.13676358/toolchains/llvm/prebuilt/darwin-x86_64/sysroot/usr/lib/aarch64-linux-android -L/Users/davidframpton/Library/Android/sdk/ndk/28.2.13676358/toolchains/llvm/prebuilt/darwin-x86_64/sysroot/usr/lib --build-id=sha1 --no-rosegment --no-undefined-version --fatal-warnings --no-undefined CMakeFiles/cmTC_bb9af.dir/CMakeCCompilerABI.c.o /Users/davidframpton/Library/Android/sdk/ndk/28.2.13676358/toolchains/llvm/prebuilt/darwin-x86_64/lib/clang/19/lib/linux/libclang_rt.builtins-aarch64-android.a -l:libunwind.a -ldl -lc /Users/davidframpton/Library/Android/sdk/ndk/28.2.13676358/toolchains/llvm/prebuilt/darwin-x86_64/lib/clang/19/lib/linux/libclang_rt.builtins-aarch64-android.a -l:libunwind.a -ldl /Users/davidframpton/Library/Android/sdk/ndk/28.2.13676358/toolchains/llvm/prebuilt/darwin-x86_64/sysroot/usr/lib/aarch64-linux-android/21/crtend_android.o]
    arg [/Users/davidframpton/Library/Android/sdk/ndk/28.2.13676358/toolchains/llvm/prebuilt/darwin-x86_64/bin/ld.lld] ==> ignore
    arg [--sysroot=/Users/davidframpton/Library/Android/sdk/ndk/28.2.13676358/toolchains/llvm/prebuilt/darwin-x86_64/sysroot] ==> ignore
    arg [-EL] ==> ignore
    arg [--fix-cortex-a53-843419] ==> ignore
    arg [-znow] ==> ignore
    arg [-zrelro] ==> ignore
    arg [-zmax-page-size=16384] ==> ignore
    arg [--hash-style=both] ==> ignore
    arg [--eh-frame-hdr] ==> ignore
    arg [-m] ==> ignore
    arg [aarch64linux] ==> ignore
    arg [-pie] ==> ignore
    arg [-dynamic-linker] ==> ignore
    arg [/system/bin/linker64] ==> ignore
    arg [-o] ==> ignore
    arg [cmTC_bb9af] ==> ignore
    arg [/Users/davidframpton/Library/Android/sdk/ndk/28.2.13676358/toolchains/llvm/prebuilt/darwin-x86_64/sysroot/usr/lib/aarch64-linux-android/21/crtbegin_dynamic.o] ==> obj [/Users/davidframpton/Library/Android/sdk/ndk/28.2.13676358/toolchains/llvm/prebuilt/darwin-x86_64/sysroot/usr/lib/aarch64-linux-android/21/crtbegin_dynamic.o]
    arg [-L/Users/davidframpton/Library/Android/sdk/ndk/28.2.13676358/toolchains/llvm/prebuilt/darwin-x86_64/lib/clang/19/lib/linux/aarch64] ==> dir [/Users/davidframpton/Library/Android/sdk/ndk/28.2.13676358/toolchains/llvm/prebuilt/darwin-x86_64/lib/clang/19/lib/linux/aarch64]
    arg [-L/Users/davidframpton/Library/Android/sdk/ndk/28.2.13676358/toolchains/llvm/prebuilt/darwin-x86_64/sysroot/usr/lib/aarch64-linux-android/21] ==> dir [/Users/davidframpton/Library/Android/sdk/ndk/28.2.13676358/toolchains/llvm/prebuilt/darwin-x86_64/sysroot/usr/lib/aarch64-linux-android/21]
    arg [-L/Users/davidframpton/Library/Android/sdk/ndk/28.2.13676358/toolchains/llvm/prebuilt/darwin-x86_64/sysroot/usr/lib/aarch64-linux-android] ==> dir [/Users/davidframpton/Library/Android/sdk/ndk/28.2.13676358/toolchains/llvm/prebuilt/darwin-x86_64/sysroot/usr/lib/aarch64-linux-android]
    arg [-L/Users/davidframpton/Library/Android/sdk/ndk/28.2.13676358/toolchains/llvm/prebuilt/darwin-x86_64/sysroot/usr/lib] ==> dir [/Users/davidframpton/Library/Android/sdk/ndk/28.2.13676358/toolchains/llvm/prebuilt/darwin-x86_64/sysroot/usr/lib]
    arg [--build-id=sha1] ==> ignore
    arg [--no-rosegment] ==> ignore
    arg [--no-undefined-version] ==> ignore
    arg [--fatal-warnings] ==> ignore
    arg [--no-undefined] ==> ignore
    arg [CMakeFiles/cmTC_bb9af.dir/CMakeCCompilerABI.c.o] ==> ignore
    arg [/Users/davidframpton/Library/Android/sdk/ndk/28.2.13676358/toolchains/llvm/prebuilt/darwin-x86_64/lib/clang/19/lib/linux/libclang_rt.builtins-aarch64-android.a] ==> lib [/Users/davidframpton/Library/Android/sdk/ndk/28.2.13676358/toolchains/llvm/prebuilt/darwin-x86_64/lib/clang/19/lib/linux/libclang_rt.builtins-aarch64-android.a]
    arg [-l:libunwind.a] ==> lib [-l:libunwind.a]
    arg [-ldl] ==> lib [dl]
    arg [-lc] ==> lib [c]
    arg [/Users/davidframpton/Library/Android/sdk/ndk/28.2.13676358/toolchains/llvm/prebuilt/darwin-x86_64/lib/clang/19/lib/linux/libclang_rt.builtins-aarch64-android.a] ==> lib [/Users/davidframpton/Library/Android/sdk/ndk/28.2.13676358/toolchains/llvm/prebuilt/darwin-x86_64/lib/clang/19/lib/linux/libclang_rt.builtins-aarch64-android.a]
    arg [-l:libunwind.a] ==> lib [-l:libunwind.a]
    arg [-ldl] ==> lib [dl]
    arg [/Users/davidframpton/Library/Android/sdk/ndk/28.2.13676358/toolchains/llvm/prebuilt/darwin-x86_64/sysroot/usr/lib/aarch64-linux-android/21/crtend_android.o] ==> obj [/Users/davidframpton/Library/Android/sdk/ndk/28.2.13676358/toolchains/llvm/prebuilt/darwin-x86_64/sysroot/usr/lib/aarch64-linux-android/21/crtend_android.o]
  remove lib [/Users/davidframpton/Library/Android/sdk/ndk/28.2.13676358/toolchains/llvm/prebuilt/darwin-x86_64/lib/clang/19/lib/linux/libclang_rt.builtins-aarch64-android.a]
  remove lib [/Users/davidframpton/Library/Android/sdk/ndk/28.2.13676358/toolchains/llvm/prebuilt/darwin-x86_64/lib/clang/19/lib/linux/libclang_rt.builtins-aarch64-android.a]
  collapse library dir [/Users/davidframpton/Library/Android/sdk/ndk/28.2.13676358/toolchains/llvm/prebuilt/darwin-x86_64/lib/clang/19/lib/linux/aarch64] ==> [/Users/davidframpton/Library/Android/sdk/ndk/28.2.13676358/toolchains/llvm/prebuilt/darwin-x86_64/lib/clang/19/lib/linux/aarch64]
  collapse library dir [/Users/davidframpton/Library/Android/sdk/ndk/28.2.13676358/toolchains/llvm/prebuilt/darwin-x86_64/sysroot/usr/lib/aarch64-linux-android/21] ==> [/Users/davidframpton/Library/Android/sdk/ndk/28.2.13676358/toolchains/llvm/prebuilt/darwin-x86_64/sysroot/usr/lib/aarch64-linux-android/21]
  collapse library dir [/Users/davidframpton/Library/Android/sdk/ndk/28.2.13676358/toolchains/llvm/prebuilt/darwin-x86_64/sysroot/usr/lib/aarch64-linux-android] ==> [/Users/davidframpton/Library/Android/sdk/ndk/28.2.13676358/toolchains/llvm/prebuilt/darwin-x86_64/sysroot/usr/lib/aarch64-linux-android]
  collapse library dir [/Users/davidframpton/Library/Android/sdk/ndk/28.2.13676358/toolchains/llvm/prebuilt/darwin-x86_64/sysroot/usr/lib] ==> [/Users/davidframpton/Library/Android/sdk/ndk/28.2.13676358/toolchains/llvm/prebuilt/darwin-x86_64/sysroot/usr/lib]
  implicit libs: [-l:libunwind.a;dl;c;-l:libunwind.a;dl]
  implicit objs: [/Users/davidframpton/Library/Android/sdk/ndk/28.2.13676358/toolchains/llvm/prebuilt/darwin-x86_64/sysroot/usr/lib/aarch64-linux-android/21/crtbegin_dynamic.o;/Users/davidframpton/Library/Android/sdk/ndk/28.2.13676358/toolchains/llvm/prebuilt/darwin-x86_64/sysroot/usr/lib/aarch64-linux-android/21/crtend_android.o]
  implicit dirs: [/Users/davidframpton/Library/Android/sdk/ndk/28.2.13676358/toolchains/llvm/prebuilt/darwin-x86_64/lib/clang/19/lib/linux/aarch64;/Users/davidframpton/Library/Android/sdk/ndk/28.2.13676358/toolchains/llvm/prebuilt/darwin-x86_64/sysroot/usr/lib/aarch64-linux-android/21;/Users/davidframpton/Library/Android/sdk/ndk/28.2.13676358/toolchains/llvm/prebuilt/darwin-x86_64/sysroot/usr/lib/aarch64-linux-android;/Users/davidframpton/Library/Android/sdk/ndk/28.2.13676358/toolchains/llvm/prebuilt/darwin-x86_64/sysroot/usr/lib]
  implicit fwks: []


Detecting CXX compiler ABI info compiled with the following output:
Change Dir: /Users/davidframpton/Documents/blockheads2/katipoBrowser/waraki/android/app/.cxx/Debug/1x4y7393/arm64-v8a/CMakeFiles/CMakeTmp

Run Build Command(s):/Users/davidframpton/Library/Android/sdk/cmake/3.22.1/bin/ninja cmTC_4d90e && [1/2] Building CXX object CMakeFiles/cmTC_4d90e.dir/CMakeCXXCompilerABI.cpp.o
Android (13624864, +pgo, -bolt, +lto, -mlgo, based on r530567e) clang version 19.0.1 (https://android.googlesource.com/toolchain/llvm-project 97a699bf4812a18fb657c2779f5296a4ab2694d2)
Target: aarch64-none-linux-android21
Thread model: posix
InstalledDir: /Users/davidframpton/Library/Android/sdk/ndk/28.2.13676358/toolchains/llvm/prebuilt/darwin-x86_64/bin
 (in-process)
 "/Users/davidframpton/Library/Android/sdk/ndk/28.2.13676358/toolchains/llvm/prebuilt/darwin-x86_64/bin/clang++" -cc1 -triple aarch64-none-linux-android21 -emit-obj -mrelax-all -disable-free -clear-ast-before-backend -disable-llvm-verifier -discard-value-names -main-file-name CMakeCXXCompilerABI.cpp -mrelocation-model pic -pic-level 2 -pic-is-pie -mframe-pointer=non-leaf -ffp-contract=on -fno-rounding-math -mconstructor-aliases -funwind-tables=2 -target-cpu generic -target-feature +v8a -target-feature +fp-armv8 -target-feature +neon -target-feature +fix-cortex-a53-835769 -target-abi aapcs -debug-info-kind=constructor -dwarf-version=4 -debugger-tuning=gdb -fdebug-compilation-dir=/Users/davidframpton/Documents/blockheads2/katipoBrowser/waraki/android/app/.cxx/Debug/1x4y7393/arm64-v8a/CMakeFiles/CMakeTmp -v -ffunction-sections -fdata-sections -fcoverage-compilation-dir=/Users/davidframpton/Documents/blockheads2/katipoBrowser/waraki/android/app/.cxx/Debug/1x4y7393/arm64-v8a/CMakeFiles/CMakeTmp -resource-dir /Users/davidframpton/Library/Android/sdk/ndk/28.2.13676358/toolchains/llvm/prebuilt/darwin-x86_64/lib/clang/19 -dependency-file CMakeFiles/cmTC_4d90e.dir/CMakeCXXCompilerABI.cpp.o.d -MT CMakeFiles/cmTC_4d90e.dir/CMakeCXXCompilerABI.cpp.o -sys-header-deps -D ANDROID -D _FORTIFY_SOURCE=2 -isysroot /Users/davidframpton/Library/Android/sdk/ndk/28.2.13676358/toolchains/llvm/prebuilt/darwin-x86_64/sysroot -internal-isystem /Users/davidframpton/Library/Android/sdk/ndk/28.2.13676358/toolchains/llvm/prebuilt/darwin-x86_64/sysroot/usr/include/c++/v1 -internal-isystem /Users/davidframpton/Library/Android/sdk/ndk/28.2.13676358/toolchains/llvm/prebuilt/darwin-x86_64/lib/clang/19/include -internal-isystem /Users/davidframpton/Library/Android/sdk/ndk/28.2.13676358/toolchains/llvm/prebuilt/darwin-x86_64/sysroot/usr/local/include -internal-externc-isystem /Users/davidframpton/Library/Android/sdk/ndk/28.2.13676358/toolchains/llvm/prebuilt/darwin-x86_64/sysroot/usr/include/aarch64-linux-android -internal-externc-isystem /Users/davidframpton/Library/Android/sdk/ndk/28.2.13676358/toolchains/llvm/prebuilt/darwin-x86_64/sysroot/include -internal-externc-isystem /Users/davidframpton/Library/Android/sdk/ndk/28.2.13676358/toolchains/llvm/prebuilt/darwin-x86_64/sysroot/usr/include -Wformat -fdeprecated-macro -ferror-limit 19 -femulated-tls -stack-protector 2 -fno-signed-char -fgnuc-version=4.2.1 -fskip-odr-check-in-gmf -fcxx-exceptions -fexceptions -target-feature +outline-atomics -target-feature -fmv -D__GCC_HAVE_DWARF2_CFI_ASM=1 -o CMakeFiles/cmTC_4d90e.dir/CMakeCXXCompilerABI.cpp.o -x c++ /Users/davidframpton/Library/Android/sdk/cmake/3.22.1/share/cmake-3.22/Modules/CMakeCXXCompilerABI.cpp
clang -cc1 version 19.0.1 based upon LLVM 19.0.1 default target x86_64-apple-darwin25.6.0
ignoring nonexistent directory "/Users/davidframpton/Library/Android/sdk/ndk/28.2.13676358/toolchains/llvm/prebuilt/darwin-x86_64/sysroot/usr/local/include"
ignoring nonexistent directory "/Users/davidframpton/Library/Android/sdk/ndk/28.2.13676358/toolchains/llvm/prebuilt/darwin-x86_64/sysroot/include"
#include "..." search starts here:
#include <...> search starts here:
 /Users/davidframpton/Library/Android/sdk/ndk/28.2.13676358/toolchains/llvm/prebuilt/darwin-x86_64/sysroot/usr/include/c++/v1
 /Users/davidframpton/Library/Android/sdk/ndk/28.2.13676358/toolchains/llvm/prebuilt/darwin-x86_64/lib/clang/19/include
 /Users/davidframpton/Library/Android/sdk/ndk/28.2.13676358/toolchains/llvm/prebuilt/darwin-x86_64/sysroot/usr/include/aarch64-linux-android
 /Users/davidframpton/Library/Android/sdk/ndk/28.2.13676358/toolchains/llvm/prebuilt/darwin-x86_64/sysroot/usr/include
End of search list.
[2/2] Linking CXX executable cmTC_4d90e
Android (13624864, +pgo, -bolt, +lto, -mlgo, based on r530567e) clang version 19.0.1 (https://android.googlesource.com/toolchain/llvm-project 97a699bf4812a18fb657c2779f5296a4ab2694d2)
Target: aarch64-none-linux-android21
Thread model: posix
InstalledDir: /Users/davidframpton/Library/Android/sdk/ndk/28.2.13676358/toolchains/llvm/prebuilt/darwin-x86_64/bin
 "/Users/davidframpton/Library/Android/sdk/ndk/28.2.13676358/toolchains/llvm/prebuilt/darwin-x86_64/bin/ld.lld" --sysroot=/Users/davidframpton/Library/Android/sdk/ndk/28.2.13676358/toolchains/llvm/prebuilt/darwin-x86_64/sysroot -EL --fix-cortex-a53-843419 -z now -z relro -z max-page-size=16384 --hash-style=both --eh-frame-hdr -m aarch64linux -pie -dynamic-linker /system/bin/linker64 -o cmTC_4d90e /Users/davidframpton/Library/Android/sdk/ndk/28.2.13676358/toolchains/llvm/prebuilt/darwin-x86_64/sysroot/usr/lib/aarch64-linux-android/21/crtbegin_dynamic.o -L/Users/davidframpton/Library/Android/sdk/ndk/28.2.13676358/toolchains/llvm/prebuilt/darwin-x86_64/lib/clang/19/lib/linux/aarch64 -L/Users/davidframpton/Library/Android/sdk/ndk/28.2.13676358/toolchains/llvm/prebuilt/darwin-x86_64/sysroot/usr/lib/aarch64-linux-android/21 -L/Users/davidframpton/Library/Android/sdk/ndk/28.2.13676358/toolchains/llvm/prebuilt/darwin-x86_64/sysroot/usr/lib/aarch64-linux-android -L/Users/davidframpton/Library/Android/sdk/ndk/28.2.13676358/toolchains/llvm/prebuilt/darwin-x86_64/sysroot/usr/lib --build-id=sha1 --no-rosegment --no-undefined-version --fatal-warnings --no-undefined CMakeFiles/cmTC_4d90e.dir/CMakeCXXCompilerABI.cpp.o -Bstatic -lc++ -Bdynamic -lm /Users/davidframpton/Library/Android/sdk/ndk/28.2.13676358/toolchains/llvm/prebuilt/darwin-x86_64/lib/clang/19/lib/linux/libclang_rt.builtins-aarch64-android.a -l:libunwind.a -ldl -lc /Users/davidframpton/Library/Android/sdk/ndk/28.2.13676358/toolchains/llvm/prebuilt/darwin-x86_64/lib/clang/19/lib/linux/libclang_rt.builtins-aarch64-android.a -l:libunwind.a -ldl /Users/davidframpton/Library/Android/sdk/ndk/28.2.13676358/toolchains/llvm/prebuilt/darwin-x86_64/sysroot/usr/lib/aarch64-linux-android/21/crtend_android.o



Parsed CXX implicit include dir info from above output: rv=done
  found start of include info
  found start of implicit include info
    add: [/Users/davidframpton/Library/Android/sdk/ndk/28.2.13676358/toolchains/llvm/prebuilt/darwin-x86_64/sysroot/usr/include/c++/v1]
    add: [/Users/davidframpton/Library/Android/sdk/ndk/28.2.13676358/toolchains/llvm/prebuilt/darwin-x86_64/lib/clang/19/include]
    add: [/Users/davidframpton/Library/Android/sdk/ndk/28.2.13676358/toolchains/llvm/prebuilt/darwin-x86_64/sysroot/usr/include/aarch64-linux-android]
    add: [/Users/davidframpton/Library/Android/sdk/ndk/28.2.13676358/toolchains/llvm/prebuilt/darwin-x86_64/sysroot/usr/include]
  end of search list found
  collapse include dir [/Users/davidframpton/Library/Android/sdk/ndk/28.2.13676358/toolchains/llvm/prebuilt/darwin-x86_64/sysroot/usr/include/c++/v1] ==> [/Users/davidframpton/Library/Android/sdk/ndk/28.2.13676358/toolchains/llvm/prebuilt/darwin-x86_64/sysroot/usr/include/c++/v1]
  collapse include dir [/Users/davidframpton/Library/Android/sdk/ndk/28.2.13676358/toolchains/llvm/prebuilt/darwin-x86_64/lib/clang/19/include] ==> [/Users/davidframpton/Library/Android/sdk/ndk/28.2.13676358/toolchains/llvm/prebuilt/darwin-x86_64/lib/clang/19/include]
  collapse include dir [/Users/davidframpton/Library/Android/sdk/ndk/28.2.13676358/toolchains/llvm/prebuilt/darwin-x86_64/sysroot/usr/include/aarch64-linux-android] ==> [/Users/davidframpton/Library/Android/sdk/ndk/28.2.13676358/toolchains/llvm/prebuilt/darwin-x86_64/sysroot/usr/include/aarch64-linux-android]
  collapse include dir [/Users/davidframpton/Library/Android/sdk/ndk/28.2.13676358/toolchains/llvm/prebuilt/darwin-x86_64/sysroot/usr/include] ==> [/Users/davidframpton/Library/Android/sdk/ndk/28.2.13676358/toolchains/llvm/prebuilt/darwin-x86_64/sysroot/usr/include]
  implicit include dirs: [/Users/davidframpton/Library/Android/sdk/ndk/28.2.13676358/toolchains/llvm/prebuilt/darwin-x86_64/sysroot/usr/include/c++/v1;/Users/davidframpton/Library/Android/sdk/ndk/28.2.13676358/toolchains/llvm/prebuilt/darwin-x86_64/lib/clang/19/include;/Users/davidframpton/Library/Android/sdk/ndk/28.2.13676358/toolchains/llvm/prebuilt/darwin-x86_64/sysroot/usr/include/aarch64-linux-android;/Users/davidframpton/Library/Android/sdk/ndk/28.2.13676358/toolchains/llvm/prebuilt/darwin-x86_64/sysroot/usr/include]


Parsed CXX implicit link information from above output:
  link line regex: [^( *|.*[/\])(ld\.lld|CMAKE_LINK_STARTFILE-NOTFOUND|([^/\]+-)?ld|collect2)[^/\]*( |$)]
  ignore line: [Change Dir: /Users/davidframpton/Documents/blockheads2/katipoBrowser/waraki/android/app/.cxx/Debug/1x4y7393/arm64-v8a/CMakeFiles/CMakeTmp]
  ignore line: []
  ignore line: [Run Build Command(s):/Users/davidframpton/Library/Android/sdk/cmake/3.22.1/bin/ninja cmTC_4d90e && [1/2] Building CXX object CMakeFiles/cmTC_4d90e.dir/CMakeCXXCompilerABI.cpp.o]
  ignore line: [Android (13624864  +pgo  -bolt  +lto  -mlgo  based on r530567e) clang version 19.0.1 (https://android.googlesource.com/toolchain/llvm-project 97a699bf4812a18fb657c2779f5296a4ab2694d2)]
  ignore line: [Target: aarch64-none-linux-android21]
  ignore line: [Thread model: posix]
  ignore line: [InstalledDir: /Users/davidframpton/Library/Android/sdk/ndk/28.2.13676358/toolchains/llvm/prebuilt/darwin-x86_64/bin]
  ignore line: [ (in-process)]
  ignore line: [ "/Users/davidframpton/Library/Android/sdk/ndk/28.2.13676358/toolchains/llvm/prebuilt/darwin-x86_64/bin/clang++" -cc1 -triple aarch64-none-linux-android21 -emit-obj -mrelax-all -disable-free -clear-ast-before-backend -disable-llvm-verifier -discard-value-names -main-file-name CMakeCXXCompilerABI.cpp -mrelocation-model pic -pic-level 2 -pic-is-pie -mframe-pointer=non-leaf -ffp-contract=on -fno-rounding-math -mconstructor-aliases -funwind-tables=2 -target-cpu generic -target-feature +v8a -target-feature +fp-armv8 -target-feature +neon -target-feature +fix-cortex-a53-835769 -target-abi aapcs -debug-info-kind=constructor -dwarf-version=4 -debugger-tuning=gdb -fdebug-compilation-dir=/Users/davidframpton/Documents/blockheads2/katipoBrowser/waraki/android/app/.cxx/Debug/1x4y7393/arm64-v8a/CMakeFiles/CMakeTmp -v -ffunction-sections -fdata-sections -fcoverage-compilation-dir=/Users/davidframpton/Documents/blockheads2/katipoBrowser/waraki/android/app/.cxx/Debug/1x4y7393/arm64-v8a/CMakeFiles/CMakeTmp -resource-dir /Users/davidframpton/Library/Android/sdk/ndk/28.2.13676358/toolchains/llvm/prebuilt/darwin-x86_64/lib/clang/19 -dependency-file CMakeFiles/cmTC_4d90e.dir/CMakeCXXCompilerABI.cpp.o.d -MT CMakeFiles/cmTC_4d90e.dir/CMakeCXXCompilerABI.cpp.o -sys-header-deps -D ANDROID -D _FORTIFY_SOURCE=2 -isysroot /Users/davidframpton/Library/Android/sdk/ndk/28.2.13676358/toolchains/llvm/prebuilt/darwin-x86_64/sysroot -internal-isystem /Users/davidframpton/Library/Android/sdk/ndk/28.2.13676358/toolchains/llvm/prebuilt/darwin-x86_64/sysroot/usr/include/c++/v1 -internal-isystem /Users/davidframpton/Library/Android/sdk/ndk/28.2.13676358/toolchains/llvm/prebuilt/darwin-x86_64/lib/clang/19/include -internal-isystem /Users/davidframpton/Library/Android/sdk/ndk/28.2.13676358/toolchains/llvm/prebuilt/darwin-x86_64/sysroot/usr/local/include -internal-externc-isystem /Users/davidframpton/Library/Android/sdk/ndk/28.2.13676358/toolchains/llvm/prebuilt/darwin-x86_64/sysroot/usr/include/aarch64-linux-android -internal-externc-isystem /Users/davidframpton/Library/Android/sdk/ndk/28.2.13676358/toolchains/llvm/prebuilt/darwin-x86_64/sysroot/include -internal-externc-isystem /Users/davidframpton/Library/Android/sdk/ndk/28.2.13676358/toolchains/llvm/prebuilt/darwin-x86_64/sysroot/usr/include -Wformat -fdeprecated-macro -ferror-limit 19 -femulated-tls -stack-protector 2 -fno-signed-char -fgnuc-version=4.2.1 -fskip-odr-check-in-gmf -fcxx-exceptions -fexceptions -target-feature +outline-atomics -target-feature -fmv -D__GCC_HAVE_DWARF2_CFI_ASM=1 -o CMakeFiles/cmTC_4d90e.dir/CMakeCXXCompilerABI.cpp.o -x c++ /Users/davidframpton/Library/Android/sdk/cmake/3.22.1/share/cmake-3.22/Modules/CMakeCXXCompilerABI.cpp]
  ignore line: [clang -cc1 version 19.0.1 based upon LLVM 19.0.1 default target x86_64-apple-darwin25.6.0]
  ignore line: [ignoring nonexistent directory "/Users/davidframpton/Library/Android/sdk/ndk/28.2.13676358/toolchains/llvm/prebuilt/darwin-x86_64/sysroot/usr/local/include"]
  ignore line: [ignoring nonexistent directory "/Users/davidframpton/Library/Android/sdk/ndk/28.2.13676358/toolchains/llvm/prebuilt/darwin-x86_64/sysroot/include"]
  ignore line: [#include "..." search starts here:]
  ignore line: [#include <...> search starts here:]
  ignore line: [ /Users/davidframpton/Library/Android/sdk/ndk/28.2.13676358/toolchains/llvm/prebuilt/darwin-x86_64/sysroot/usr/include/c++/v1]
  ignore line: [ /Users/davidframpton/Library/Android/sdk/ndk/28.2.13676358/toolchains/llvm/prebuilt/darwin-x86_64/lib/clang/19/include]
  ignore line: [ /Users/davidframpton/Library/Android/sdk/ndk/28.2.13676358/toolchains/llvm/prebuilt/darwin-x86_64/sysroot/usr/include/aarch64-linux-android]
  ignore line: [ /Users/davidframpton/Library/Android/sdk/ndk/28.2.13676358/toolchains/llvm/prebuilt/darwin-x86_64/sysroot/usr/include]
  ignore line: [End of search list.]
  ignore line: [[2/2] Linking CXX executable cmTC_4d90e]
  ignore line: [Android (13624864  +pgo  -bolt  +lto  -mlgo  based on r530567e) clang version 19.0.1 (https://android.googlesource.com/toolchain/llvm-project 97a699bf4812a18fb657c2779f5296a4ab2694d2)]
  ignore line: [Target: aarch64-none-linux-android21]
  ignore line: [Thread model: posix]
  ignore line: [InstalledDir: /Users/davidframpton/Library/Android/sdk/ndk/28.2.13676358/toolchains/llvm/prebuilt/darwin-x86_64/bin]
  link line: [ "/Users/davidframpton/Library/Android/sdk/ndk/28.2.13676358/toolchains/llvm/prebuilt/darwin-x86_64/bin/ld.lld" --sysroot=/Users/davidframpton/Library/Android/sdk/ndk/28.2.13676358/toolchains/llvm/prebuilt/darwin-x86_64/sysroot -EL --fix-cortex-a53-843419 -z now -z relro -z max-page-size=16384 --hash-style=both --eh-frame-hdr -m aarch64linux -pie -dynamic-linker /system/bin/linker64 -o cmTC_4d90e /Users/davidframpton/Library/Android/sdk/ndk/28.2.13676358/toolchains/llvm/prebuilt/darwin-x86_64/sysroot/usr/lib/aarch64-linux-android/21/crtbegin_dynamic.o -L/Users/davidframpton/Library/Android/sdk/ndk/28.2.13676358/toolchains/llvm/prebuilt/darwin-x86_64/lib/clang/19/lib/linux/aarch64 -L/Users/davidframpton/Library/Android/sdk/ndk/28.2.13676358/toolchains/llvm/prebuilt/darwin-x86_64/sysroot/usr/lib/aarch64-linux-android/21 -L/Users/davidframpton/Library/Android/sdk/ndk/28.2.13676358/toolchains/llvm/prebuilt/darwin-x86_64/sysroot/usr/lib/aarch64-linux-android -L/Users/davidframpton/Library/Android/sdk/ndk/28.2.13676358/toolchains/llvm/prebuilt/darwin-x86_64/sysroot/usr/lib --build-id=sha1 --no-rosegment --no-undefined-version --fatal-warnings --no-undefined CMakeFiles/cmTC_4d90e.dir/CMakeCXXCompilerABI.cpp.o -Bstatic -lc++ -Bdynamic -lm /Users/davidframpton/Library/Android/sdk/ndk/28.2.13676358/toolchains/llvm/prebuilt/darwin-x86_64/lib/clang/19/lib/linux/libclang_rt.builtins-aarch64-android.a -l:libunwind.a -ldl -lc /Users/davidframpton/Library/Android/sdk/ndk/28.2.13676358/toolchains/llvm/prebuilt/darwin-x86_64/lib/clang/19/lib/linux/libclang_rt.builtins-aarch64-android.a -l:libunwind.a -ldl /Users/davidframpton/Library/Android/sdk/ndk/28.2.13676358/toolchains/llvm/prebuilt/darwin-x86_64/sysroot/usr/lib/aarch64-linux-android/21/crtend_android.o]
    arg [/Users/davidframpton/Library/Android/sdk/ndk/28.2.13676358/toolchains/llvm/prebuilt/darwin-x86_64/bin/ld.lld] ==> ignore
    arg [--sysroot=/Users/davidframpton/Library/Android/sdk/ndk/28.2.13676358/toolchains/llvm/prebuilt/darwin-x86_64/sysroot] ==> ignore
    arg [-EL] ==> ignore
    arg [--fix-cortex-a53-843419] ==> ignore
    arg [-znow] ==> ignore
    arg [-zrelro] ==> ignore
    arg [-zmax-page-size=16384] ==> ignore
    arg [--hash-style=both] ==> ignore
    arg [--eh-frame-hdr] ==> ignore
    arg [-m] ==> ignore
    arg [aarch64linux] ==> ignore
    arg [-pie] ==> ignore
    arg [-dynamic-linker] ==> ignore
    arg [/system/bin/linker64] ==> ignore
    arg [-o] ==> ignore
    arg [cmTC_4d90e] ==> ignore
    arg [/Users/davidframpton/Library/Android/sdk/ndk/28.2.13676358/toolchains/llvm/prebuilt/darwin-x86_64/sysroot/usr/lib/aarch64-linux-android/21/crtbegin_dynamic.o] ==> obj [/Users/davidframpton/Library/Android/sdk/ndk/28.2.13676358/toolchains/llvm/prebuilt/darwin-x86_64/sysroot/usr/lib/aarch64-linux-android/21/crtbegin_dynamic.o]
    arg [-L/Users/davidframpton/Library/Android/sdk/ndk/28.2.13676358/toolchains/llvm/prebuilt/darwin-x86_64/lib/clang/19/lib/linux/aarch64] ==> dir [/Users/davidframpton/Library/Android/sdk/ndk/28.2.13676358/toolchains/llvm/prebuilt/darwin-x86_64/lib/clang/19/lib/linux/aarch64]
    arg [-L/Users/davidframpton/Library/Android/sdk/ndk/28.2.13676358/toolchains/llvm/prebuilt/darwin-x86_64/sysroot/usr/lib/aarch64-linux-android/21] ==> dir [/Users/davidframpton/Library/Android/sdk/ndk/28.2.13676358/toolchains/llvm/prebuilt/darwin-x86_64/sysroot/usr/lib/aarch64-linux-android/21]
    arg [-L/Users/davidframpton/Library/Android/sdk/ndk/28.2.13676358/toolchains/llvm/prebuilt/darwin-x86_64/sysroot/usr/lib/aarch64-linux-android] ==> dir [/Users/davidframpton/Library/Android/sdk/ndk/28.2.13676358/toolchains/llvm/prebuilt/darwin-x86_64/sysroot/usr/lib/aarch64-linux-android]
    arg [-L/Users/davidframpton/Library/Android/sdk/ndk/28.2.13676358/toolchains/llvm/prebuilt/darwin-x86_64/sysroot/usr/lib] ==> dir [/Users/davidframpton/Library/Android/sdk/ndk/28.2.13676358/toolchains/llvm/prebuilt/darwin-x86_64/sysroot/usr/lib]
    arg [--build-id=sha1] ==> ignore
    arg [--no-rosegment] ==> ignore
    arg [--no-undefined-version] ==> ignore
    arg [--fatal-warnings] ==> ignore
    arg [--no-undefined] ==> ignore
    arg [CMakeFiles/cmTC_4d90e.dir/CMakeCXXCompilerABI.cpp.o] ==> ignore
    arg [-Bstatic] ==> search static
    arg [-lc++] ==> lib [c++]
    arg [-Bdynamic] ==> search dynamic
    arg [-lm] ==> lib [m]
    arg [/Users/davidframpton/Library/Android/sdk/ndk/28.2.13676358/toolchains/llvm/prebuilt/darwin-x86_64/lib/clang/19/lib/linux/libclang_rt.builtins-aarch64-android.a] ==> lib [/Users/davidframpton/Library/Android/sdk/ndk/28.2.13676358/toolchains/llvm/prebuilt/darwin-x86_64/lib/clang/19/lib/linux/libclang_rt.builtins-aarch64-android.a]
    arg [-l:libunwind.a] ==> lib [-l:libunwind.a]
    arg [-ldl] ==> lib [dl]
    arg [-lc] ==> lib [c]
    arg [/Users/davidframpton/Library/Android/sdk/ndk/28.2.13676358/toolchains/llvm/prebuilt/darwin-x86_64/lib/clang/19/lib/linux/libclang_rt.builtins-aarch64-android.a] ==> lib [/Users/davidframpton/Library/Android/sdk/ndk/28.2.13676358/toolchains/llvm/prebuilt/darwin-x86_64/lib/clang/19/lib/linux/libclang_rt.builtins-aarch64-android.a]
    arg [-l:libunwind.a] ==> lib [-l:libunwind.a]
    arg [-ldl] ==> lib [dl]
    arg [/Users/davidframpton/Library/Android/sdk/ndk/28.2.13676358/toolchains/llvm/prebuilt/darwin-x86_64/sysroot/usr/lib/aarch64-linux-android/21/crtend_android.o] ==> obj [/Users/davidframpton/Library/Android/sdk/ndk/28.2.13676358/toolchains/llvm/prebuilt/darwin-x86_64/sysroot/usr/lib/aarch64-linux-android/21/crtend_android.o]
  remove lib [/Users/davidframpton/Library/Android/sdk/ndk/28.2.13676358/toolchains/llvm/prebuilt/darwin-x86_64/lib/clang/19/lib/linux/libclang_rt.builtins-aarch64-android.a]
  remove lib [/Users/davidframpton/Library/Android/sdk/ndk/28.2.13676358/toolchains/llvm/prebuilt/darwin-x86_64/lib/clang/19/lib/linux/libclang_rt.builtins-aarch64-android.a]
  collapse library dir [/Users/davidframpton/Library/Android/sdk/ndk/28.2.13676358/toolchains/llvm/prebuilt/darwin-x86_64/lib/clang/19/lib/linux/aarch64] ==> [/Users/davidframpton/Library/Android/sdk/ndk/28.2.13676358/toolchains/llvm/prebuilt/darwin-x86_64/lib/clang/19/lib/linux/aarch64]
  collapse library dir [/Users/davidframpton/Library/Android/sdk/ndk/28.2.13676358/toolchains/llvm/prebuilt/darwin-x86_64/sysroot/usr/lib/aarch64-linux-android/21] ==> [/Users/davidframpton/Library/Android/sdk/ndk/28.2.13676358/toolchains/llvm/prebuilt/darwin-x86_64/sysroot/usr/lib/aarch64-linux-android/21]
  collapse library dir [/Users/davidframpton/Library/Android/sdk/ndk/28.2.13676358/toolchains/llvm/prebuilt/darwin-x86_64/sysroot/usr/lib/aarch64-linux-android] ==> [/Users/davidframpton/Library/Android/sdk/ndk/28.2.13676358/toolchains/llvm/prebuilt/darwin-x86_64/sysroot/usr/lib/aarch64-linux-android]
  collapse library dir [/Users/davidframpton/Library/Android/sdk/ndk/28.2.13676358/toolchains/llvm/prebuilt/darwin-x86_64/sysroot/usr/lib] ==> [/Users/davidframpton/Library/Android/sdk/ndk/28.2.13676358/toolchains/llvm/prebuilt/darwin-x86_64/sysroot/usr/lib]
  implicit libs: [c++;m;-l:libunwind.a;dl;c;-l:libunwind.a;dl]
  implicit objs: [/Users/davidframpton/Library/Android/sdk/ndk/28.2.13676358/toolchains/llvm/prebuilt/darwin-x86_64/sysroot/usr/lib/aarch64-linux-android/21/crtbegin_dynamic.o;/Users/davidframpton/Library/Android/sdk/ndk/28.2.13676358/toolchains/llvm/prebuilt/darwin-x86_64/sysroot/usr/lib/aarch64-linux-android/21/crtend_android.o]
  implicit dirs: [/Users/davidframpton/Library/Android/sdk/ndk/28.2.13676358/toolchains/llvm/prebuilt/darwin-x86_64/lib/clang/19/lib/linux/aarch64;/Users/davidframpton/Library/Android/sdk/ndk/28.2.13676358/toolchains/llvm/prebuilt/darwin-x86_64/sysroot/usr/lib/aarch64-linux-android/21;/Users/davidframpton/Library/Android/sdk/ndk/28.2.13676358/toolchains/llvm/prebuilt/darwin-x86_64/sysroot/usr/lib/aarch64-linux-android;/Users/davidframpton/Library/Android/sdk/ndk/28.2.13676358/toolchains/llvm/prebuilt/darwin-x86_64/sysroot/usr/lib]
  implicit fwks: []


Performing C SOURCE FILE Test HAVE_GCC_WALL succeeded with the following output:
Change Dir: /Users/davidframpton/Documents/blockheads2/katipoBrowser/waraki/android/app/.cxx/Debug/1x4y7393/arm64-v8a/CMakeFiles/CMakeTmp

Run Build Command(s):/Users/davidframpton/Library/Android/sdk/cmake/3.22.1/bin/ninja cmTC_aa34b && [1/2] Building C object CMakeFiles/cmTC_aa34b.dir/src.c.o
[2/2] Linking C executable cmTC_aa34b


Source file was:
int main(void) { return 0; }
Performing C SOURCE FILE Test HAVE_GCC_WUNDEF succeeded with the following output:
Change Dir: /Users/davidframpton/Documents/blockheads2/katipoBrowser/waraki/android/app/.cxx/Debug/1x4y7393/arm64-v8a/CMakeFiles/CMakeTmp

Run Build Command(s):/Users/davidframpton/Library/Android/sdk/cmake/3.22.1/bin/ninja cmTC_ef644 && [1/2] Building C object CMakeFiles/cmTC_ef644.dir/src.c.o
[2/2] Linking C executable cmTC_ef644


Source file was:
int main(void) { return 0; }
Performing C SOURCE FILE Test HAVE_GCC_WFLOAT_CONVERSION succeeded with the following output:
Change Dir: /Users/davidframpton/Documents/blockheads2/katipoBrowser/waraki/android/app/.cxx/Debug/1x4y7393/arm64-v8a/CMakeFiles/CMakeTmp

Run Build Command(s):/Users/davidframpton/Library/Android/sdk/cmake/3.22.1/bin/ninja cmTC_f2ba1 && [1/2] Building C object CMakeFiles/cmTC_f2ba1.dir/src.c.o
[2/2] Linking C executable cmTC_f2ba1


Source file was:
int main(void) { return 0; }
Performing C SOURCE FILE Test HAVE_GCC_NO_STRICT_ALIASING succeeded with the following output:
Change Dir: /Users/davidframpton/Documents/blockheads2/katipoBrowser/waraki/android/app/.cxx/Debug/1x4y7393/arm64-v8a/CMakeFiles/CMakeTmp

Run Build Command(s):/Users/davidframpton/Library/Android/sdk/cmake/3.22.1/bin/ninja cmTC_d9ffa && [1/2] Building C object CMakeFiles/cmTC_d9ffa.dir/src.c.o
[2/2] Linking C executable cmTC_d9ffa


Source file was:
int main(void) { return 0; }
Performing C SOURCE FILE Test HAVE_GCC_WDOCUMENTATION succeeded with the following output:
Change Dir: /Users/davidframpton/Documents/blockheads2/katipoBrowser/waraki/android/app/.cxx/Debug/1x4y7393/arm64-v8a/CMakeFiles/CMakeTmp

Run Build Command(s):/Users/davidframpton/Library/Android/sdk/cmake/3.22.1/bin/ninja cmTC_f661a && [1/2] Building C object CMakeFiles/cmTC_f661a.dir/src.c.o
[2/2] Linking C executable cmTC_f661a


Source file was:
int main(void) { return 0; }
Performing C SOURCE FILE Test HAVE_GCC_WDOCUMENTATION_UNKNOWN_COMMAND succeeded with the following output:
Change Dir: /Users/davidframpton/Documents/blockheads2/katipoBrowser/waraki/android/app/.cxx/Debug/1x4y7393/arm64-v8a/CMakeFiles/CMakeTmp

Run Build Command(s):/Users/davidframpton/Library/Android/sdk/cmake/3.22.1/bin/ninja cmTC_fab14 && [1/2] Building C object CMakeFiles/cmTC_fab14.dir/src.c.o
[2/2] Linking C executable cmTC_fab14


Source file was:
int main(void) { return 0; }
Performing C SOURCE FILE Test HAVE_GCC_COMMENT_BLOCK_COMMANDS succeeded with the following output:
Change Dir: /Users/davidframpton/Documents/blockheads2/katipoBrowser/waraki/android/app/.cxx/Debug/1x4y7393/arm64-v8a/CMakeFiles/CMakeTmp

Run Build Command(s):/Users/davidframpton/Library/Android/sdk/cmake/3.22.1/bin/ninja cmTC_46ade && [1/2] Building C object CMakeFiles/cmTC_46ade.dir/src.c.o
[2/2] Linking C executable cmTC_46ade


Source file was:
int main(void) { return 0; }
Performing C SOURCE FILE Test HAVE_GCC_WSHADOW succeeded with the following output:
Change Dir: /Users/davidframpton/Documents/blockheads2/katipoBrowser/waraki/android/app/.cxx/Debug/1x4y7393/arm64-v8a/CMakeFiles/CMakeTmp

Run Build Command(s):/Users/davidframpton/Library/Android/sdk/cmake/3.22.1/bin/ninja cmTC_b370c && [1/2] Building C object CMakeFiles/cmTC_b370c.dir/src.c.o
[2/2] Linking C executable cmTC_b370c


Source file was:
int main(void) { return 0; }
Performing C SOURCE FILE Test HAVE_GCC_WUNUSED_LOCAL_TYPEDEFS succeeded with the following output:
Change Dir: /Users/davidframpton/Documents/blockheads2/katipoBrowser/waraki/android/app/.cxx/Debug/1x4y7393/arm64-v8a/CMakeFiles/CMakeTmp

Run Build Command(s):/Users/davidframpton/Library/Android/sdk/cmake/3.22.1/bin/ninja cmTC_3bcd8 && [1/2] Building C object CMakeFiles/cmTC_3bcd8.dir/src.c.o
[2/2] Linking C executable cmTC_3bcd8


Source file was:
int main(void) { return 0; }
Performing C SOURCE FILE Test HAVE_GCC_WIMPLICIT_FALLTHROUGH succeeded with the following output:
Change Dir: /Users/davidframpton/Documents/blockheads2/katipoBrowser/waraki/android/app/.cxx/Debug/1x4y7393/arm64-v8a/CMakeFiles/CMakeTmp

Run Build Command(s):/Users/davidframpton/Library/Android/sdk/cmake/3.22.1/bin/ninja cmTC_e1d70 && [1/2] Building C object CMakeFiles/cmTC_e1d70.dir/src.c.o
[2/2] Linking C executable cmTC_e1d70


Source file was:
int main(void) { return 0; }
Performing C SOURCE FILE Test COMPILER_SUPPORTS_FCOLOR_DIAGNOSTICS succeeded with the following output:
Change Dir: /Users/davidframpton/Documents/blockheads2/katipoBrowser/waraki/android/app/.cxx/Debug/1x4y7393/arm64-v8a/CMakeFiles/CMakeTmp

Run Build Command(s):/Users/davidframpton/Library/Android/sdk/cmake/3.22.1/bin/ninja cmTC_9ddbe && [1/2] Building C object CMakeFiles/cmTC_9ddbe.dir/src.c.o
[2/2] Linking C executable cmTC_9ddbe


Source file was:
int main(void) { return 0; }
Performing C SOURCE FILE Test HAVE_WL_VERSION_SCRIPT succeeded with the following output:
Change Dir: /Users/davidframpton/Documents/blockheads2/katipoBrowser/waraki/android/app/.cxx/Debug/1x4y7393/arm64-v8a/CMakeFiles/CMakeTmp

Run Build Command(s):/Users/davidframpton/Library/Android/sdk/cmake/3.22.1/bin/ninja cmTC_3941f && [1/2] Building C object CMakeFiles/cmTC_3941f.dir/src.c.o
[2/2] Linking C executable cmTC_3941f


Source file was:
int func(void) {return 0;} int main(int argc,char*argv[]){(void)argc;(void)argv;return func();}
Performing C SOURCE FILE Test COMPILER_SUPPORTS_GCC_ATOMICS succeeded with the following output:
Change Dir: /Users/davidframpton/Documents/blockheads2/katipoBrowser/waraki/android/app/.cxx/Debug/1x4y7393/arm64-v8a/CMakeFiles/CMakeTmp

Run Build Command(s):/Users/davidframpton/Library/Android/sdk/cmake/3.22.1/bin/ninja cmTC_e17c3 && [1/2] Building C object CMakeFiles/cmTC_e17c3.dir/src.c.o
[2/2] Linking C executable cmTC_e17c3


Source file was:
int main(int argc, char **argv) {
        int a;
        void *x, *y, *z;
        __sync_lock_test_and_set(&a, 4);
        __sync_lock_test_and_set(&x, y);
        __sync_fetch_and_add(&a, 1);
        __sync_bool_compare_and_swap(&a, 5, 10);
        __sync_bool_compare_and_swap(&x, y, z);
        return 0; }
Performing C SOURCE FILE Test HAVE_GCC_FVISIBILITY succeeded with the following output:
Change Dir: /Users/davidframpton/Documents/blockheads2/katipoBrowser/waraki/android/app/.cxx/Debug/1x4y7393/arm64-v8a/CMakeFiles/CMakeTmp

Run Build Command(s):/Users/davidframpton/Library/Android/sdk/cmake/3.22.1/bin/ninja cmTC_4f9e6 && [1/2] Building C object CMakeFiles/cmTC_4f9e6.dir/src.c.o
[2/2] Linking C executable cmTC_4f9e6


Source file was:

      #if !defined(__GNUC__) || __GNUC__ < 4
      #error SDL only uses visibility attributes in GCC 4 or newer
      #endif
      __attribute__((visibility("default"))) int foo(void);
      __attribute__((visibility("hidden")))  int bar(void);
      int foo(void) { return 0; }
      int bar(void) { return 1; }
      int main(void) { return 0; }
Performing C SOURCE FILE Test LINKER_SUPPORTS_WL_NO_UNDEFINED succeeded with the following output:
Change Dir: /Users/davidframpton/Documents/blockheads2/katipoBrowser/waraki/android/app/.cxx/Debug/1x4y7393/arm64-v8a/CMakeFiles/CMakeTmp

Run Build Command(s):/Users/davidframpton/Library/Android/sdk/cmake/3.22.1/bin/ninja cmTC_9f04e && [1/2] Building C object CMakeFiles/cmTC_9f04e.dir/src.c.o
[2/2] Linking C executable cmTC_9f04e


Source file was:
int main() { return 0; }
Performing C SOURCE FILE Test COMPILER_SUPPORTS_ARMNEON succeeded with the following output:
Change Dir: /Users/davidframpton/Documents/blockheads2/katipoBrowser/waraki/android/app/.cxx/Debug/1x4y7393/arm64-v8a/CMakeFiles/CMakeTmp

Run Build Command(s):/Users/davidframpton/Library/Android/sdk/cmake/3.22.1/bin/ninja cmTC_81b25 && [1/2] Building C object CMakeFiles/cmTC_81b25.dir/src.c.o
[2/2] Linking C executable cmTC_81b25


Source file was:

    #if 0
    # if defined(__arm__) || defined(__aarch64__)
    #  define test_enabled 1
    # else
    #  define test_enabled 0 /* feign success in Apple multi-arch configs */
    # endif
    #else                    /* test normally */
    # define test_enabled 1
    #endif
    #if test_enabled
          #include <arm_neon.h>
      void floats_add(float *dest, float *a, float *b, unsigned size) {
        for (; size >= 4; size -= 4, dest += 4, a += 4, b += 4) {
          vst1q_f32(dest, vaddq_f32(vld1q_f32(a), vld1q_f32(b)));
        }
      }
      int main(int argc, char *argv[]) {
        floats_add((float*)0, (float*)0, (float*)0, 0);
        return 0;
      }
    #else
    int main(int argc, char *argv[]) {
      (void)argc;
      (void)argv;
      return 0;
    }
    #endif
Determining if the include file alloca.h exists passed with the following output:
Change Dir: /Users/davidframpton/Documents/blockheads2/katipoBrowser/waraki/android/app/.cxx/Debug/1x4y7393/arm64-v8a/CMakeFiles/CMakeTmp

Run Build Command(s):/Users/davidframpton/Library/Android/sdk/cmake/3.22.1/bin/ninja cmTC_55f2a && [1/2] Building C object CMakeFiles/cmTC_55f2a.dir/CheckIncludeFile.c.o
[2/2] Linking C executable cmTC_55f2a



Determining if the include file float.h exists passed with the following output:
Change Dir: /Users/davidframpton/Documents/blockheads2/katipoBrowser/waraki/android/app/.cxx/Debug/1x4y7393/arm64-v8a/CMakeFiles/CMakeTmp

Run Build Command(s):/Users/davidframpton/Library/Android/sdk/cmake/3.22.1/bin/ninja cmTC_3bbfb && [1/2] Building C object CMakeFiles/cmTC_3bbfb.dir/CheckIncludeFile.c.o
[2/2] Linking C executable cmTC_3bbfb



Determining if the include file iconv.h exists passed with the following output:
Change Dir: /Users/davidframpton/Documents/blockheads2/katipoBrowser/waraki/android/app/.cxx/Debug/1x4y7393/arm64-v8a/CMakeFiles/CMakeTmp

Run Build Command(s):/Users/davidframpton/Library/Android/sdk/cmake/3.22.1/bin/ninja cmTC_e9eb6 && [1/2] Building C object CMakeFiles/cmTC_e9eb6.dir/CheckIncludeFile.c.o
[2/2] Linking C executable cmTC_e9eb6



Determining if the include file inttypes.h exists passed with the following output:
Change Dir: /Users/davidframpton/Documents/blockheads2/katipoBrowser/waraki/android/app/.cxx/Debug/1x4y7393/arm64-v8a/CMakeFiles/CMakeTmp

Run Build Command(s):/Users/davidframpton/Library/Android/sdk/cmake/3.22.1/bin/ninja cmTC_18d25 && [1/2] Building C object CMakeFiles/cmTC_18d25.dir/CheckIncludeFile.c.o
[2/2] Linking C executable cmTC_18d25



Determining if the include file limits.h exists passed with the following output:
Change Dir: /Users/davidframpton/Documents/blockheads2/katipoBrowser/waraki/android/app/.cxx/Debug/1x4y7393/arm64-v8a/CMakeFiles/CMakeTmp

Run Build Command(s):/Users/davidframpton/Library/Android/sdk/cmake/3.22.1/bin/ninja cmTC_bf607 && [1/2] Building C object CMakeFiles/cmTC_bf607.dir/CheckIncludeFile.c.o
[2/2] Linking C executable cmTC_bf607



Determining if the include file malloc.h exists passed with the following output:
Change Dir: /Users/davidframpton/Documents/blockheads2/katipoBrowser/waraki/android/app/.cxx/Debug/1x4y7393/arm64-v8a/CMakeFiles/CMakeTmp

Run Build Command(s):/Users/davidframpton/Library/Android/sdk/cmake/3.22.1/bin/ninja cmTC_e0df5 && [1/2] Building C object CMakeFiles/cmTC_e0df5.dir/CheckIncludeFile.c.o
[2/2] Linking C executable cmTC_e0df5



Determining if the include file math.h exists passed with the following output:
Change Dir: /Users/davidframpton/Documents/blockheads2/katipoBrowser/waraki/android/app/.cxx/Debug/1x4y7393/arm64-v8a/CMakeFiles/CMakeTmp

Run Build Command(s):/Users/davidframpton/Library/Android/sdk/cmake/3.22.1/bin/ninja cmTC_ba6da && [1/2] Building C object CMakeFiles/cmTC_ba6da.dir/CheckIncludeFile.c.o
[2/2] Linking C executable cmTC_ba6da



Determining if the include file memory.h exists passed with the following output:
Change Dir: /Users/davidframpton/Documents/blockheads2/katipoBrowser/waraki/android/app/.cxx/Debug/1x4y7393/arm64-v8a/CMakeFiles/CMakeTmp

Run Build Command(s):/Users/davidframpton/Library/Android/sdk/cmake/3.22.1/bin/ninja cmTC_4c659 && [1/2] Building C object CMakeFiles/cmTC_4c659.dir/CheckIncludeFile.c.o
[2/2] Linking C executable cmTC_4c659



Determining if the include file signal.h exists passed with the following output:
Change Dir: /Users/davidframpton/Documents/blockheads2/katipoBrowser/waraki/android/app/.cxx/Debug/1x4y7393/arm64-v8a/CMakeFiles/CMakeTmp

Run Build Command(s):/Users/davidframpton/Library/Android/sdk/cmake/3.22.1/bin/ninja cmTC_0d728 && [1/2] Building C object CMakeFiles/cmTC_0d728.dir/CheckIncludeFile.c.o
[2/2] Linking C executable cmTC_0d728



Determining if the include file stdarg.h exists passed with the following output:
Change Dir: /Users/davidframpton/Documents/blockheads2/katipoBrowser/waraki/android/app/.cxx/Debug/1x4y7393/arm64-v8a/CMakeFiles/CMakeTmp

Run Build Command(s):/Users/davidframpton/Library/Android/sdk/cmake/3.22.1/bin/ninja cmTC_35b6f && [1/2] Building C object CMakeFiles/cmTC_35b6f.dir/CheckIncludeFile.c.o
[2/2] Linking C executable cmTC_35b6f



Determining if the include file stdbool.h exists passed with the following output:
Change Dir: /Users/davidframpton/Documents/blockheads2/katipoBrowser/waraki/android/app/.cxx/Debug/1x4y7393/arm64-v8a/CMakeFiles/CMakeTmp

Run Build Command(s):/Users/davidframpton/Library/Android/sdk/cmake/3.22.1/bin/ninja cmTC_bce5b && [1/2] Building C object CMakeFiles/cmTC_bce5b.dir/CheckIncludeFile.c.o
[2/2] Linking C executable cmTC_bce5b



Determining if the include file stddef.h exists passed with the following output:
Change Dir: /Users/davidframpton/Documents/blockheads2/katipoBrowser/waraki/android/app/.cxx/Debug/1x4y7393/arm64-v8a/CMakeFiles/CMakeTmp

Run Build Command(s):/Users/davidframpton/Library/Android/sdk/cmake/3.22.1/bin/ninja cmTC_02470 && [1/2] Building C object CMakeFiles/cmTC_02470.dir/CheckIncludeFile.c.o
[2/2] Linking C executable cmTC_02470



Determining if the include file stdint.h exists passed with the following output:
Change Dir: /Users/davidframpton/Documents/blockheads2/katipoBrowser/waraki/android/app/.cxx/Debug/1x4y7393/arm64-v8a/CMakeFiles/CMakeTmp

Run Build Command(s):/Users/davidframpton/Library/Android/sdk/cmake/3.22.1/bin/ninja cmTC_aaa3a && [1/2] Building C object CMakeFiles/cmTC_aaa3a.dir/CheckIncludeFile.c.o
[2/2] Linking C executable cmTC_aaa3a



Determining if the include file stdio.h exists passed with the following output:
Change Dir: /Users/davidframpton/Documents/blockheads2/katipoBrowser/waraki/android/app/.cxx/Debug/1x4y7393/arm64-v8a/CMakeFiles/CMakeTmp

Run Build Command(s):/Users/davidframpton/Library/Android/sdk/cmake/3.22.1/bin/ninja cmTC_c4609 && [1/2] Building C object CMakeFiles/cmTC_c4609.dir/CheckIncludeFile.c.o
[2/2] Linking C executable cmTC_c4609



Determining if the include file stdlib.h exists passed with the following output:
Change Dir: /Users/davidframpton/Documents/blockheads2/katipoBrowser/waraki/android/app/.cxx/Debug/1x4y7393/arm64-v8a/CMakeFiles/CMakeTmp

Run Build Command(s):/Users/davidframpton/Library/Android/sdk/cmake/3.22.1/bin/ninja cmTC_fe92c && [1/2] Building C object CMakeFiles/cmTC_fe92c.dir/CheckIncludeFile.c.o
[2/2] Linking C executable cmTC_fe92c



Determining if the include file string.h exists passed with the following output:
Change Dir: /Users/davidframpton/Documents/blockheads2/katipoBrowser/waraki/android/app/.cxx/Debug/1x4y7393/arm64-v8a/CMakeFiles/CMakeTmp

Run Build Command(s):/Users/davidframpton/Library/Android/sdk/cmake/3.22.1/bin/ninja cmTC_863ce && [1/2] Building C object CMakeFiles/cmTC_863ce.dir/CheckIncludeFile.c.o
[2/2] Linking C executable cmTC_863ce



Determining if the include file strings.h exists passed with the following output:
Change Dir: /Users/davidframpton/Documents/blockheads2/katipoBrowser/waraki/android/app/.cxx/Debug/1x4y7393/arm64-v8a/CMakeFiles/CMakeTmp

Run Build Command(s):/Users/davidframpton/Library/Android/sdk/cmake/3.22.1/bin/ninja cmTC_fe414 && [1/2] Building C object CMakeFiles/cmTC_fe414.dir/CheckIncludeFile.c.o
[2/2] Linking C executable cmTC_fe414



Determining if the include file sys/types.h exists passed with the following output:
Change Dir: /Users/davidframpton/Documents/blockheads2/katipoBrowser/waraki/android/app/.cxx/Debug/1x4y7393/arm64-v8a/CMakeFiles/CMakeTmp

Run Build Command(s):/Users/davidframpton/Library/Android/sdk/cmake/3.22.1/bin/ninja cmTC_d0194 && [1/2] Building C object CMakeFiles/cmTC_d0194.dir/CheckIncludeFile.c.o
[2/2] Linking C executable cmTC_d0194



Determining if the include file time.h exists passed with the following output:
Change Dir: /Users/davidframpton/Documents/blockheads2/katipoBrowser/waraki/android/app/.cxx/Debug/1x4y7393/arm64-v8a/CMakeFiles/CMakeTmp

Run Build Command(s):/Users/davidframpton/Library/Android/sdk/cmake/3.22.1/bin/ninja cmTC_7c8bc && [1/2] Building C object CMakeFiles/cmTC_7c8bc.dir/CheckIncludeFile.c.o
[2/2] Linking C executable cmTC_7c8bc



Determining if the include file wchar.h exists passed with the following output:
Change Dir: /Users/davidframpton/Documents/blockheads2/katipoBrowser/waraki/android/app/.cxx/Debug/1x4y7393/arm64-v8a/CMakeFiles/CMakeTmp

Run Build Command(s):/Users/davidframpton/Library/Android/sdk/cmake/3.22.1/bin/ninja cmTC_2c3fe && [1/2] Building C object CMakeFiles/cmTC_2c3fe.dir/CheckIncludeFile.c.o
[2/2] Linking C executable cmTC_2c3fe



Determining if the function pow exists in the m passed with the following output:
Change Dir: /Users/davidframpton/Documents/blockheads2/katipoBrowser/waraki/android/app/.cxx/Debug/1x4y7393/arm64-v8a/CMakeFiles/CMakeTmp

Run Build Command(s):/Users/davidframpton/Library/Android/sdk/cmake/3.22.1/bin/ninja cmTC_ceebc && [1/2] Building C object CMakeFiles/cmTC_ceebc.dir/CheckFunctionExists.c.o
/Users/davidframpton/Library/Android/sdk/cmake/3.22.1/share/cmake-3.22/Modules/CheckFunctionExists.c:7:3: warning: incompatible redeclaration of library function 'pow' [-Wincompatible-library-redeclaration]
    7 |   CHECK_FUNCTION_EXISTS(void);
      |   ^
<command line>:3:31: note: expanded from macro 'CHECK_FUNCTION_EXISTS'
    3 | #define CHECK_FUNCTION_EXISTS pow
      |                               ^
/Users/davidframpton/Library/Android/sdk/cmake/3.22.1/share/cmake-3.22/Modules/CheckFunctionExists.c:7:3: note: 'pow' is a builtin with type 'double (double, double)'
<command line>:3:31: note: expanded from macro 'CHECK_FUNCTION_EXISTS'
    3 | #define CHECK_FUNCTION_EXISTS pow
      |                               ^
1 warning generated.
[2/2] Linking C executable cmTC_ceebc



Determining if the abs exist passed with the following output:
Change Dir: /Users/davidframpton/Documents/blockheads2/katipoBrowser/waraki/android/app/.cxx/Debug/1x4y7393/arm64-v8a/CMakeFiles/CMakeTmp

Run Build Command(s):/Users/davidframpton/Library/Android/sdk/cmake/3.22.1/bin/ninja cmTC_164b8 && [1/2] Building C object CMakeFiles/cmTC_164b8.dir/CheckSymbolExists.c.o
[2/2] Linking C executable cmTC_164b8


File /Users/davidframpton/Documents/blockheads2/katipoBrowser/waraki/android/app/.cxx/Debug/1x4y7393/arm64-v8a/CMakeFiles/CMakeTmp/CheckSymbolExists.c:
/* */
#include <float.h>
#include <iconv.h>
#include <inttypes.h>
#include <limits.h>
#include <malloc.h>
#include <math.h>
#include <memory.h>
#include <signal.h>
#include <stdarg.h>
#include <stdbool.h>
#include <stddef.h>
#include <stdint.h>
#include <stdio.h>
#include <stdlib.h>
#include <string.h>
#include <strings.h>
#include <sys/types.h>
#include <time.h>
#include <wchar.h>

int main(int argc, char** argv)
{
  (void)argv;
#ifndef abs
  return ((int*)(&abs))[argc];
#else
  (void)argc;
  return 0;
#endif
}
Determining if the acos exist passed with the following output:
Change Dir: /Users/davidframpton/Documents/blockheads2/katipoBrowser/waraki/android/app/.cxx/Debug/1x4y7393/arm64-v8a/CMakeFiles/CMakeTmp

Run Build Command(s):/Users/davidframpton/Library/Android/sdk/cmake/3.22.1/bin/ninja cmTC_50f86 && [1/2] Building C object CMakeFiles/cmTC_50f86.dir/CheckSymbolExists.c.o
[2/2] Linking C executable cmTC_50f86


File /Users/davidframpton/Documents/blockheads2/katipoBrowser/waraki/android/app/.cxx/Debug/1x4y7393/arm64-v8a/CMakeFiles/CMakeTmp/CheckSymbolExists.c:
/* */
#include <float.h>
#include <iconv.h>
#include <inttypes.h>
#include <limits.h>
#include <malloc.h>
#include <math.h>
#include <memory.h>
#include <signal.h>
#include <stdarg.h>
#include <stdbool.h>
#include <stddef.h>
#include <stdint.h>
#include <stdio.h>
#include <stdlib.h>
#include <string.h>
#include <strings.h>
#include <sys/types.h>
#include <time.h>
#include <wchar.h>

int main(int argc, char** argv)
{
  (void)argv;
#ifndef acos
  return ((int*)(&acos))[argc];
#else
  (void)argc;
  return 0;
#endif
}
Determining if the acosf exist passed with the following output:
Change Dir: /Users/davidframpton/Documents/blockheads2/katipoBrowser/waraki/android/app/.cxx/Debug/1x4y7393/arm64-v8a/CMakeFiles/CMakeTmp

Run Build Command(s):/Users/davidframpton/Library/Android/sdk/cmake/3.22.1/bin/ninja cmTC_d8eb8 && [1/2] Building C object CMakeFiles/cmTC_d8eb8.dir/CheckSymbolExists.c.o
[2/2] Linking C executable cmTC_d8eb8


File /Users/davidframpton/Documents/blockheads2/katipoBrowser/waraki/android/app/.cxx/Debug/1x4y7393/arm64-v8a/CMakeFiles/CMakeTmp/CheckSymbolExists.c:
/* */
#include <float.h>
#include <iconv.h>
#include <inttypes.h>
#include <limits.h>
#include <malloc.h>
#include <math.h>
#include <memory.h>
#include <signal.h>
#include <stdarg.h>
#include <stdbool.h>
#include <stddef.h>
#include <stdint.h>
#include <stdio.h>
#include <stdlib.h>
#include <string.h>
#include <strings.h>
#include <sys/types.h>
#include <time.h>
#include <wchar.h>

int main(int argc, char** argv)
{
  (void)argv;
#ifndef acosf
  return ((int*)(&acosf))[argc];
#else
  (void)argc;
  return 0;
#endif
}
Determining if the asin exist passed with the following output:
Change Dir: /Users/davidframpton/Documents/blockheads2/katipoBrowser/waraki/android/app/.cxx/Debug/1x4y7393/arm64-v8a/CMakeFiles/CMakeTmp

Run Build Command(s):/Users/davidframpton/Library/Android/sdk/cmake/3.22.1/bin/ninja cmTC_10e53 && [1/2] Building C object CMakeFiles/cmTC_10e53.dir/CheckSymbolExists.c.o
[2/2] Linking C executable cmTC_10e53


File /Users/davidframpton/Documents/blockheads2/katipoBrowser/waraki/android/app/.cxx/Debug/1x4y7393/arm64-v8a/CMakeFiles/CMakeTmp/CheckSymbolExists.c:
/* */
#include <float.h>
#include <iconv.h>
#include <inttypes.h>
#include <limits.h>
#include <malloc.h>
#include <math.h>
#include <memory.h>
#include <signal.h>
#include <stdarg.h>
#include <stdbool.h>
#include <stddef.h>
#include <stdint.h>
#include <stdio.h>
#include <stdlib.h>
#include <string.h>
#include <strings.h>
#include <sys/types.h>
#include <time.h>
#include <wchar.h>

int main(int argc, char** argv)
{
  (void)argv;
#ifndef asin
  return ((int*)(&asin))[argc];
#else
  (void)argc;
  return 0;
#endif
}
Determining if the asinf exist passed with the following output:
Change Dir: /Users/davidframpton/Documents/blockheads2/katipoBrowser/waraki/android/app/.cxx/Debug/1x4y7393/arm64-v8a/CMakeFiles/CMakeTmp

Run Build Command(s):/Users/davidframpton/Library/Android/sdk/cmake/3.22.1/bin/ninja cmTC_a1db5 && [1/2] Building C object CMakeFiles/cmTC_a1db5.dir/CheckSymbolExists.c.o
[2/2] Linking C executable cmTC_a1db5


File /Users/davidframpton/Documents/blockheads2/katipoBrowser/waraki/android/app/.cxx/Debug/1x4y7393/arm64-v8a/CMakeFiles/CMakeTmp/CheckSymbolExists.c:
/* */
#include <float.h>
#include <iconv.h>
#include <inttypes.h>
#include <limits.h>
#include <malloc.h>
#include <math.h>
#include <memory.h>
#include <signal.h>
#include <stdarg.h>
#include <stdbool.h>
#include <stddef.h>
#include <stdint.h>
#include <stdio.h>
#include <stdlib.h>
#include <string.h>
#include <strings.h>
#include <sys/types.h>
#include <time.h>
#include <wchar.h>

int main(int argc, char** argv)
{
  (void)argv;
#ifndef asinf
  return ((int*)(&asinf))[argc];
#else
  (void)argc;
  return 0;
#endif
}
Determining if the atan exist passed with the following output:
Change Dir: /Users/davidframpton/Documents/blockheads2/katipoBrowser/waraki/android/app/.cxx/Debug/1x4y7393/arm64-v8a/CMakeFiles/CMakeTmp

Run Build Command(s):/Users/davidframpton/Library/Android/sdk/cmake/3.22.1/bin/ninja cmTC_ecbcc && [1/2] Building C object CMakeFiles/cmTC_ecbcc.dir/CheckSymbolExists.c.o
[2/2] Linking C executable cmTC_ecbcc


File /Users/davidframpton/Documents/blockheads2/katipoBrowser/waraki/android/app/.cxx/Debug/1x4y7393/arm64-v8a/CMakeFiles/CMakeTmp/CheckSymbolExists.c:
/* */
#include <float.h>
#include <iconv.h>
#include <inttypes.h>
#include <limits.h>
#include <malloc.h>
#include <math.h>
#include <memory.h>
#include <signal.h>
#include <stdarg.h>
#include <stdbool.h>
#include <stddef.h>
#include <stdint.h>
#include <stdio.h>
#include <stdlib.h>
#include <string.h>
#include <strings.h>
#include <sys/types.h>
#include <time.h>
#include <wchar.h>

int main(int argc, char** argv)
{
  (void)argv;
#ifndef atan
  return ((int*)(&atan))[argc];
#else
  (void)argc;
  return 0;
#endif
}
Determining if the atan2 exist passed with the following output:
Change Dir: /Users/davidframpton/Documents/blockheads2/katipoBrowser/waraki/android/app/.cxx/Debug/1x4y7393/arm64-v8a/CMakeFiles/CMakeTmp

Run Build Command(s):/Users/davidframpton/Library/Android/sdk/cmake/3.22.1/bin/ninja cmTC_2cc5f && [1/2] Building C object CMakeFiles/cmTC_2cc5f.dir/CheckSymbolExists.c.o
[2/2] Linking C executable cmTC_2cc5f


File /Users/davidframpton/Documents/blockheads2/katipoBrowser/waraki/android/app/.cxx/Debug/1x4y7393/arm64-v8a/CMakeFiles/CMakeTmp/CheckSymbolExists.c:
/* */
#include <float.h>
#include <iconv.h>
#include <inttypes.h>
#include <limits.h>
#include <malloc.h>
#include <math.h>
#include <memory.h>
#include <signal.h>
#include <stdarg.h>
#include <stdbool.h>
#include <stddef.h>
#include <stdint.h>
#include <stdio.h>
#include <stdlib.h>
#include <string.h>
#include <strings.h>
#include <sys/types.h>
#include <time.h>
#include <wchar.h>

int main(int argc, char** argv)
{
  (void)argv;
#ifndef atan2
  return ((int*)(&atan2))[argc];
#else
  (void)argc;
  return 0;
#endif
}
Determining if the atan2f exist passed with the following output:
Change Dir: /Users/davidframpton/Documents/blockheads2/katipoBrowser/waraki/android/app/.cxx/Debug/1x4y7393/arm64-v8a/CMakeFiles/CMakeTmp

Run Build Command(s):/Users/davidframpton/Library/Android/sdk/cmake/3.22.1/bin/ninja cmTC_74b1f && [1/2] Building C object CMakeFiles/cmTC_74b1f.dir/CheckSymbolExists.c.o
[2/2] Linking C executable cmTC_74b1f


File /Users/davidframpton/Documents/blockheads2/katipoBrowser/waraki/android/app/.cxx/Debug/1x4y7393/arm64-v8a/CMakeFiles/CMakeTmp/CheckSymbolExists.c:
/* */
#include <float.h>
#include <iconv.h>
#include <inttypes.h>
#include <limits.h>
#include <malloc.h>
#include <math.h>
#include <memory.h>
#include <signal.h>
#include <stdarg.h>
#include <stdbool.h>
#include <stddef.h>
#include <stdint.h>
#include <stdio.h>
#include <stdlib.h>
#include <string.h>
#include <strings.h>
#include <sys/types.h>
#include <time.h>
#include <wchar.h>

int main(int argc, char** argv)
{
  (void)argv;
#ifndef atan2f
  return ((int*)(&atan2f))[argc];
#else
  (void)argc;
  return 0;
#endif
}
Determining if the atanf exist passed with the following output:
Change Dir: /Users/davidframpton/Documents/blockheads2/katipoBrowser/waraki/android/app/.cxx/Debug/1x4y7393/arm64-v8a/CMakeFiles/CMakeTmp

Run Build Command(s):/Users/davidframpton/Library/Android/sdk/cmake/3.22.1/bin/ninja cmTC_8bbae && [1/2] Building C object CMakeFiles/cmTC_8bbae.dir/CheckSymbolExists.c.o
[2/2] Linking C executable cmTC_8bbae


File /Users/davidframpton/Documents/blockheads2/katipoBrowser/waraki/android/app/.cxx/Debug/1x4y7393/arm64-v8a/CMakeFiles/CMakeTmp/CheckSymbolExists.c:
/* */
#include <float.h>
#include <iconv.h>
#include <inttypes.h>
#include <limits.h>
#include <malloc.h>
#include <math.h>
#include <memory.h>
#include <signal.h>
#include <stdarg.h>
#include <stdbool.h>
#include <stddef.h>
#include <stdint.h>
#include <stdio.h>
#include <stdlib.h>
#include <string.h>
#include <strings.h>
#include <sys/types.h>
#include <time.h>
#include <wchar.h>

int main(int argc, char** argv)
{
  (void)argv;
#ifndef atanf
  return ((int*)(&atanf))[argc];
#else
  (void)argc;
  return 0;
#endif
}
Determining if the atof exist passed with the following output:
Change Dir: /Users/davidframpton/Documents/blockheads2/katipoBrowser/waraki/android/app/.cxx/Debug/1x4y7393/arm64-v8a/CMakeFiles/CMakeTmp

Run Build Command(s):/Users/davidframpton/Library/Android/sdk/cmake/3.22.1/bin/ninja cmTC_bc04a && [1/2] Building C object CMakeFiles/cmTC_bc04a.dir/CheckSymbolExists.c.o
[2/2] Linking C executable cmTC_bc04a


File /Users/davidframpton/Documents/blockheads2/katipoBrowser/waraki/android/app/.cxx/Debug/1x4y7393/arm64-v8a/CMakeFiles/CMakeTmp/CheckSymbolExists.c:
/* */
#include <float.h>
#include <iconv.h>
#include <inttypes.h>
#include <limits.h>
#include <malloc.h>
#include <math.h>
#include <memory.h>
#include <signal.h>
#include <stdarg.h>
#include <stdbool.h>
#include <stddef.h>
#include <stdint.h>
#include <stdio.h>
#include <stdlib.h>
#include <string.h>
#include <strings.h>
#include <sys/types.h>
#include <time.h>
#include <wchar.h>

int main(int argc, char** argv)
{
  (void)argv;
#ifndef atof
  return ((int*)(&atof))[argc];
#else
  (void)argc;
  return 0;
#endif
}
Determining if the atoi exist passed with the following output:
Change Dir: /Users/davidframpton/Documents/blockheads2/katipoBrowser/waraki/android/app/.cxx/Debug/1x4y7393/arm64-v8a/CMakeFiles/CMakeTmp

Run Build Command(s):/Users/davidframpton/Library/Android/sdk/cmake/3.22.1/bin/ninja cmTC_1c7eb && [1/2] Building C object CMakeFiles/cmTC_1c7eb.dir/CheckSymbolExists.c.o
[2/2] Linking C executable cmTC_1c7eb


File /Users/davidframpton/Documents/blockheads2/katipoBrowser/waraki/android/app/.cxx/Debug/1x4y7393/arm64-v8a/CMakeFiles/CMakeTmp/CheckSymbolExists.c:
/* */
#include <float.h>
#include <iconv.h>
#include <inttypes.h>
#include <limits.h>
#include <malloc.h>
#include <math.h>
#include <memory.h>
#include <signal.h>
#include <stdarg.h>
#include <stdbool.h>
#include <stddef.h>
#include <stdint.h>
#include <stdio.h>
#include <stdlib.h>
#include <string.h>
#include <strings.h>
#include <sys/types.h>
#include <time.h>
#include <wchar.h>

int main(int argc, char** argv)
{
  (void)argv;
#ifndef atoi
  return ((int*)(&atoi))[argc];
#else
  (void)argc;
  return 0;
#endif
}
Determining if the bcopy exist passed with the following output:
Change Dir: /Users/davidframpton/Documents/blockheads2/katipoBrowser/waraki/android/app/.cxx/Debug/1x4y7393/arm64-v8a/CMakeFiles/CMakeTmp

Run Build Command(s):/Users/davidframpton/Library/Android/sdk/cmake/3.22.1/bin/ninja cmTC_b92db && [1/2] Building C object CMakeFiles/cmTC_b92db.dir/CheckSymbolExists.c.o
[2/2] Linking C executable cmTC_b92db


File /Users/davidframpton/Documents/blockheads2/katipoBrowser/waraki/android/app/.cxx/Debug/1x4y7393/arm64-v8a/CMakeFiles/CMakeTmp/CheckSymbolExists.c:
/* */
#include <float.h>
#include <iconv.h>
#include <inttypes.h>
#include <limits.h>
#include <malloc.h>
#include <math.h>
#include <memory.h>
#include <signal.h>
#include <stdarg.h>
#include <stdbool.h>
#include <stddef.h>
#include <stdint.h>
#include <stdio.h>
#include <stdlib.h>
#include <string.h>
#include <strings.h>
#include <sys/types.h>
#include <time.h>
#include <wchar.h>

int main(int argc, char** argv)
{
  (void)argv;
#ifndef bcopy
  return ((int*)(&bcopy))[argc];
#else
  (void)argc;
  return 0;
#endif
}
Determining if the ceil exist passed with the following output:
Change Dir: /Users/davidframpton/Documents/blockheads2/katipoBrowser/waraki/android/app/.cxx/Debug/1x4y7393/arm64-v8a/CMakeFiles/CMakeTmp

Run Build Command(s):/Users/davidframpton/Library/Android/sdk/cmake/3.22.1/bin/ninja cmTC_25e3b && [1/2] Building C object CMakeFiles/cmTC_25e3b.dir/CheckSymbolExists.c.o
[2/2] Linking C executable cmTC_25e3b


File /Users/davidframpton/Documents/blockheads2/katipoBrowser/waraki/android/app/.cxx/Debug/1x4y7393/arm64-v8a/CMakeFiles/CMakeTmp/CheckSymbolExists.c:
/* */
#include <float.h>
#include <iconv.h>
#include <inttypes.h>
#include <limits.h>
#include <malloc.h>
#include <math.h>
#include <memory.h>
#include <signal.h>
#include <stdarg.h>
#include <stdbool.h>
#include <stddef.h>
#include <stdint.h>
#include <stdio.h>
#include <stdlib.h>
#include <string.h>
#include <strings.h>
#include <sys/types.h>
#include <time.h>
#include <wchar.h>

int main(int argc, char** argv)
{
  (void)argv;
#ifndef ceil
  return ((int*)(&ceil))[argc];
#else
  (void)argc;
  return 0;
#endif
}
Determining if the ceilf exist passed with the following output:
Change Dir: /Users/davidframpton/Documents/blockheads2/katipoBrowser/waraki/android/app/.cxx/Debug/1x4y7393/arm64-v8a/CMakeFiles/CMakeTmp

Run Build Command(s):/Users/davidframpton/Library/Android/sdk/cmake/3.22.1/bin/ninja cmTC_bb676 && [1/2] Building C object CMakeFiles/cmTC_bb676.dir/CheckSymbolExists.c.o
[2/2] Linking C executable cmTC_bb676


File /Users/davidframpton/Documents/blockheads2/katipoBrowser/waraki/android/app/.cxx/Debug/1x4y7393/arm64-v8a/CMakeFiles/CMakeTmp/CheckSymbolExists.c:
/* */
#include <float.h>
#include <iconv.h>
#include <inttypes.h>
#include <limits.h>
#include <malloc.h>
#include <math.h>
#include <memory.h>
#include <signal.h>
#include <stdarg.h>
#include <stdbool.h>
#include <stddef.h>
#include <stdint.h>
#include <stdio.h>
#include <stdlib.h>
#include <string.h>
#include <strings.h>
#include <sys/types.h>
#include <time.h>
#include <wchar.h>

int main(int argc, char** argv)
{
  (void)argv;
#ifndef ceilf
  return ((int*)(&ceilf))[argc];
#else
  (void)argc;
  return 0;
#endif
}
Determining if the copysign exist passed with the following output:
Change Dir: /Users/davidframpton/Documents/blockheads2/katipoBrowser/waraki/android/app/.cxx/Debug/1x4y7393/arm64-v8a/CMakeFiles/CMakeTmp

Run Build Command(s):/Users/davidframpton/Library/Android/sdk/cmake/3.22.1/bin/ninja cmTC_b2f35 && [1/2] Building C object CMakeFiles/cmTC_b2f35.dir/CheckSymbolExists.c.o
[2/2] Linking C executable cmTC_b2f35


File /Users/davidframpton/Documents/blockheads2/katipoBrowser/waraki/android/app/.cxx/Debug/1x4y7393/arm64-v8a/CMakeFiles/CMakeTmp/CheckSymbolExists.c:
/* */
#include <float.h>
#include <iconv.h>
#include <inttypes.h>
#include <limits.h>
#include <malloc.h>
#include <math.h>
#include <memory.h>
#include <signal.h>
#include <stdarg.h>
#include <stdbool.h>
#include <stddef.h>
#include <stdint.h>
#include <stdio.h>
#include <stdlib.h>
#include <string.h>
#include <strings.h>
#include <sys/types.h>
#include <time.h>
#include <wchar.h>

int main(int argc, char** argv)
{
  (void)argv;
#ifndef copysign
  return ((int*)(&copysign))[argc];
#else
  (void)argc;
  return 0;
#endif
}
Determining if the copysignf exist passed with the following output:
Change Dir: /Users/davidframpton/Documents/blockheads2/katipoBrowser/waraki/android/app/.cxx/Debug/1x4y7393/arm64-v8a/CMakeFiles/CMakeTmp

Run Build Command(s):/Users/davidframpton/Library/Android/sdk/cmake/3.22.1/bin/ninja cmTC_4a0f5 && [1/2] Building C object CMakeFiles/cmTC_4a0f5.dir/CheckSymbolExists.c.o
[2/2] Linking C executable cmTC_4a0f5


File /Users/davidframpton/Documents/blockheads2/katipoBrowser/waraki/android/app/.cxx/Debug/1x4y7393/arm64-v8a/CMakeFiles/CMakeTmp/CheckSymbolExists.c:
/* */
#include <float.h>
#include <iconv.h>
#include <inttypes.h>
#include <limits.h>
#include <malloc.h>
#include <math.h>
#include <memory.h>
#include <signal.h>
#include <stdarg.h>
#include <stdbool.h>
#include <stddef.h>
#include <stdint.h>
#include <stdio.h>
#include <stdlib.h>
#include <string.h>
#include <strings.h>
#include <sys/types.h>
#include <time.h>
#include <wchar.h>

int main(int argc, char** argv)
{
  (void)argv;
#ifndef copysignf
  return ((int*)(&copysignf))[argc];
#else
  (void)argc;
  return 0;
#endif
}
Determining if the cos exist passed with the following output:
Change Dir: /Users/davidframpton/Documents/blockheads2/katipoBrowser/waraki/android/app/.cxx/Debug/1x4y7393/arm64-v8a/CMakeFiles/CMakeTmp

Run Build Command(s):/Users/davidframpton/Library/Android/sdk/cmake/3.22.1/bin/ninja cmTC_dd641 && [1/2] Building C object CMakeFiles/cmTC_dd641.dir/CheckSymbolExists.c.o
[2/2] Linking C executable cmTC_dd641


File /Users/davidframpton/Documents/blockheads2/katipoBrowser/waraki/android/app/.cxx/Debug/1x4y7393/arm64-v8a/CMakeFiles/CMakeTmp/CheckSymbolExists.c:
/* */
#include <float.h>
#include <iconv.h>
#include <inttypes.h>
#include <limits.h>
#include <malloc.h>
#include <math.h>
#include <memory.h>
#include <signal.h>
#include <stdarg.h>
#include <stdbool.h>
#include <stddef.h>
#include <stdint.h>
#include <stdio.h>
#include <stdlib.h>
#include <string.h>
#include <strings.h>
#include <sys/types.h>
#include <time.h>
#include <wchar.h>

int main(int argc, char** argv)
{
  (void)argv;
#ifndef cos
  return ((int*)(&cos))[argc];
#else
  (void)argc;
  return 0;
#endif
}
Determining if the cosf exist passed with the following output:
Change Dir: /Users/davidframpton/Documents/blockheads2/katipoBrowser/waraki/android/app/.cxx/Debug/1x4y7393/arm64-v8a/CMakeFiles/CMakeTmp

Run Build Command(s):/Users/davidframpton/Library/Android/sdk/cmake/3.22.1/bin/ninja cmTC_4cadc && [1/2] Building C object CMakeFiles/cmTC_4cadc.dir/CheckSymbolExists.c.o
[2/2] Linking C executable cmTC_4cadc


File /Users/davidframpton/Documents/blockheads2/katipoBrowser/waraki/android/app/.cxx/Debug/1x4y7393/arm64-v8a/CMakeFiles/CMakeTmp/CheckSymbolExists.c:
/* */
#include <float.h>
#include <iconv.h>
#include <inttypes.h>
#include <limits.h>
#include <malloc.h>
#include <math.h>
#include <memory.h>
#include <signal.h>
#include <stdarg.h>
#include <stdbool.h>
#include <stddef.h>
#include <stdint.h>
#include <stdio.h>
#include <stdlib.h>
#include <string.h>
#include <strings.h>
#include <sys/types.h>
#include <time.h>
#include <wchar.h>

int main(int argc, char** argv)
{
  (void)argv;
#ifndef cosf
  return ((int*)(&cosf))[argc];
#else
  (void)argc;
  return 0;
#endif
}
Determining if the _Exit exist passed with the following output:
Change Dir: /Users/davidframpton/Documents/blockheads2/katipoBrowser/waraki/android/app/.cxx/Debug/1x4y7393/arm64-v8a/CMakeFiles/CMakeTmp

Run Build Command(s):/Users/davidframpton/Library/Android/sdk/cmake/3.22.1/bin/ninja cmTC_2c4df && [1/2] Building C object CMakeFiles/cmTC_2c4df.dir/CheckSymbolExists.c.o
[2/2] Linking C executable cmTC_2c4df


File /Users/davidframpton/Documents/blockheads2/katipoBrowser/waraki/android/app/.cxx/Debug/1x4y7393/arm64-v8a/CMakeFiles/CMakeTmp/CheckSymbolExists.c:
/* */
#include <float.h>
#include <iconv.h>
#include <inttypes.h>
#include <limits.h>
#include <malloc.h>
#include <math.h>
#include <memory.h>
#include <signal.h>
#include <stdarg.h>
#include <stdbool.h>
#include <stddef.h>
#include <stdint.h>
#include <stdio.h>
#include <stdlib.h>
#include <string.h>
#include <strings.h>
#include <sys/types.h>
#include <time.h>
#include <wchar.h>

int main(int argc, char** argv)
{
  (void)argv;
#ifndef _Exit
  return ((int*)(&_Exit))[argc];
#else
  (void)argc;
  return 0;
#endif
}
Determining if the exp exist passed with the following output:
Change Dir: /Users/davidframpton/Documents/blockheads2/katipoBrowser/waraki/android/app/.cxx/Debug/1x4y7393/arm64-v8a/CMakeFiles/CMakeTmp

Run Build Command(s):/Users/davidframpton/Library/Android/sdk/cmake/3.22.1/bin/ninja cmTC_f800a && [1/2] Building C object CMakeFiles/cmTC_f800a.dir/CheckSymbolExists.c.o
[2/2] Linking C executable cmTC_f800a


File /Users/davidframpton/Documents/blockheads2/katipoBrowser/waraki/android/app/.cxx/Debug/1x4y7393/arm64-v8a/CMakeFiles/CMakeTmp/CheckSymbolExists.c:
/* */
#include <float.h>
#include <iconv.h>
#include <inttypes.h>
#include <limits.h>
#include <malloc.h>
#include <math.h>
#include <memory.h>
#include <signal.h>
#include <stdarg.h>
#include <stdbool.h>
#include <stddef.h>
#include <stdint.h>
#include <stdio.h>
#include <stdlib.h>
#include <string.h>
#include <strings.h>
#include <sys/types.h>
#include <time.h>
#include <wchar.h>

int main(int argc, char** argv)
{
  (void)argv;
#ifndef exp
  return ((int*)(&exp))[argc];
#else
  (void)argc;
  return 0;
#endif
}
Determining if the expf exist passed with the following output:
Change Dir: /Users/davidframpton/Documents/blockheads2/katipoBrowser/waraki/android/app/.cxx/Debug/1x4y7393/arm64-v8a/CMakeFiles/CMakeTmp

Run Build Command(s):/Users/davidframpton/Library/Android/sdk/cmake/3.22.1/bin/ninja cmTC_f1b70 && [1/2] Building C object CMakeFiles/cmTC_f1b70.dir/CheckSymbolExists.c.o
[2/2] Linking C executable cmTC_f1b70


File /Users/davidframpton/Documents/blockheads2/katipoBrowser/waraki/android/app/.cxx/Debug/1x4y7393/arm64-v8a/CMakeFiles/CMakeTmp/CheckSymbolExists.c:
/* */
#include <float.h>
#include <iconv.h>
#include <inttypes.h>
#include <limits.h>
#include <malloc.h>
#include <math.h>
#include <memory.h>
#include <signal.h>
#include <stdarg.h>
#include <stdbool.h>
#include <stddef.h>
#include <stdint.h>
#include <stdio.h>
#include <stdlib.h>
#include <string.h>
#include <strings.h>
#include <sys/types.h>
#include <time.h>
#include <wchar.h>

int main(int argc, char** argv)
{
  (void)argv;
#ifndef expf
  return ((int*)(&expf))[argc];
#else
  (void)argc;
  return 0;
#endif
}
Determining if the fabs exist passed with the following output:
Change Dir: /Users/davidframpton/Documents/blockheads2/katipoBrowser/waraki/android/app/.cxx/Debug/1x4y7393/arm64-v8a/CMakeFiles/CMakeTmp

Run Build Command(s):/Users/davidframpton/Library/Android/sdk/cmake/3.22.1/bin/ninja cmTC_5dfb0 && [1/2] Building C object CMakeFiles/cmTC_5dfb0.dir/CheckSymbolExists.c.o
[2/2] Linking C executable cmTC_5dfb0


File /Users/davidframpton/Documents/blockheads2/katipoBrowser/waraki/android/app/.cxx/Debug/1x4y7393/arm64-v8a/CMakeFiles/CMakeTmp/CheckSymbolExists.c:
/* */
#include <float.h>
#include <iconv.h>
#include <inttypes.h>
#include <limits.h>
#include <malloc.h>
#include <math.h>
#include <memory.h>
#include <signal.h>
#include <stdarg.h>
#include <stdbool.h>
#include <stddef.h>
#include <stdint.h>
#include <stdio.h>
#include <stdlib.h>
#include <string.h>
#include <strings.h>
#include <sys/types.h>
#include <time.h>
#include <wchar.h>

int main(int argc, char** argv)
{
  (void)argv;
#ifndef fabs
  return ((int*)(&fabs))[argc];
#else
  (void)argc;
  return 0;
#endif
}
Determining if the fabsf exist passed with the following output:
Change Dir: /Users/davidframpton/Documents/blockheads2/katipoBrowser/waraki/android/app/.cxx/Debug/1x4y7393/arm64-v8a/CMakeFiles/CMakeTmp

Run Build Command(s):/Users/davidframpton/Library/Android/sdk/cmake/3.22.1/bin/ninja cmTC_d1fa7 && [1/2] Building C object CMakeFiles/cmTC_d1fa7.dir/CheckSymbolExists.c.o
[2/2] Linking C executable cmTC_d1fa7


File /Users/davidframpton/Documents/blockheads2/katipoBrowser/waraki/android/app/.cxx/Debug/1x4y7393/arm64-v8a/CMakeFiles/CMakeTmp/CheckSymbolExists.c:
/* */
#include <float.h>
#include <iconv.h>
#include <inttypes.h>
#include <limits.h>
#include <malloc.h>
#include <math.h>
#include <memory.h>
#include <signal.h>
#include <stdarg.h>
#include <stdbool.h>
#include <stddef.h>
#include <stdint.h>
#include <stdio.h>
#include <stdlib.h>
#include <string.h>
#include <strings.h>
#include <sys/types.h>
#include <time.h>
#include <wchar.h>

int main(int argc, char** argv)
{
  (void)argv;
#ifndef fabsf
  return ((int*)(&fabsf))[argc];
#else
  (void)argc;
  return 0;
#endif
}
Determining if the floor exist passed with the following output:
Change Dir: /Users/davidframpton/Documents/blockheads2/katipoBrowser/waraki/android/app/.cxx/Debug/1x4y7393/arm64-v8a/CMakeFiles/CMakeTmp

Run Build Command(s):/Users/davidframpton/Library/Android/sdk/cmake/3.22.1/bin/ninja cmTC_bb5bf && [1/2] Building C object CMakeFiles/cmTC_bb5bf.dir/CheckSymbolExists.c.o
[2/2] Linking C executable cmTC_bb5bf


File /Users/davidframpton/Documents/blockheads2/katipoBrowser/waraki/android/app/.cxx/Debug/1x4y7393/arm64-v8a/CMakeFiles/CMakeTmp/CheckSymbolExists.c:
/* */
#include <float.h>
#include <iconv.h>
#include <inttypes.h>
#include <limits.h>
#include <malloc.h>
#include <math.h>
#include <memory.h>
#include <signal.h>
#include <stdarg.h>
#include <stdbool.h>
#include <stddef.h>
#include <stdint.h>
#include <stdio.h>
#include <stdlib.h>
#include <string.h>
#include <strings.h>
#include <sys/types.h>
#include <time.h>
#include <wchar.h>

int main(int argc, char** argv)
{
  (void)argv;
#ifndef floor
  return ((int*)(&floor))[argc];
#else
  (void)argc;
  return 0;
#endif
}
Determining if the floorf exist passed with the following output:
Change Dir: /Users/davidframpton/Documents/blockheads2/katipoBrowser/waraki/android/app/.cxx/Debug/1x4y7393/arm64-v8a/CMakeFiles/CMakeTmp

Run Build Command(s):/Users/davidframpton/Library/Android/sdk/cmake/3.22.1/bin/ninja cmTC_a9113 && [1/2] Building C object CMakeFiles/cmTC_a9113.dir/CheckSymbolExists.c.o
[2/2] Linking C executable cmTC_a9113


File /Users/davidframpton/Documents/blockheads2/katipoBrowser/waraki/android/app/.cxx/Debug/1x4y7393/arm64-v8a/CMakeFiles/CMakeTmp/CheckSymbolExists.c:
/* */
#include <float.h>
#include <iconv.h>
#include <inttypes.h>
#include <limits.h>
#include <malloc.h>
#include <math.h>
#include <memory.h>
#include <signal.h>
#include <stdarg.h>
#include <stdbool.h>
#include <stddef.h>
#include <stdint.h>
#include <stdio.h>
#include <stdlib.h>
#include <string.h>
#include <strings.h>
#include <sys/types.h>
#include <time.h>
#include <wchar.h>

int main(int argc, char** argv)
{
  (void)argv;
#ifndef floorf
  return ((int*)(&floorf))[argc];
#else
  (void)argc;
  return 0;
#endif
}
Determining if the fmod exist passed with the following output:
Change Dir: /Users/davidframpton/Documents/blockheads2/katipoBrowser/waraki/android/app/.cxx/Debug/1x4y7393/arm64-v8a/CMakeFiles/CMakeTmp

Run Build Command(s):/Users/davidframpton/Library/Android/sdk/cmake/3.22.1/bin/ninja cmTC_20f66 && [1/2] Building C object CMakeFiles/cmTC_20f66.dir/CheckSymbolExists.c.o
[2/2] Linking C executable cmTC_20f66


File /Users/davidframpton/Documents/blockheads2/katipoBrowser/waraki/android/app/.cxx/Debug/1x4y7393/arm64-v8a/CMakeFiles/CMakeTmp/CheckSymbolExists.c:
/* */
#include <float.h>
#include <iconv.h>
#include <inttypes.h>
#include <limits.h>
#include <malloc.h>
#include <math.h>
#include <memory.h>
#include <signal.h>
#include <stdarg.h>
#include <stdbool.h>
#include <stddef.h>
#include <stdint.h>
#include <stdio.h>
#include <stdlib.h>
#include <string.h>
#include <strings.h>
#include <sys/types.h>
#include <time.h>
#include <wchar.h>

int main(int argc, char** argv)
{
  (void)argv;
#ifndef fmod
  return ((int*)(&fmod))[argc];
#else
  (void)argc;
  return 0;
#endif
}
Determining if the fmodf exist passed with the following output:
Change Dir: /Users/davidframpton/Documents/blockheads2/katipoBrowser/waraki/android/app/.cxx/Debug/1x4y7393/arm64-v8a/CMakeFiles/CMakeTmp

Run Build Command(s):/Users/davidframpton/Library/Android/sdk/cmake/3.22.1/bin/ninja cmTC_39481 && [1/2] Building C object CMakeFiles/cmTC_39481.dir/CheckSymbolExists.c.o
[2/2] Linking C executable cmTC_39481


File /Users/davidframpton/Documents/blockheads2/katipoBrowser/waraki/android/app/.cxx/Debug/1x4y7393/arm64-v8a/CMakeFiles/CMakeTmp/CheckSymbolExists.c:
/* */
#include <float.h>
#include <iconv.h>
#include <inttypes.h>
#include <limits.h>
#include <malloc.h>
#include <math.h>
#include <memory.h>
#include <signal.h>
#include <stdarg.h>
#include <stdbool.h>
#include <stddef.h>
#include <stdint.h>
#include <stdio.h>
#include <stdlib.h>
#include <string.h>
#include <strings.h>
#include <sys/types.h>
#include <time.h>
#include <wchar.h>

int main(int argc, char** argv)
{
  (void)argv;
#ifndef fmodf
  return ((int*)(&fmodf))[argc];
#else
  (void)argc;
  return 0;
#endif
}
Determining if the fseeko exist passed with the following output:
Change Dir: /Users/davidframpton/Documents/blockheads2/katipoBrowser/waraki/android/app/.cxx/Debug/1x4y7393/arm64-v8a/CMakeFiles/CMakeTmp

Run Build Command(s):/Users/davidframpton/Library/Android/sdk/cmake/3.22.1/bin/ninja cmTC_7012b && [1/2] Building C object CMakeFiles/cmTC_7012b.dir/CheckSymbolExists.c.o
[2/2] Linking C executable cmTC_7012b


File /Users/davidframpton/Documents/blockheads2/katipoBrowser/waraki/android/app/.cxx/Debug/1x4y7393/arm64-v8a/CMakeFiles/CMakeTmp/CheckSymbolExists.c:
/* */
#include <float.h>
#include <iconv.h>
#include <inttypes.h>
#include <limits.h>
#include <malloc.h>
#include <math.h>
#include <memory.h>
#include <signal.h>
#include <stdarg.h>
#include <stdbool.h>
#include <stddef.h>
#include <stdint.h>
#include <stdio.h>
#include <stdlib.h>
#include <string.h>
#include <strings.h>
#include <sys/types.h>
#include <time.h>
#include <wchar.h>

int main(int argc, char** argv)
{
  (void)argv;
#ifndef fseeko
  return ((int*)(&fseeko))[argc];
#else
  (void)argc;
  return 0;
#endif
}
Determining if the getenv exist passed with the following output:
Change Dir: /Users/davidframpton/Documents/blockheads2/katipoBrowser/waraki/android/app/.cxx/Debug/1x4y7393/arm64-v8a/CMakeFiles/CMakeTmp

Run Build Command(s):/Users/davidframpton/Library/Android/sdk/cmake/3.22.1/bin/ninja cmTC_e9d17 && [1/2] Building C object CMakeFiles/cmTC_e9d17.dir/CheckSymbolExists.c.o
[2/2] Linking C executable cmTC_e9d17


File /Users/davidframpton/Documents/blockheads2/katipoBrowser/waraki/android/app/.cxx/Debug/1x4y7393/arm64-v8a/CMakeFiles/CMakeTmp/CheckSymbolExists.c:
/* */
#include <float.h>
#include <iconv.h>
#include <inttypes.h>
#include <limits.h>
#include <malloc.h>
#include <math.h>
#include <memory.h>
#include <signal.h>
#include <stdarg.h>
#include <stdbool.h>
#include <stddef.h>
#include <stdint.h>
#include <stdio.h>
#include <stdlib.h>
#include <string.h>
#include <strings.h>
#include <sys/types.h>
#include <time.h>
#include <wchar.h>

int main(int argc, char** argv)
{
  (void)argv;
#ifndef getenv
  return ((int*)(&getenv))[argc];
#else
  (void)argc;
  return 0;
#endif
}
Determining if the log exist passed with the following output:
Change Dir: /Users/davidframpton/Documents/blockheads2/katipoBrowser/waraki/android/app/.cxx/Debug/1x4y7393/arm64-v8a/CMakeFiles/CMakeTmp

Run Build Command(s):/Users/davidframpton/Library/Android/sdk/cmake/3.22.1/bin/ninja cmTC_22353 && [1/2] Building C object CMakeFiles/cmTC_22353.dir/CheckSymbolExists.c.o
[2/2] Linking C executable cmTC_22353


File /Users/davidframpton/Documents/blockheads2/katipoBrowser/waraki/android/app/.cxx/Debug/1x4y7393/arm64-v8a/CMakeFiles/CMakeTmp/CheckSymbolExists.c:
/* */
#include <float.h>
#include <iconv.h>
#include <inttypes.h>
#include <limits.h>
#include <malloc.h>
#include <math.h>
#include <memory.h>
#include <signal.h>
#include <stdarg.h>
#include <stdbool.h>
#include <stddef.h>
#include <stdint.h>
#include <stdio.h>
#include <stdlib.h>
#include <string.h>
#include <strings.h>
#include <sys/types.h>
#include <time.h>
#include <wchar.h>

int main(int argc, char** argv)
{
  (void)argv;
#ifndef log
  return ((int*)(&log))[argc];
#else
  (void)argc;
  return 0;
#endif
}
Determining if the log10 exist passed with the following output:
Change Dir: /Users/davidframpton/Documents/blockheads2/katipoBrowser/waraki/android/app/.cxx/Debug/1x4y7393/arm64-v8a/CMakeFiles/CMakeTmp

Run Build Command(s):/Users/davidframpton/Library/Android/sdk/cmake/3.22.1/bin/ninja cmTC_a7ce5 && [1/2] Building C object CMakeFiles/cmTC_a7ce5.dir/CheckSymbolExists.c.o
[2/2] Linking C executable cmTC_a7ce5


File /Users/davidframpton/Documents/blockheads2/katipoBrowser/waraki/android/app/.cxx/Debug/1x4y7393/arm64-v8a/CMakeFiles/CMakeTmp/CheckSymbolExists.c:
/* */
#include <float.h>
#include <iconv.h>
#include <inttypes.h>
#include <limits.h>
#include <malloc.h>
#include <math.h>
#include <memory.h>
#include <signal.h>
#include <stdarg.h>
#include <stdbool.h>
#include <stddef.h>
#include <stdint.h>
#include <stdio.h>
#include <stdlib.h>
#include <string.h>
#include <strings.h>
#include <sys/types.h>
#include <time.h>
#include <wchar.h>

int main(int argc, char** argv)
{
  (void)argv;
#ifndef log10
  return ((int*)(&log10))[argc];
#else
  (void)argc;
  return 0;
#endif
}
Determining if the log10f exist passed with the following output:
Change Dir: /Users/davidframpton/Documents/blockheads2/katipoBrowser/waraki/android/app/.cxx/Debug/1x4y7393/arm64-v8a/CMakeFiles/CMakeTmp

Run Build Command(s):/Users/davidframpton/Library/Android/sdk/cmake/3.22.1/bin/ninja cmTC_0fa6e && [1/2] Building C object CMakeFiles/cmTC_0fa6e.dir/CheckSymbolExists.c.o
[2/2] Linking C executable cmTC_0fa6e


File /Users/davidframpton/Documents/blockheads2/katipoBrowser/waraki/android/app/.cxx/Debug/1x4y7393/arm64-v8a/CMakeFiles/CMakeTmp/CheckSymbolExists.c:
/* */
#include <float.h>
#include <iconv.h>
#include <inttypes.h>
#include <limits.h>
#include <malloc.h>
#include <math.h>
#include <memory.h>
#include <signal.h>
#include <stdarg.h>
#include <stdbool.h>
#include <stddef.h>
#include <stdint.h>
#include <stdio.h>
#include <stdlib.h>
#include <string.h>
#include <strings.h>
#include <sys/types.h>
#include <time.h>
#include <wchar.h>

int main(int argc, char** argv)
{
  (void)argv;
#ifndef log10f
  return ((int*)(&log10f))[argc];
#else
  (void)argc;
  return 0;
#endif
}
Determining if the logf exist passed with the following output:
Change Dir: /Users/davidframpton/Documents/blockheads2/katipoBrowser/waraki/android/app/.cxx/Debug/1x4y7393/arm64-v8a/CMakeFiles/CMakeTmp

Run Build Command(s):/Users/davidframpton/Library/Android/sdk/cmake/3.22.1/bin/ninja cmTC_a1f2d && [1/2] Building C object CMakeFiles/cmTC_a1f2d.dir/CheckSymbolExists.c.o
[2/2] Linking C executable cmTC_a1f2d


File /Users/davidframpton/Documents/blockheads2/katipoBrowser/waraki/android/app/.cxx/Debug/1x4y7393/arm64-v8a/CMakeFiles/CMakeTmp/CheckSymbolExists.c:
/* */
#include <float.h>
#include <iconv.h>
#include <inttypes.h>
#include <limits.h>
#include <malloc.h>
#include <math.h>
#include <memory.h>
#include <signal.h>
#include <stdarg.h>
#include <stdbool.h>
#include <stddef.h>
#include <stdint.h>
#include <stdio.h>
#include <stdlib.h>
#include <string.h>
#include <strings.h>
#include <sys/types.h>
#include <time.h>
#include <wchar.h>

int main(int argc, char** argv)
{
  (void)argv;
#ifndef logf
  return ((int*)(&logf))[argc];
#else
  (void)argc;
  return 0;
#endif
}
Determining if the lround exist passed with the following output:
Change Dir: /Users/davidframpton/Documents/blockheads2/katipoBrowser/waraki/android/app/.cxx/Debug/1x4y7393/arm64-v8a/CMakeFiles/CMakeTmp

Run Build Command(s):/Users/davidframpton/Library/Android/sdk/cmake/3.22.1/bin/ninja cmTC_23164 && [1/2] Building C object CMakeFiles/cmTC_23164.dir/CheckSymbolExists.c.o
[2/2] Linking C executable cmTC_23164


File /Users/davidframpton/Documents/blockheads2/katipoBrowser/waraki/android/app/.cxx/Debug/1x4y7393/arm64-v8a/CMakeFiles/CMakeTmp/CheckSymbolExists.c:
/* */
#include <float.h>
#include <iconv.h>
#include <inttypes.h>
#include <limits.h>
#include <malloc.h>
#include <math.h>
#include <memory.h>
#include <signal.h>
#include <stdarg.h>
#include <stdbool.h>
#include <stddef.h>
#include <stdint.h>
#include <stdio.h>
#include <stdlib.h>
#include <string.h>
#include <strings.h>
#include <sys/types.h>
#include <time.h>
#include <wchar.h>

int main(int argc, char** argv)
{
  (void)argv;
#ifndef lround
  return ((int*)(&lround))[argc];
#else
  (void)argc;
  return 0;
#endif
}
Determining if the lroundf exist passed with the following output:
Change Dir: /Users/davidframpton/Documents/blockheads2/katipoBrowser/waraki/android/app/.cxx/Debug/1x4y7393/arm64-v8a/CMakeFiles/CMakeTmp

Run Build Command(s):/Users/davidframpton/Library/Android/sdk/cmake/3.22.1/bin/ninja cmTC_79dfd && [1/2] Building C object CMakeFiles/cmTC_79dfd.dir/CheckSymbolExists.c.o
[2/2] Linking C executable cmTC_79dfd


File /Users/davidframpton/Documents/blockheads2/katipoBrowser/waraki/android/app/.cxx/Debug/1x4y7393/arm64-v8a/CMakeFiles/CMakeTmp/CheckSymbolExists.c:
/* */
#include <float.h>
#include <iconv.h>
#include <inttypes.h>
#include <limits.h>
#include <malloc.h>
#include <math.h>
#include <memory.h>
#include <signal.h>
#include <stdarg.h>
#include <stdbool.h>
#include <stddef.h>
#include <stdint.h>
#include <stdio.h>
#include <stdlib.h>
#include <string.h>
#include <strings.h>
#include <sys/types.h>
#include <time.h>
#include <wchar.h>

int main(int argc, char** argv)
{
  (void)argv;
#ifndef lroundf
  return ((int*)(&lroundf))[argc];
#else
  (void)argc;
  return 0;
#endif
}
Determining if the malloc exist passed with the following output:
Change Dir: /Users/davidframpton/Documents/blockheads2/katipoBrowser/waraki/android/app/.cxx/Debug/1x4y7393/arm64-v8a/CMakeFiles/CMakeTmp

Run Build Command(s):/Users/davidframpton/Library/Android/sdk/cmake/3.22.1/bin/ninja cmTC_9aa37 && [1/2] Building C object CMakeFiles/cmTC_9aa37.dir/CheckSymbolExists.c.o
[2/2] Linking C executable cmTC_9aa37


File /Users/davidframpton/Documents/blockheads2/katipoBrowser/waraki/android/app/.cxx/Debug/1x4y7393/arm64-v8a/CMakeFiles/CMakeTmp/CheckSymbolExists.c:
/* */
#include <float.h>
#include <iconv.h>
#include <inttypes.h>
#include <limits.h>
#include <malloc.h>
#include <math.h>
#include <memory.h>
#include <signal.h>
#include <stdarg.h>
#include <stdbool.h>
#include <stddef.h>
#include <stdint.h>
#include <stdio.h>
#include <stdlib.h>
#include <string.h>
#include <strings.h>
#include <sys/types.h>
#include <time.h>
#include <wchar.h>

int main(int argc, char** argv)
{
  (void)argv;
#ifndef malloc
  return ((int*)(&malloc))[argc];
#else
  (void)argc;
  return 0;
#endif
}
Determining if the memcmp exist passed with the following output:
Change Dir: /Users/davidframpton/Documents/blockheads2/katipoBrowser/waraki/android/app/.cxx/Debug/1x4y7393/arm64-v8a/CMakeFiles/CMakeTmp

Run Build Command(s):/Users/davidframpton/Library/Android/sdk/cmake/3.22.1/bin/ninja cmTC_261b5 && [1/2] Building C object CMakeFiles/cmTC_261b5.dir/CheckSymbolExists.c.o
[2/2] Linking C executable cmTC_261b5


File /Users/davidframpton/Documents/blockheads2/katipoBrowser/waraki/android/app/.cxx/Debug/1x4y7393/arm64-v8a/CMakeFiles/CMakeTmp/CheckSymbolExists.c:
/* */
#include <float.h>
#include <iconv.h>
#include <inttypes.h>
#include <limits.h>
#include <malloc.h>
#include <math.h>
#include <memory.h>
#include <signal.h>
#include <stdarg.h>
#include <stdbool.h>
#include <stddef.h>
#include <stdint.h>
#include <stdio.h>
#include <stdlib.h>
#include <string.h>
#include <strings.h>
#include <sys/types.h>
#include <time.h>
#include <wchar.h>

int main(int argc, char** argv)
{
  (void)argv;
#ifndef memcmp
  return ((int*)(&memcmp))[argc];
#else
  (void)argc;
  return 0;
#endif
}
Determining if the memcpy exist passed with the following output:
Change Dir: /Users/davidframpton/Documents/blockheads2/katipoBrowser/waraki/android/app/.cxx/Debug/1x4y7393/arm64-v8a/CMakeFiles/CMakeTmp

Run Build Command(s):/Users/davidframpton/Library/Android/sdk/cmake/3.22.1/bin/ninja cmTC_557b1 && [1/2] Building C object CMakeFiles/cmTC_557b1.dir/CheckSymbolExists.c.o
[2/2] Linking C executable cmTC_557b1


File /Users/davidframpton/Documents/blockheads2/katipoBrowser/waraki/android/app/.cxx/Debug/1x4y7393/arm64-v8a/CMakeFiles/CMakeTmp/CheckSymbolExists.c:
/* */
#include <float.h>
#include <iconv.h>
#include <inttypes.h>
#include <limits.h>
#include <malloc.h>
#include <math.h>
#include <memory.h>
#include <signal.h>
#include <stdarg.h>
#include <stdbool.h>
#include <stddef.h>
#include <stdint.h>
#include <stdio.h>
#include <stdlib.h>
#include <string.h>
#include <strings.h>
#include <sys/types.h>
#include <time.h>
#include <wchar.h>

int main(int argc, char** argv)
{
  (void)argv;
#ifndef memcpy
  return ((int*)(&memcpy))[argc];
#else
  (void)argc;
  return 0;
#endif
}
Determining if the memmove exist passed with the following output:
Change Dir: /Users/davidframpton/Documents/blockheads2/katipoBrowser/waraki/android/app/.cxx/Debug/1x4y7393/arm64-v8a/CMakeFiles/CMakeTmp

Run Build Command(s):/Users/davidframpton/Library/Android/sdk/cmake/3.22.1/bin/ninja cmTC_0cd1e && [1/2] Building C object CMakeFiles/cmTC_0cd1e.dir/CheckSymbolExists.c.o
[2/2] Linking C executable cmTC_0cd1e


File /Users/davidframpton/Documents/blockheads2/katipoBrowser/waraki/android/app/.cxx/Debug/1x4y7393/arm64-v8a/CMakeFiles/CMakeTmp/CheckSymbolExists.c:
/* */
#include <float.h>
#include <iconv.h>
#include <inttypes.h>
#include <limits.h>
#include <malloc.h>
#include <math.h>
#include <memory.h>
#include <signal.h>
#include <stdarg.h>
#include <stdbool.h>
#include <stddef.h>
#include <stdint.h>
#include <stdio.h>
#include <stdlib.h>
#include <string.h>
#include <strings.h>
#include <sys/types.h>
#include <time.h>
#include <wchar.h>

int main(int argc, char** argv)
{
  (void)argv;
#ifndef memmove
  return ((int*)(&memmove))[argc];
#else
  (void)argc;
  return 0;
#endif
}
Determining if the memset exist passed with the following output:
Change Dir: /Users/davidframpton/Documents/blockheads2/katipoBrowser/waraki/android/app/.cxx/Debug/1x4y7393/arm64-v8a/CMakeFiles/CMakeTmp

Run Build Command(s):/Users/davidframpton/Library/Android/sdk/cmake/3.22.1/bin/ninja cmTC_e6073 && [1/2] Building C object CMakeFiles/cmTC_e6073.dir/CheckSymbolExists.c.o
[2/2] Linking C executable cmTC_e6073


File /Users/davidframpton/Documents/blockheads2/katipoBrowser/waraki/android/app/.cxx/Debug/1x4y7393/arm64-v8a/CMakeFiles/CMakeTmp/CheckSymbolExists.c:
/* */
#include <float.h>
#include <iconv.h>
#include <inttypes.h>
#include <limits.h>
#include <malloc.h>
#include <math.h>
#include <memory.h>
#include <signal.h>
#include <stdarg.h>
#include <stdbool.h>
#include <stddef.h>
#include <stdint.h>
#include <stdio.h>
#include <stdlib.h>
#include <string.h>
#include <strings.h>
#include <sys/types.h>
#include <time.h>
#include <wchar.h>

int main(int argc, char** argv)
{
  (void)argv;
#ifndef memset
  return ((int*)(&memset))[argc];
#else
  (void)argc;
  return 0;
#endif
}
Determining if the modf exist passed with the following output:
Change Dir: /Users/davidframpton/Documents/blockheads2/katipoBrowser/waraki/android/app/.cxx/Debug/1x4y7393/arm64-v8a/CMakeFiles/CMakeTmp

Run Build Command(s):/Users/davidframpton/Library/Android/sdk/cmake/3.22.1/bin/ninja cmTC_5d531 && [1/2] Building C object CMakeFiles/cmTC_5d531.dir/CheckSymbolExists.c.o
[2/2] Linking C executable cmTC_5d531


File /Users/davidframpton/Documents/blockheads2/katipoBrowser/waraki/android/app/.cxx/Debug/1x4y7393/arm64-v8a/CMakeFiles/CMakeTmp/CheckSymbolExists.c:
/* */
#include <float.h>
#include <iconv.h>
#include <inttypes.h>
#include <limits.h>
#include <malloc.h>
#include <math.h>
#include <memory.h>
#include <signal.h>
#include <stdarg.h>
#include <stdbool.h>
#include <stddef.h>
#include <stdint.h>
#include <stdio.h>
#include <stdlib.h>
#include <string.h>
#include <strings.h>
#include <sys/types.h>
#include <time.h>
#include <wchar.h>

int main(int argc, char** argv)
{
  (void)argv;
#ifndef modf
  return ((int*)(&modf))[argc];
#else
  (void)argc;
  return 0;
#endif
}
Determining if the modff exist passed with the following output:
Change Dir: /Users/davidframpton/Documents/blockheads2/katipoBrowser/waraki/android/app/.cxx/Debug/1x4y7393/arm64-v8a/CMakeFiles/CMakeTmp

Run Build Command(s):/Users/davidframpton/Library/Android/sdk/cmake/3.22.1/bin/ninja cmTC_78b87 && [1/2] Building C object CMakeFiles/cmTC_78b87.dir/CheckSymbolExists.c.o
[2/2] Linking C executable cmTC_78b87


File /Users/davidframpton/Documents/blockheads2/katipoBrowser/waraki/android/app/.cxx/Debug/1x4y7393/arm64-v8a/CMakeFiles/CMakeTmp/CheckSymbolExists.c:
/* */
#include <float.h>
#include <iconv.h>
#include <inttypes.h>
#include <limits.h>
#include <malloc.h>
#include <math.h>
#include <memory.h>
#include <signal.h>
#include <stdarg.h>
#include <stdbool.h>
#include <stddef.h>
#include <stdint.h>
#include <stdio.h>
#include <stdlib.h>
#include <string.h>
#include <strings.h>
#include <sys/types.h>
#include <time.h>
#include <wchar.h>

int main(int argc, char** argv)
{
  (void)argv;
#ifndef modff
  return ((int*)(&modff))[argc];
#else
  (void)argc;
  return 0;
#endif
}
Determining if the pow exist passed with the following output:
Change Dir: /Users/davidframpton/Documents/blockheads2/katipoBrowser/waraki/android/app/.cxx/Debug/1x4y7393/arm64-v8a/CMakeFiles/CMakeTmp

Run Build Command(s):/Users/davidframpton/Library/Android/sdk/cmake/3.22.1/bin/ninja cmTC_27702 && [1/2] Building C object CMakeFiles/cmTC_27702.dir/CheckSymbolExists.c.o
[2/2] Linking C executable cmTC_27702


File /Users/davidframpton/Documents/blockheads2/katipoBrowser/waraki/android/app/.cxx/Debug/1x4y7393/arm64-v8a/CMakeFiles/CMakeTmp/CheckSymbolExists.c:
/* */
#include <float.h>
#include <iconv.h>
#include <inttypes.h>
#include <limits.h>
#include <malloc.h>
#include <math.h>
#include <memory.h>
#include <signal.h>
#include <stdarg.h>
#include <stdbool.h>
#include <stddef.h>
#include <stdint.h>
#include <stdio.h>
#include <stdlib.h>
#include <string.h>
#include <strings.h>
#include <sys/types.h>
#include <time.h>
#include <wchar.h>

int main(int argc, char** argv)
{
  (void)argv;
#ifndef pow
  return ((int*)(&pow))[argc];
#else
  (void)argc;
  return 0;
#endif
}
Determining if the powf exist passed with the following output:
Change Dir: /Users/davidframpton/Documents/blockheads2/katipoBrowser/waraki/android/app/.cxx/Debug/1x4y7393/arm64-v8a/CMakeFiles/CMakeTmp

Run Build Command(s):/Users/davidframpton/Library/Android/sdk/cmake/3.22.1/bin/ninja cmTC_f145b && [1/2] Building C object CMakeFiles/cmTC_f145b.dir/CheckSymbolExists.c.o
[2/2] Linking C executable cmTC_f145b


File /Users/davidframpton/Documents/blockheads2/katipoBrowser/waraki/android/app/.cxx/Debug/1x4y7393/arm64-v8a/CMakeFiles/CMakeTmp/CheckSymbolExists.c:
/* */
#include <float.h>
#include <iconv.h>
#include <inttypes.h>
#include <limits.h>
#include <malloc.h>
#include <math.h>
#include <memory.h>
#include <signal.h>
#include <stdarg.h>
#include <stdbool.h>
#include <stddef.h>
#include <stdint.h>
#include <stdio.h>
#include <stdlib.h>
#include <string.h>
#include <strings.h>
#include <sys/types.h>
#include <time.h>
#include <wchar.h>

int main(int argc, char** argv)
{
  (void)argv;
#ifndef powf
  return ((int*)(&powf))[argc];
#else
  (void)argc;
  return 0;
#endif
}
Determining if the putenv exist passed with the following output:
Change Dir: /Users/davidframpton/Documents/blockheads2/katipoBrowser/waraki/android/app/.cxx/Debug/1x4y7393/arm64-v8a/CMakeFiles/CMakeTmp

Run Build Command(s):/Users/davidframpton/Library/Android/sdk/cmake/3.22.1/bin/ninja cmTC_d2c0b && [1/2] Building C object CMakeFiles/cmTC_d2c0b.dir/CheckSymbolExists.c.o
[2/2] Linking C executable cmTC_d2c0b


File /Users/davidframpton/Documents/blockheads2/katipoBrowser/waraki/android/app/.cxx/Debug/1x4y7393/arm64-v8a/CMakeFiles/CMakeTmp/CheckSymbolExists.c:
/* */
#include <float.h>
#include <iconv.h>
#include <inttypes.h>
#include <limits.h>
#include <malloc.h>
#include <math.h>
#include <memory.h>
#include <signal.h>
#include <stdarg.h>
#include <stdbool.h>
#include <stddef.h>
#include <stdint.h>
#include <stdio.h>
#include <stdlib.h>
#include <string.h>
#include <strings.h>
#include <sys/types.h>
#include <time.h>
#include <wchar.h>

int main(int argc, char** argv)
{
  (void)argv;
#ifndef putenv
  return ((int*)(&putenv))[argc];
#else
  (void)argc;
  return 0;
#endif
}
Determining if the round exist passed with the following output:
Change Dir: /Users/davidframpton/Documents/blockheads2/katipoBrowser/waraki/android/app/.cxx/Debug/1x4y7393/arm64-v8a/CMakeFiles/CMakeTmp

Run Build Command(s):/Users/davidframpton/Library/Android/sdk/cmake/3.22.1/bin/ninja cmTC_6d106 && [1/2] Building C object CMakeFiles/cmTC_6d106.dir/CheckSymbolExists.c.o
[2/2] Linking C executable cmTC_6d106


File /Users/davidframpton/Documents/blockheads2/katipoBrowser/waraki/android/app/.cxx/Debug/1x4y7393/arm64-v8a/CMakeFiles/CMakeTmp/CheckSymbolExists.c:
/* */
#include <float.h>
#include <iconv.h>
#include <inttypes.h>
#include <limits.h>
#include <malloc.h>
#include <math.h>
#include <memory.h>
#include <signal.h>
#include <stdarg.h>
#include <stdbool.h>
#include <stddef.h>
#include <stdint.h>
#include <stdio.h>
#include <stdlib.h>
#include <string.h>
#include <strings.h>
#include <sys/types.h>
#include <time.h>
#include <wchar.h>

int main(int argc, char** argv)
{
  (void)argv;
#ifndef round
  return ((int*)(&round))[argc];
#else
  (void)argc;
  return 0;
#endif
}
Determining if the roundf exist passed with the following output:
Change Dir: /Users/davidframpton/Documents/blockheads2/katipoBrowser/waraki/android/app/.cxx/Debug/1x4y7393/arm64-v8a/CMakeFiles/CMakeTmp

Run Build Command(s):/Users/davidframpton/Library/Android/sdk/cmake/3.22.1/bin/ninja cmTC_efb64 && [1/2] Building C object CMakeFiles/cmTC_efb64.dir/CheckSymbolExists.c.o
[2/2] Linking C executable cmTC_efb64


File /Users/davidframpton/Documents/blockheads2/katipoBrowser/waraki/android/app/.cxx/Debug/1x4y7393/arm64-v8a/CMakeFiles/CMakeTmp/CheckSymbolExists.c:
/* */
#include <float.h>
#include <iconv.h>
#include <inttypes.h>
#include <limits.h>
#include <malloc.h>
#include <math.h>
#include <memory.h>
#include <signal.h>
#include <stdarg.h>
#include <stdbool.h>
#include <stddef.h>
#include <stdint.h>
#include <stdio.h>
#include <stdlib.h>
#include <string.h>
#include <strings.h>
#include <sys/types.h>
#include <time.h>
#include <wchar.h>

int main(int argc, char** argv)
{
  (void)argv;
#ifndef roundf
  return ((int*)(&roundf))[argc];
#else
  (void)argc;
  return 0;
#endif
}
Determining if the scalbn exist passed with the following output:
Change Dir: /Users/davidframpton/Documents/blockheads2/katipoBrowser/waraki/android/app/.cxx/Debug/1x4y7393/arm64-v8a/CMakeFiles/CMakeTmp

Run Build Command(s):/Users/davidframpton/Library/Android/sdk/cmake/3.22.1/bin/ninja cmTC_f252d && [1/2] Building C object CMakeFiles/cmTC_f252d.dir/CheckSymbolExists.c.o
[2/2] Linking C executable cmTC_f252d


File /Users/davidframpton/Documents/blockheads2/katipoBrowser/waraki/android/app/.cxx/Debug/1x4y7393/arm64-v8a/CMakeFiles/CMakeTmp/CheckSymbolExists.c:
/* */
#include <float.h>
#include <iconv.h>
#include <inttypes.h>
#include <limits.h>
#include <malloc.h>
#include <math.h>
#include <memory.h>
#include <signal.h>
#include <stdarg.h>
#include <stdbool.h>
#include <stddef.h>
#include <stdint.h>
#include <stdio.h>
#include <stdlib.h>
#include <string.h>
#include <strings.h>
#include <sys/types.h>
#include <time.h>
#include <wchar.h>

int main(int argc, char** argv)
{
  (void)argv;
#ifndef scalbn
  return ((int*)(&scalbn))[argc];
#else
  (void)argc;
  return 0;
#endif
}
Determining if the scalbnf exist passed with the following output:
Change Dir: /Users/davidframpton/Documents/blockheads2/katipoBrowser/waraki/android/app/.cxx/Debug/1x4y7393/arm64-v8a/CMakeFiles/CMakeTmp

Run Build Command(s):/Users/davidframpton/Library/Android/sdk/cmake/3.22.1/bin/ninja cmTC_c565a && [1/2] Building C object CMakeFiles/cmTC_c565a.dir/CheckSymbolExists.c.o
[2/2] Linking C executable cmTC_c565a


File /Users/davidframpton/Documents/blockheads2/katipoBrowser/waraki/android/app/.cxx/Debug/1x4y7393/arm64-v8a/CMakeFiles/CMakeTmp/CheckSymbolExists.c:
/* */
#include <float.h>
#include <iconv.h>
#include <inttypes.h>
#include <limits.h>
#include <malloc.h>
#include <math.h>
#include <memory.h>
#include <signal.h>
#include <stdarg.h>
#include <stdbool.h>
#include <stddef.h>
#include <stdint.h>
#include <stdio.h>
#include <stdlib.h>
#include <string.h>
#include <strings.h>
#include <sys/types.h>
#include <time.h>
#include <wchar.h>

int main(int argc, char** argv)
{
  (void)argv;
#ifndef scalbnf
  return ((int*)(&scalbnf))[argc];
#else
  (void)argc;
  return 0;
#endif
}
Determining if the setenv exist passed with the following output:
Change Dir: /Users/davidframpton/Documents/blockheads2/katipoBrowser/waraki/android/app/.cxx/Debug/1x4y7393/arm64-v8a/CMakeFiles/CMakeTmp

Run Build Command(s):/Users/davidframpton/Library/Android/sdk/cmake/3.22.1/bin/ninja cmTC_96075 && [1/2] Building C object CMakeFiles/cmTC_96075.dir/CheckSymbolExists.c.o
[2/2] Linking C executable cmTC_96075


File /Users/davidframpton/Documents/blockheads2/katipoBrowser/waraki/android/app/.cxx/Debug/1x4y7393/arm64-v8a/CMakeFiles/CMakeTmp/CheckSymbolExists.c:
/* */
#include <float.h>
#include <iconv.h>
#include <inttypes.h>
#include <limits.h>
#include <malloc.h>
#include <math.h>
#include <memory.h>
#include <signal.h>
#include <stdarg.h>
#include <stdbool.h>
#include <stddef.h>
#include <stdint.h>
#include <stdio.h>
#include <stdlib.h>
#include <string.h>
#include <strings.h>
#include <sys/types.h>
#include <time.h>
#include <wchar.h>

int main(int argc, char** argv)
{
  (void)argv;
#ifndef setenv
  return ((int*)(&setenv))[argc];
#else
  (void)argc;
  return 0;
#endif
}
Determining if the sin exist passed with the following output:
Change Dir: /Users/davidframpton/Documents/blockheads2/katipoBrowser/waraki/android/app/.cxx/Debug/1x4y7393/arm64-v8a/CMakeFiles/CMakeTmp

Run Build Command(s):/Users/davidframpton/Library/Android/sdk/cmake/3.22.1/bin/ninja cmTC_1d465 && [1/2] Building C object CMakeFiles/cmTC_1d465.dir/CheckSymbolExists.c.o
[2/2] Linking C executable cmTC_1d465


File /Users/davidframpton/Documents/blockheads2/katipoBrowser/waraki/android/app/.cxx/Debug/1x4y7393/arm64-v8a/CMakeFiles/CMakeTmp/CheckSymbolExists.c:
/* */
#include <float.h>
#include <iconv.h>
#include <inttypes.h>
#include <limits.h>
#include <malloc.h>
#include <math.h>
#include <memory.h>
#include <signal.h>
#include <stdarg.h>
#include <stdbool.h>
#include <stddef.h>
#include <stdint.h>
#include <stdio.h>
#include <stdlib.h>
#include <string.h>
#include <strings.h>
#include <sys/types.h>
#include <time.h>
#include <wchar.h>

int main(int argc, char** argv)
{
  (void)argv;
#ifndef sin
  return ((int*)(&sin))[argc];
#else
  (void)argc;
  return 0;
#endif
}
Determining if the sinf exist passed with the following output:
Change Dir: /Users/davidframpton/Documents/blockheads2/katipoBrowser/waraki/android/app/.cxx/Debug/1x4y7393/arm64-v8a/CMakeFiles/CMakeTmp

Run Build Command(s):/Users/davidframpton/Library/Android/sdk/cmake/3.22.1/bin/ninja cmTC_c979d && [1/2] Building C object CMakeFiles/cmTC_c979d.dir/CheckSymbolExists.c.o
[2/2] Linking C executable cmTC_c979d


File /Users/davidframpton/Documents/blockheads2/katipoBrowser/waraki/android/app/.cxx/Debug/1x4y7393/arm64-v8a/CMakeFiles/CMakeTmp/CheckSymbolExists.c:
/* */
#include <float.h>
#include <iconv.h>
#include <inttypes.h>
#include <limits.h>
#include <malloc.h>
#include <math.h>
#include <memory.h>
#include <signal.h>
#include <stdarg.h>
#include <stdbool.h>
#include <stddef.h>
#include <stdint.h>
#include <stdio.h>
#include <stdlib.h>
#include <string.h>
#include <strings.h>
#include <sys/types.h>
#include <time.h>
#include <wchar.h>

int main(int argc, char** argv)
{
  (void)argv;
#ifndef sinf
  return ((int*)(&sinf))[argc];
#else
  (void)argc;
  return 0;
#endif
}
Determining if the sqrt exist passed with the following output:
Change Dir: /Users/davidframpton/Documents/blockheads2/katipoBrowser/waraki/android/app/.cxx/Debug/1x4y7393/arm64-v8a/CMakeFiles/CMakeTmp

Run Build Command(s):/Users/davidframpton/Library/Android/sdk/cmake/3.22.1/bin/ninja cmTC_3195b && [1/2] Building C object CMakeFiles/cmTC_3195b.dir/CheckSymbolExists.c.o
[2/2] Linking C executable cmTC_3195b


File /Users/davidframpton/Documents/blockheads2/katipoBrowser/waraki/android/app/.cxx/Debug/1x4y7393/arm64-v8a/CMakeFiles/CMakeTmp/CheckSymbolExists.c:
/* */
#include <float.h>
#include <iconv.h>
#include <inttypes.h>
#include <limits.h>
#include <malloc.h>
#include <math.h>
#include <memory.h>
#include <signal.h>
#include <stdarg.h>
#include <stdbool.h>
#include <stddef.h>
#include <stdint.h>
#include <stdio.h>
#include <stdlib.h>
#include <string.h>
#include <strings.h>
#include <sys/types.h>
#include <time.h>
#include <wchar.h>

int main(int argc, char** argv)
{
  (void)argv;
#ifndef sqrt
  return ((int*)(&sqrt))[argc];
#else
  (void)argc;
  return 0;
#endif
}
Determining if the sqrtf exist passed with the following output:
Change Dir: /Users/davidframpton/Documents/blockheads2/katipoBrowser/waraki/android/app/.cxx/Debug/1x4y7393/arm64-v8a/CMakeFiles/CMakeTmp

Run Build Command(s):/Users/davidframpton/Library/Android/sdk/cmake/3.22.1/bin/ninja cmTC_f4343 && [1/2] Building C object CMakeFiles/cmTC_f4343.dir/CheckSymbolExists.c.o
[2/2] Linking C executable cmTC_f4343


File /Users/davidframpton/Documents/blockheads2/katipoBrowser/waraki/android/app/.cxx/Debug/1x4y7393/arm64-v8a/CMakeFiles/CMakeTmp/CheckSymbolExists.c:
/* */
#include <float.h>
#include <iconv.h>
#include <inttypes.h>
#include <limits.h>
#include <malloc.h>
#include <math.h>
#include <memory.h>
#include <signal.h>
#include <stdarg.h>
#include <stdbool.h>
#include <stddef.h>
#include <stdint.h>
#include <stdio.h>
#include <stdlib.h>
#include <string.h>
#include <strings.h>
#include <sys/types.h>
#include <time.h>
#include <wchar.h>

int main(int argc, char** argv)
{
  (void)argv;
#ifndef sqrtf
  return ((int*)(&sqrtf))[argc];
#else
  (void)argc;
  return 0;
#endif
}
Determining if the sscanf exist passed with the following output:
Change Dir: /Users/davidframpton/Documents/blockheads2/katipoBrowser/waraki/android/app/.cxx/Debug/1x4y7393/arm64-v8a/CMakeFiles/CMakeTmp

Run Build Command(s):/Users/davidframpton/Library/Android/sdk/cmake/3.22.1/bin/ninja cmTC_139c8 && [1/2] Building C object CMakeFiles/cmTC_139c8.dir/CheckSymbolExists.c.o
[2/2] Linking C executable cmTC_139c8


File /Users/davidframpton/Documents/blockheads2/katipoBrowser/waraki/android/app/.cxx/Debug/1x4y7393/arm64-v8a/CMakeFiles/CMakeTmp/CheckSymbolExists.c:
/* */
#include <float.h>
#include <iconv.h>
#include <inttypes.h>
#include <limits.h>
#include <malloc.h>
#include <math.h>
#include <memory.h>
#include <signal.h>
#include <stdarg.h>
#include <stdbool.h>
#include <stddef.h>
#include <stdint.h>
#include <stdio.h>
#include <stdlib.h>
#include <string.h>
#include <strings.h>
#include <sys/types.h>
#include <time.h>
#include <wchar.h>

int main(int argc, char** argv)
{
  (void)argv;
#ifndef sscanf
  return ((int*)(&sscanf))[argc];
#else
  (void)argc;
  return 0;
#endif
}
Determining if the strchr exist passed with the following output:
Change Dir: /Users/davidframpton/Documents/blockheads2/katipoBrowser/waraki/android/app/.cxx/Debug/1x4y7393/arm64-v8a/CMakeFiles/CMakeTmp

Run Build Command(s):/Users/davidframpton/Library/Android/sdk/cmake/3.22.1/bin/ninja cmTC_983a1 && [1/2] Building C object CMakeFiles/cmTC_983a1.dir/CheckSymbolExists.c.o
[2/2] Linking C executable cmTC_983a1


File /Users/davidframpton/Documents/blockheads2/katipoBrowser/waraki/android/app/.cxx/Debug/1x4y7393/arm64-v8a/CMakeFiles/CMakeTmp/CheckSymbolExists.c:
/* */
#include <float.h>
#include <iconv.h>
#include <inttypes.h>
#include <limits.h>
#include <malloc.h>
#include <math.h>
#include <memory.h>
#include <signal.h>
#include <stdarg.h>
#include <stdbool.h>
#include <stddef.h>
#include <stdint.h>
#include <stdio.h>
#include <stdlib.h>
#include <string.h>
#include <strings.h>
#include <sys/types.h>
#include <time.h>
#include <wchar.h>

int main(int argc, char** argv)
{
  (void)argv;
#ifndef strchr
  return ((int*)(&strchr))[argc];
#else
  (void)argc;
  return 0;
#endif
}
Determining if the strcmp exist passed with the following output:
Change Dir: /Users/davidframpton/Documents/blockheads2/katipoBrowser/waraki/android/app/.cxx/Debug/1x4y7393/arm64-v8a/CMakeFiles/CMakeTmp

Run Build Command(s):/Users/davidframpton/Library/Android/sdk/cmake/3.22.1/bin/ninja cmTC_1713d && [1/2] Building C object CMakeFiles/cmTC_1713d.dir/CheckSymbolExists.c.o
[2/2] Linking C executable cmTC_1713d


File /Users/davidframpton/Documents/blockheads2/katipoBrowser/waraki/android/app/.cxx/Debug/1x4y7393/arm64-v8a/CMakeFiles/CMakeTmp/CheckSymbolExists.c:
/* */
#include <float.h>
#include <iconv.h>
#include <inttypes.h>
#include <limits.h>
#include <malloc.h>
#include <math.h>
#include <memory.h>
#include <signal.h>
#include <stdarg.h>
#include <stdbool.h>
#include <stddef.h>
#include <stdint.h>
#include <stdio.h>
#include <stdlib.h>
#include <string.h>
#include <strings.h>
#include <sys/types.h>
#include <time.h>
#include <wchar.h>

int main(int argc, char** argv)
{
  (void)argv;
#ifndef strcmp
  return ((int*)(&strcmp))[argc];
#else
  (void)argc;
  return 0;
#endif
}
Determining if the strlcat exist passed with the following output:
Change Dir: /Users/davidframpton/Documents/blockheads2/katipoBrowser/waraki/android/app/.cxx/Debug/1x4y7393/arm64-v8a/CMakeFiles/CMakeTmp

Run Build Command(s):/Users/davidframpton/Library/Android/sdk/cmake/3.22.1/bin/ninja cmTC_e94d0 && [1/2] Building C object CMakeFiles/cmTC_e94d0.dir/CheckSymbolExists.c.o
[2/2] Linking C executable cmTC_e94d0


File /Users/davidframpton/Documents/blockheads2/katipoBrowser/waraki/android/app/.cxx/Debug/1x4y7393/arm64-v8a/CMakeFiles/CMakeTmp/CheckSymbolExists.c:
/* */
#include <float.h>
#include <iconv.h>
#include <inttypes.h>
#include <limits.h>
#include <malloc.h>
#include <math.h>
#include <memory.h>
#include <signal.h>
#include <stdarg.h>
#include <stdbool.h>
#include <stddef.h>
#include <stdint.h>
#include <stdio.h>
#include <stdlib.h>
#include <string.h>
#include <strings.h>
#include <sys/types.h>
#include <time.h>
#include <wchar.h>

int main(int argc, char** argv)
{
  (void)argv;
#ifndef strlcat
  return ((int*)(&strlcat))[argc];
#else
  (void)argc;
  return 0;
#endif
}
Determining if the strlcpy exist passed with the following output:
Change Dir: /Users/davidframpton/Documents/blockheads2/katipoBrowser/waraki/android/app/.cxx/Debug/1x4y7393/arm64-v8a/CMakeFiles/CMakeTmp

Run Build Command(s):/Users/davidframpton/Library/Android/sdk/cmake/3.22.1/bin/ninja cmTC_a45d6 && [1/2] Building C object CMakeFiles/cmTC_a45d6.dir/CheckSymbolExists.c.o
[2/2] Linking C executable cmTC_a45d6


File /Users/davidframpton/Documents/blockheads2/katipoBrowser/waraki/android/app/.cxx/Debug/1x4y7393/arm64-v8a/CMakeFiles/CMakeTmp/CheckSymbolExists.c:
/* */
#include <float.h>
#include <iconv.h>
#include <inttypes.h>
#include <limits.h>
#include <malloc.h>
#include <math.h>
#include <memory.h>
#include <signal.h>
#include <stdarg.h>
#include <stdbool.h>
#include <stddef.h>
#include <stdint.h>
#include <stdio.h>
#include <stdlib.h>
#include <string.h>
#include <strings.h>
#include <sys/types.h>
#include <time.h>
#include <wchar.h>

int main(int argc, char** argv)
{
  (void)argv;
#ifndef strlcpy
  return ((int*)(&strlcpy))[argc];
#else
  (void)argc;
  return 0;
#endif
}
Determining if the strlen exist passed with the following output:
Change Dir: /Users/davidframpton/Documents/blockheads2/katipoBrowser/waraki/android/app/.cxx/Debug/1x4y7393/arm64-v8a/CMakeFiles/CMakeTmp

Run Build Command(s):/Users/davidframpton/Library/Android/sdk/cmake/3.22.1/bin/ninja cmTC_5f436 && [1/2] Building C object CMakeFiles/cmTC_5f436.dir/CheckSymbolExists.c.o
[2/2] Linking C executable cmTC_5f436


File /Users/davidframpton/Documents/blockheads2/katipoBrowser/waraki/android/app/.cxx/Debug/1x4y7393/arm64-v8a/CMakeFiles/CMakeTmp/CheckSymbolExists.c:
/* */
#include <float.h>
#include <iconv.h>
#include <inttypes.h>
#include <limits.h>
#include <malloc.h>
#include <math.h>
#include <memory.h>
#include <signal.h>
#include <stdarg.h>
#include <stdbool.h>
#include <stddef.h>
#include <stdint.h>
#include <stdio.h>
#include <stdlib.h>
#include <string.h>
#include <strings.h>
#include <sys/types.h>
#include <time.h>
#include <wchar.h>

int main(int argc, char** argv)
{
  (void)argv;
#ifndef strlen
  return ((int*)(&strlen))[argc];
#else
  (void)argc;
  return 0;
#endif
}
Determining if the strncmp exist passed with the following output:
Change Dir: /Users/davidframpton/Documents/blockheads2/katipoBrowser/waraki/android/app/.cxx/Debug/1x4y7393/arm64-v8a/CMakeFiles/CMakeTmp

Run Build Command(s):/Users/davidframpton/Library/Android/sdk/cmake/3.22.1/bin/ninja cmTC_84f53 && [1/2] Building C object CMakeFiles/cmTC_84f53.dir/CheckSymbolExists.c.o
[2/2] Linking C executable cmTC_84f53


File /Users/davidframpton/Documents/blockheads2/katipoBrowser/waraki/android/app/.cxx/Debug/1x4y7393/arm64-v8a/CMakeFiles/CMakeTmp/CheckSymbolExists.c:
/* */
#include <float.h>
#include <iconv.h>
#include <inttypes.h>
#include <limits.h>
#include <malloc.h>
#include <math.h>
#include <memory.h>
#include <signal.h>
#include <stdarg.h>
#include <stdbool.h>
#include <stddef.h>
#include <stdint.h>
#include <stdio.h>
#include <stdlib.h>
#include <string.h>
#include <strings.h>
#include <sys/types.h>
#include <time.h>
#include <wchar.h>

int main(int argc, char** argv)
{
  (void)argv;
#ifndef strncmp
  return ((int*)(&strncmp))[argc];
#else
  (void)argc;
  return 0;
#endif
}
Determining if the strnlen exist passed with the following output:
Change Dir: /Users/davidframpton/Documents/blockheads2/katipoBrowser/waraki/android/app/.cxx/Debug/1x4y7393/arm64-v8a/CMakeFiles/CMakeTmp

Run Build Command(s):/Users/davidframpton/Library/Android/sdk/cmake/3.22.1/bin/ninja cmTC_bc4ed && [1/2] Building C object CMakeFiles/cmTC_bc4ed.dir/CheckSymbolExists.c.o
[2/2] Linking C executable cmTC_bc4ed


File /Users/davidframpton/Documents/blockheads2/katipoBrowser/waraki/android/app/.cxx/Debug/1x4y7393/arm64-v8a/CMakeFiles/CMakeTmp/CheckSymbolExists.c:
/* */
#include <float.h>
#include <iconv.h>
#include <inttypes.h>
#include <limits.h>
#include <malloc.h>
#include <math.h>
#include <memory.h>
#include <signal.h>
#include <stdarg.h>
#include <stdbool.h>
#include <stddef.h>
#include <stdint.h>
#include <stdio.h>
#include <stdlib.h>
#include <string.h>
#include <strings.h>
#include <sys/types.h>
#include <time.h>
#include <wchar.h>

int main(int argc, char** argv)
{
  (void)argv;
#ifndef strnlen
  return ((int*)(&strnlen))[argc];
#else
  (void)argc;
  return 0;
#endif
}
Determining if the strpbrk exist passed with the following output:
Change Dir: /Users/davidframpton/Documents/blockheads2/katipoBrowser/waraki/android/app/.cxx/Debug/1x4y7393/arm64-v8a/CMakeFiles/CMakeTmp

Run Build Command(s):/Users/davidframpton/Library/Android/sdk/cmake/3.22.1/bin/ninja cmTC_7d440 && [1/2] Building C object CMakeFiles/cmTC_7d440.dir/CheckSymbolExists.c.o
[2/2] Linking C executable cmTC_7d440


File /Users/davidframpton/Documents/blockheads2/katipoBrowser/waraki/android/app/.cxx/Debug/1x4y7393/arm64-v8a/CMakeFiles/CMakeTmp/CheckSymbolExists.c:
/* */
#include <float.h>
#include <iconv.h>
#include <inttypes.h>
#include <limits.h>
#include <malloc.h>
#include <math.h>
#include <memory.h>
#include <signal.h>
#include <stdarg.h>
#include <stdbool.h>
#include <stddef.h>
#include <stdint.h>
#include <stdio.h>
#include <stdlib.h>
#include <string.h>
#include <strings.h>
#include <sys/types.h>
#include <time.h>
#include <wchar.h>

int main(int argc, char** argv)
{
  (void)argv;
#ifndef strpbrk
  return ((int*)(&strpbrk))[argc];
#else
  (void)argc;
  return 0;
#endif
}
Determining if the strrchr exist passed with the following output:
Change Dir: /Users/davidframpton/Documents/blockheads2/katipoBrowser/waraki/android/app/.cxx/Debug/1x4y7393/arm64-v8a/CMakeFiles/CMakeTmp

Run Build Command(s):/Users/davidframpton/Library/Android/sdk/cmake/3.22.1/bin/ninja cmTC_dce04 && [1/2] Building C object CMakeFiles/cmTC_dce04.dir/CheckSymbolExists.c.o
[2/2] Linking C executable cmTC_dce04


File /Users/davidframpton/Documents/blockheads2/katipoBrowser/waraki/android/app/.cxx/Debug/1x4y7393/arm64-v8a/CMakeFiles/CMakeTmp/CheckSymbolExists.c:
/* */
#include <float.h>
#include <iconv.h>
#include <inttypes.h>
#include <limits.h>
#include <malloc.h>
#include <math.h>
#include <memory.h>
#include <signal.h>
#include <stdarg.h>
#include <stdbool.h>
#include <stddef.h>
#include <stdint.h>
#include <stdio.h>
#include <stdlib.h>
#include <string.h>
#include <strings.h>
#include <sys/types.h>
#include <time.h>
#include <wchar.h>

int main(int argc, char** argv)
{
  (void)argv;
#ifndef strrchr
  return ((int*)(&strrchr))[argc];
#else
  (void)argc;
  return 0;
#endif
}
Determining if the strstr exist passed with the following output:
Change Dir: /Users/davidframpton/Documents/blockheads2/katipoBrowser/waraki/android/app/.cxx/Debug/1x4y7393/arm64-v8a/CMakeFiles/CMakeTmp

Run Build Command(s):/Users/davidframpton/Library/Android/sdk/cmake/3.22.1/bin/ninja cmTC_3ecd0 && [1/2] Building C object CMakeFiles/cmTC_3ecd0.dir/CheckSymbolExists.c.o
[2/2] Linking C executable cmTC_3ecd0


File /Users/davidframpton/Documents/blockheads2/katipoBrowser/waraki/android/app/.cxx/Debug/1x4y7393/arm64-v8a/CMakeFiles/CMakeTmp/CheckSymbolExists.c:
/* */
#include <float.h>
#include <iconv.h>
#include <inttypes.h>
#include <limits.h>
#include <malloc.h>
#include <math.h>
#include <memory.h>
#include <signal.h>
#include <stdarg.h>
#include <stdbool.h>
#include <stddef.h>
#include <stdint.h>
#include <stdio.h>
#include <stdlib.h>
#include <string.h>
#include <strings.h>
#include <sys/types.h>
#include <time.h>
#include <wchar.h>

int main(int argc, char** argv)
{
  (void)argv;
#ifndef strstr
  return ((int*)(&strstr))[argc];
#else
  (void)argc;
  return 0;
#endif
}
Determining if the strtod exist passed with the following output:
Change Dir: /Users/davidframpton/Documents/blockheads2/katipoBrowser/waraki/android/app/.cxx/Debug/1x4y7393/arm64-v8a/CMakeFiles/CMakeTmp

Run Build Command(s):/Users/davidframpton/Library/Android/sdk/cmake/3.22.1/bin/ninja cmTC_e9c2d && [1/2] Building C object CMakeFiles/cmTC_e9c2d.dir/CheckSymbolExists.c.o
[2/2] Linking C executable cmTC_e9c2d


File /Users/davidframpton/Documents/blockheads2/katipoBrowser/waraki/android/app/.cxx/Debug/1x4y7393/arm64-v8a/CMakeFiles/CMakeTmp/CheckSymbolExists.c:
/* */
#include <float.h>
#include <iconv.h>
#include <inttypes.h>
#include <limits.h>
#include <malloc.h>
#include <math.h>
#include <memory.h>
#include <signal.h>
#include <stdarg.h>
#include <stdbool.h>
#include <stddef.h>
#include <stdint.h>
#include <stdio.h>
#include <stdlib.h>
#include <string.h>
#include <strings.h>
#include <sys/types.h>
#include <time.h>
#include <wchar.h>

int main(int argc, char** argv)
{
  (void)argv;
#ifndef strtod
  return ((int*)(&strtod))[argc];
#else
  (void)argc;
  return 0;
#endif
}
Determining if the strtok_r exist passed with the following output:
Change Dir: /Users/davidframpton/Documents/blockheads2/katipoBrowser/waraki/android/app/.cxx/Debug/1x4y7393/arm64-v8a/CMakeFiles/CMakeTmp

Run Build Command(s):/Users/davidframpton/Library/Android/sdk/cmake/3.22.1/bin/ninja cmTC_ae340 && [1/2] Building C object CMakeFiles/cmTC_ae340.dir/CheckSymbolExists.c.o
[2/2] Linking C executable cmTC_ae340


File /Users/davidframpton/Documents/blockheads2/katipoBrowser/waraki/android/app/.cxx/Debug/1x4y7393/arm64-v8a/CMakeFiles/CMakeTmp/CheckSymbolExists.c:
/* */
#include <float.h>
#include <iconv.h>
#include <inttypes.h>
#include <limits.h>
#include <malloc.h>
#include <math.h>
#include <memory.h>
#include <signal.h>
#include <stdarg.h>
#include <stdbool.h>
#include <stddef.h>
#include <stdint.h>
#include <stdio.h>
#include <stdlib.h>
#include <string.h>
#include <strings.h>
#include <sys/types.h>
#include <time.h>
#include <wchar.h>

int main(int argc, char** argv)
{
  (void)argv;
#ifndef strtok_r
  return ((int*)(&strtok_r))[argc];
#else
  (void)argc;
  return 0;
#endif
}
Determining if the strtol exist passed with the following output:
Change Dir: /Users/davidframpton/Documents/blockheads2/katipoBrowser/waraki/android/app/.cxx/Debug/1x4y7393/arm64-v8a/CMakeFiles/CMakeTmp

Run Build Command(s):/Users/davidframpton/Library/Android/sdk/cmake/3.22.1/bin/ninja cmTC_8a17b && [1/2] Building C object CMakeFiles/cmTC_8a17b.dir/CheckSymbolExists.c.o
[2/2] Linking C executable cmTC_8a17b


File /Users/davidframpton/Documents/blockheads2/katipoBrowser/waraki/android/app/.cxx/Debug/1x4y7393/arm64-v8a/CMakeFiles/CMakeTmp/CheckSymbolExists.c:
/* */
#include <float.h>
#include <iconv.h>
#include <inttypes.h>
#include <limits.h>
#include <malloc.h>
#include <math.h>
#include <memory.h>
#include <signal.h>
#include <stdarg.h>
#include <stdbool.h>
#include <stddef.h>
#include <stdint.h>
#include <stdio.h>
#include <stdlib.h>
#include <string.h>
#include <strings.h>
#include <sys/types.h>
#include <time.h>
#include <wchar.h>

int main(int argc, char** argv)
{
  (void)argv;
#ifndef strtol
  return ((int*)(&strtol))[argc];
#else
  (void)argc;
  return 0;
#endif
}
Determining if the strtoll exist passed with the following output:
Change Dir: /Users/davidframpton/Documents/blockheads2/katipoBrowser/waraki/android/app/.cxx/Debug/1x4y7393/arm64-v8a/CMakeFiles/CMakeTmp

Run Build Command(s):/Users/davidframpton/Library/Android/sdk/cmake/3.22.1/bin/ninja cmTC_5fd45 && [1/2] Building C object CMakeFiles/cmTC_5fd45.dir/CheckSymbolExists.c.o
[2/2] Linking C executable cmTC_5fd45


File /Users/davidframpton/Documents/blockheads2/katipoBrowser/waraki/android/app/.cxx/Debug/1x4y7393/arm64-v8a/CMakeFiles/CMakeTmp/CheckSymbolExists.c:
/* */
#include <float.h>
#include <iconv.h>
#include <inttypes.h>
#include <limits.h>
#include <malloc.h>
#include <math.h>
#include <memory.h>
#include <signal.h>
#include <stdarg.h>
#include <stdbool.h>
#include <stddef.h>
#include <stdint.h>
#include <stdio.h>
#include <stdlib.h>
#include <string.h>
#include <strings.h>
#include <sys/types.h>
#include <time.h>
#include <wchar.h>

int main(int argc, char** argv)
{
  (void)argv;
#ifndef strtoll
  return ((int*)(&strtoll))[argc];
#else
  (void)argc;
  return 0;
#endif
}
Determining if the strtoul exist passed with the following output:
Change Dir: /Users/davidframpton/Documents/blockheads2/katipoBrowser/waraki/android/app/.cxx/Debug/1x4y7393/arm64-v8a/CMakeFiles/CMakeTmp

Run Build Command(s):/Users/davidframpton/Library/Android/sdk/cmake/3.22.1/bin/ninja cmTC_39a24 && [1/2] Building C object CMakeFiles/cmTC_39a24.dir/CheckSymbolExists.c.o
[2/2] Linking C executable cmTC_39a24


File /Users/davidframpton/Documents/blockheads2/katipoBrowser/waraki/android/app/.cxx/Debug/1x4y7393/arm64-v8a/CMakeFiles/CMakeTmp/CheckSymbolExists.c:
/* */
#include <float.h>
#include <iconv.h>
#include <inttypes.h>
#include <limits.h>
#include <malloc.h>
#include <math.h>
#include <memory.h>
#include <signal.h>
#include <stdarg.h>
#include <stdbool.h>
#include <stddef.h>
#include <stdint.h>
#include <stdio.h>
#include <stdlib.h>
#include <string.h>
#include <strings.h>
#include <sys/types.h>
#include <time.h>
#include <wchar.h>

int main(int argc, char** argv)
{
  (void)argv;
#ifndef strtoul
  return ((int*)(&strtoul))[argc];
#else
  (void)argc;
  return 0;
#endif
}
Determining if the strtoull exist passed with the following output:
Change Dir: /Users/davidframpton/Documents/blockheads2/katipoBrowser/waraki/android/app/.cxx/Debug/1x4y7393/arm64-v8a/CMakeFiles/CMakeTmp

Run Build Command(s):/Users/davidframpton/Library/Android/sdk/cmake/3.22.1/bin/ninja cmTC_3e46a && [1/2] Building C object CMakeFiles/cmTC_3e46a.dir/CheckSymbolExists.c.o
[2/2] Linking C executable cmTC_3e46a


File /Users/davidframpton/Documents/blockheads2/katipoBrowser/waraki/android/app/.cxx/Debug/1x4y7393/arm64-v8a/CMakeFiles/CMakeTmp/CheckSymbolExists.c:
/* */
#include <float.h>
#include <iconv.h>
#include <inttypes.h>
#include <limits.h>
#include <malloc.h>
#include <math.h>
#include <memory.h>
#include <signal.h>
#include <stdarg.h>
#include <stdbool.h>
#include <stddef.h>
#include <stdint.h>
#include <stdio.h>
#include <stdlib.h>
#include <string.h>
#include <strings.h>
#include <sys/types.h>
#include <time.h>
#include <wchar.h>

int main(int argc, char** argv)
{
  (void)argv;
#ifndef strtoull
  return ((int*)(&strtoull))[argc];
#else
  (void)argc;
  return 0;
#endif
}
Determining if the tan exist passed with the following output:
Change Dir: /Users/davidframpton/Documents/blockheads2/katipoBrowser/waraki/android/app/.cxx/Debug/1x4y7393/arm64-v8a/CMakeFiles/CMakeTmp

Run Build Command(s):/Users/davidframpton/Library/Android/sdk/cmake/3.22.1/bin/ninja cmTC_b8ef2 && [1/2] Building C object CMakeFiles/cmTC_b8ef2.dir/CheckSymbolExists.c.o
[2/2] Linking C executable cmTC_b8ef2


File /Users/davidframpton/Documents/blockheads2/katipoBrowser/waraki/android/app/.cxx/Debug/1x4y7393/arm64-v8a/CMakeFiles/CMakeTmp/CheckSymbolExists.c:
/* */
#include <float.h>
#include <iconv.h>
#include <inttypes.h>
#include <limits.h>
#include <malloc.h>
#include <math.h>
#include <memory.h>
#include <signal.h>
#include <stdarg.h>
#include <stdbool.h>
#include <stddef.h>
#include <stdint.h>
#include <stdio.h>
#include <stdlib.h>
#include <string.h>
#include <strings.h>
#include <sys/types.h>
#include <time.h>
#include <wchar.h>

int main(int argc, char** argv)
{
  (void)argv;
#ifndef tan
  return ((int*)(&tan))[argc];
#else
  (void)argc;
  return 0;
#endif
}
Determining if the tanf exist passed with the following output:
Change Dir: /Users/davidframpton/Documents/blockheads2/katipoBrowser/waraki/android/app/.cxx/Debug/1x4y7393/arm64-v8a/CMakeFiles/CMakeTmp

Run Build Command(s):/Users/davidframpton/Library/Android/sdk/cmake/3.22.1/bin/ninja cmTC_f1893 && [1/2] Building C object CMakeFiles/cmTC_f1893.dir/CheckSymbolExists.c.o
[2/2] Linking C executable cmTC_f1893


File /Users/davidframpton/Documents/blockheads2/katipoBrowser/waraki/android/app/.cxx/Debug/1x4y7393/arm64-v8a/CMakeFiles/CMakeTmp/CheckSymbolExists.c:
/* */
#include <float.h>
#include <iconv.h>
#include <inttypes.h>
#include <limits.h>
#include <malloc.h>
#include <math.h>
#include <memory.h>
#include <signal.h>
#include <stdarg.h>
#include <stdbool.h>
#include <stddef.h>
#include <stdint.h>
#include <stdio.h>
#include <stdlib.h>
#include <string.h>
#include <strings.h>
#include <sys/types.h>
#include <time.h>
#include <wchar.h>

int main(int argc, char** argv)
{
  (void)argv;
#ifndef tanf
  return ((int*)(&tanf))[argc];
#else
  (void)argc;
  return 0;
#endif
}
Determining if the trunc exist passed with the following output:
Change Dir: /Users/davidframpton/Documents/blockheads2/katipoBrowser/waraki/android/app/.cxx/Debug/1x4y7393/arm64-v8a/CMakeFiles/CMakeTmp

Run Build Command(s):/Users/davidframpton/Library/Android/sdk/cmake/3.22.1/bin/ninja cmTC_2bc1e && [1/2] Building C object CMakeFiles/cmTC_2bc1e.dir/CheckSymbolExists.c.o
[2/2] Linking C executable cmTC_2bc1e


File /Users/davidframpton/Documents/blockheads2/katipoBrowser/waraki/android/app/.cxx/Debug/1x4y7393/arm64-v8a/CMakeFiles/CMakeTmp/CheckSymbolExists.c:
/* */
#include <float.h>
#include <iconv.h>
#include <inttypes.h>
#include <limits.h>
#include <malloc.h>
#include <math.h>
#include <memory.h>
#include <signal.h>
#include <stdarg.h>
#include <stdbool.h>
#include <stddef.h>
#include <stdint.h>
#include <stdio.h>
#include <stdlib.h>
#include <string.h>
#include <strings.h>
#include <sys/types.h>
#include <time.h>
#include <wchar.h>

int main(int argc, char** argv)
{
  (void)argv;
#ifndef trunc
  return ((int*)(&trunc))[argc];
#else
  (void)argc;
  return 0;
#endif
}
Determining if the truncf exist passed with the following output:
Change Dir: /Users/davidframpton/Documents/blockheads2/katipoBrowser/waraki/android/app/.cxx/Debug/1x4y7393/arm64-v8a/CMakeFiles/CMakeTmp

Run Build Command(s):/Users/davidframpton/Library/Android/sdk/cmake/3.22.1/bin/ninja cmTC_98850 && [1/2] Building C object CMakeFiles/cmTC_98850.dir/CheckSymbolExists.c.o
[2/2] Linking C executable cmTC_98850


File /Users/davidframpton/Documents/blockheads2/katipoBrowser/waraki/android/app/.cxx/Debug/1x4y7393/arm64-v8a/CMakeFiles/CMakeTmp/CheckSymbolExists.c:
/* */
#include <float.h>
#include <iconv.h>
#include <inttypes.h>
#include <limits.h>
#include <malloc.h>
#include <math.h>
#include <memory.h>
#include <signal.h>
#include <stdarg.h>
#include <stdbool.h>
#include <stddef.h>
#include <stdint.h>
#include <stdio.h>
#include <stdlib.h>
#include <string.h>
#include <strings.h>
#include <sys/types.h>
#include <time.h>
#include <wchar.h>

int main(int argc, char** argv)
{
  (void)argv;
#ifndef truncf
  return ((int*)(&truncf))[argc];
#else
  (void)argc;
  return 0;
#endif
}
Determining if the unsetenv exist passed with the following output:
Change Dir: /Users/davidframpton/Documents/blockheads2/katipoBrowser/waraki/android/app/.cxx/Debug/1x4y7393/arm64-v8a/CMakeFiles/CMakeTmp

Run Build Command(s):/Users/davidframpton/Library/Android/sdk/cmake/3.22.1/bin/ninja cmTC_c663c && [1/2] Building C object CMakeFiles/cmTC_c663c.dir/CheckSymbolExists.c.o
[2/2] Linking C executable cmTC_c663c


File /Users/davidframpton/Documents/blockheads2/katipoBrowser/waraki/android/app/.cxx/Debug/1x4y7393/arm64-v8a/CMakeFiles/CMakeTmp/CheckSymbolExists.c:
/* */
#include <float.h>
#include <iconv.h>
#include <inttypes.h>
#include <limits.h>
#include <malloc.h>
#include <math.h>
#include <memory.h>
#include <signal.h>
#include <stdarg.h>
#include <stdbool.h>
#include <stddef.h>
#include <stdint.h>
#include <stdio.h>
#include <stdlib.h>
#include <string.h>
#include <strings.h>
#include <sys/types.h>
#include <time.h>
#include <wchar.h>

int main(int argc, char** argv)
{
  (void)argv;
#ifndef unsetenv
  return ((int*)(&unsetenv))[argc];
#else
  (void)argc;
  return 0;
#endif
}
Determining if the vsnprintf exist passed with the following output:
Change Dir: /Users/davidframpton/Documents/blockheads2/katipoBrowser/waraki/android/app/.cxx/Debug/1x4y7393/arm64-v8a/CMakeFiles/CMakeTmp

Run Build Command(s):/Users/davidframpton/Library/Android/sdk/cmake/3.22.1/bin/ninja cmTC_251f4 && [1/2] Building C object CMakeFiles/cmTC_251f4.dir/CheckSymbolExists.c.o
[2/2] Linking C executable cmTC_251f4


File /Users/davidframpton/Documents/blockheads2/katipoBrowser/waraki/android/app/.cxx/Debug/1x4y7393/arm64-v8a/CMakeFiles/CMakeTmp/CheckSymbolExists.c:
/* */
#include <float.h>
#include <iconv.h>
#include <inttypes.h>
#include <limits.h>
#include <malloc.h>
#include <math.h>
#include <memory.h>
#include <signal.h>
#include <stdarg.h>
#include <stdbool.h>
#include <stddef.h>
#include <stdint.h>
#include <stdio.h>
#include <stdlib.h>
#include <string.h>
#include <strings.h>
#include <sys/types.h>
#include <time.h>
#include <wchar.h>

int main(int argc, char** argv)
{
  (void)argv;
#ifndef vsnprintf
  return ((int*)(&vsnprintf))[argc];
#else
  (void)argc;
  return 0;
#endif
}
Determining if the vsscanf exist passed with the following output:
Change Dir: /Users/davidframpton/Documents/blockheads2/katipoBrowser/waraki/android/app/.cxx/Debug/1x4y7393/arm64-v8a/CMakeFiles/CMakeTmp

Run Build Command(s):/Users/davidframpton/Library/Android/sdk/cmake/3.22.1/bin/ninja cmTC_b8185 && [1/2] Building C object CMakeFiles/cmTC_b8185.dir/CheckSymbolExists.c.o
[2/2] Linking C executable cmTC_b8185


File /Users/davidframpton/Documents/blockheads2/katipoBrowser/waraki/android/app/.cxx/Debug/1x4y7393/arm64-v8a/CMakeFiles/CMakeTmp/CheckSymbolExists.c:
/* */
#include <float.h>
#include <iconv.h>
#include <inttypes.h>
#include <limits.h>
#include <malloc.h>
#include <math.h>
#include <memory.h>
#include <signal.h>
#include <stdarg.h>
#include <stdbool.h>
#include <stddef.h>
#include <stdint.h>
#include <stdio.h>
#include <stdlib.h>
#include <string.h>
#include <strings.h>
#include <sys/types.h>
#include <time.h>
#include <wchar.h>

int main(int argc, char** argv)
{
  (void)argv;
#ifndef vsscanf
  return ((int*)(&vsscanf))[argc];
#else
  (void)argc;
  return 0;
#endif
}
Determining if the wcsnlen exist passed with the following output:
Change Dir: /Users/davidframpton/Documents/blockheads2/katipoBrowser/waraki/android/app/.cxx/Debug/1x4y7393/arm64-v8a/CMakeFiles/CMakeTmp

Run Build Command(s):/Users/davidframpton/Library/Android/sdk/cmake/3.22.1/bin/ninja cmTC_9b6ad && [1/2] Building C object CMakeFiles/cmTC_9b6ad.dir/CheckSymbolExists.c.o
[2/2] Linking C executable cmTC_9b6ad


File /Users/davidframpton/Documents/blockheads2/katipoBrowser/waraki/android/app/.cxx/Debug/1x4y7393/arm64-v8a/CMakeFiles/CMakeTmp/CheckSymbolExists.c:
/* */
#include <float.h>
#include <iconv.h>
#include <inttypes.h>
#include <limits.h>
#include <malloc.h>
#include <math.h>
#include <memory.h>
#include <signal.h>
#include <stdarg.h>
#include <stdbool.h>
#include <stddef.h>
#include <stdint.h>
#include <stdio.h>
#include <stdlib.h>
#include <string.h>
#include <strings.h>
#include <sys/types.h>
#include <time.h>
#include <wchar.h>

int main(int argc, char** argv)
{
  (void)argv;
#ifndef wcsnlen
  return ((int*)(&wcsnlen))[argc];
#else
  (void)argc;
  return 0;
#endif
}
Determining if the wcscmp exist passed with the following output:
Change Dir: /Users/davidframpton/Documents/blockheads2/katipoBrowser/waraki/android/app/.cxx/Debug/1x4y7393/arm64-v8a/CMakeFiles/CMakeTmp

Run Build Command(s):/Users/davidframpton/Library/Android/sdk/cmake/3.22.1/bin/ninja cmTC_0da17 && [1/2] Building C object CMakeFiles/cmTC_0da17.dir/CheckSymbolExists.c.o
[2/2] Linking C executable cmTC_0da17


File /Users/davidframpton/Documents/blockheads2/katipoBrowser/waraki/android/app/.cxx/Debug/1x4y7393/arm64-v8a/CMakeFiles/CMakeTmp/CheckSymbolExists.c:
/* */
#include <float.h>
#include <iconv.h>
#include <inttypes.h>
#include <limits.h>
#include <malloc.h>
#include <math.h>
#include <memory.h>
#include <signal.h>
#include <stdarg.h>
#include <stdbool.h>
#include <stddef.h>
#include <stdint.h>
#include <stdio.h>
#include <stdlib.h>
#include <string.h>
#include <strings.h>
#include <sys/types.h>
#include <time.h>
#include <wchar.h>

int main(int argc, char** argv)
{
  (void)argv;
#ifndef wcscmp
  return ((int*)(&wcscmp))[argc];
#else
  (void)argc;
  return 0;
#endif
}
Determining if the wcsdup exist passed with the following output:
Change Dir: /Users/davidframpton/Documents/blockheads2/katipoBrowser/waraki/android/app/.cxx/Debug/1x4y7393/arm64-v8a/CMakeFiles/CMakeTmp

Run Build Command(s):/Users/davidframpton/Library/Android/sdk/cmake/3.22.1/bin/ninja cmTC_8c146 && [1/2] Building C object CMakeFiles/cmTC_8c146.dir/CheckSymbolExists.c.o
[2/2] Linking C executable cmTC_8c146


File /Users/davidframpton/Documents/blockheads2/katipoBrowser/waraki/android/app/.cxx/Debug/1x4y7393/arm64-v8a/CMakeFiles/CMakeTmp/CheckSymbolExists.c:
/* */
#include <float.h>
#include <iconv.h>
#include <inttypes.h>
#include <limits.h>
#include <malloc.h>
#include <math.h>
#include <memory.h>
#include <signal.h>
#include <stdarg.h>
#include <stdbool.h>
#include <stddef.h>
#include <stdint.h>
#include <stdio.h>
#include <stdlib.h>
#include <string.h>
#include <strings.h>
#include <sys/types.h>
#include <time.h>
#include <wchar.h>

int main(int argc, char** argv)
{
  (void)argv;
#ifndef wcsdup
  return ((int*)(&wcsdup))[argc];
#else
  (void)argc;
  return 0;
#endif
}
Determining if the wcslcat exist passed with the following output:
Change Dir: /Users/davidframpton/Documents/blockheads2/katipoBrowser/waraki/android/app/.cxx/Debug/1x4y7393/arm64-v8a/CMakeFiles/CMakeTmp

Run Build Command(s):/Users/davidframpton/Library/Android/sdk/cmake/3.22.1/bin/ninja cmTC_95ece && [1/2] Building C object CMakeFiles/cmTC_95ece.dir/CheckSymbolExists.c.o
[2/2] Linking C executable cmTC_95ece


File /Users/davidframpton/Documents/blockheads2/katipoBrowser/waraki/android/app/.cxx/Debug/1x4y7393/arm64-v8a/CMakeFiles/CMakeTmp/CheckSymbolExists.c:
/* */
#include <float.h>
#include <iconv.h>
#include <inttypes.h>
#include <limits.h>
#include <malloc.h>
#include <math.h>
#include <memory.h>
#include <signal.h>
#include <stdarg.h>
#include <stdbool.h>
#include <stddef.h>
#include <stdint.h>
#include <stdio.h>
#include <stdlib.h>
#include <string.h>
#include <strings.h>
#include <sys/types.h>
#include <time.h>
#include <wchar.h>

int main(int argc, char** argv)
{
  (void)argv;
#ifndef wcslcat
  return ((int*)(&wcslcat))[argc];
#else
  (void)argc;
  return 0;
#endif
}
Determining if the wcslcpy exist passed with the following output:
Change Dir: /Users/davidframpton/Documents/blockheads2/katipoBrowser/waraki/android/app/.cxx/Debug/1x4y7393/arm64-v8a/CMakeFiles/CMakeTmp

Run Build Command(s):/Users/davidframpton/Library/Android/sdk/cmake/3.22.1/bin/ninja cmTC_a0abb && [1/2] Building C object CMakeFiles/cmTC_a0abb.dir/CheckSymbolExists.c.o
[2/2] Linking C executable cmTC_a0abb


File /Users/davidframpton/Documents/blockheads2/katipoBrowser/waraki/android/app/.cxx/Debug/1x4y7393/arm64-v8a/CMakeFiles/CMakeTmp/CheckSymbolExists.c:
/* */
#include <float.h>
#include <iconv.h>
#include <inttypes.h>
#include <limits.h>
#include <malloc.h>
#include <math.h>
#include <memory.h>
#include <signal.h>
#include <stdarg.h>
#include <stdbool.h>
#include <stddef.h>
#include <stdint.h>
#include <stdio.h>
#include <stdlib.h>
#include <string.h>
#include <strings.h>
#include <sys/types.h>
#include <time.h>
#include <wchar.h>

int main(int argc, char** argv)
{
  (void)argv;
#ifndef wcslcpy
  return ((int*)(&wcslcpy))[argc];
#else
  (void)argc;
  return 0;
#endif
}
Determining if the wcslen exist passed with the following output:
Change Dir: /Users/davidframpton/Documents/blockheads2/katipoBrowser/waraki/android/app/.cxx/Debug/1x4y7393/arm64-v8a/CMakeFiles/CMakeTmp

Run Build Command(s):/Users/davidframpton/Library/Android/sdk/cmake/3.22.1/bin/ninja cmTC_2d592 && [1/2] Building C object CMakeFiles/cmTC_2d592.dir/CheckSymbolExists.c.o
[2/2] Linking C executable cmTC_2d592


File /Users/davidframpton/Documents/blockheads2/katipoBrowser/waraki/android/app/.cxx/Debug/1x4y7393/arm64-v8a/CMakeFiles/CMakeTmp/CheckSymbolExists.c:
/* */
#include <float.h>
#include <iconv.h>
#include <inttypes.h>
#include <limits.h>
#include <malloc.h>
#include <math.h>
#include <memory.h>
#include <signal.h>
#include <stdarg.h>
#include <stdbool.h>
#include <stddef.h>
#include <stdint.h>
#include <stdio.h>
#include <stdlib.h>
#include <string.h>
#include <strings.h>
#include <sys/types.h>
#include <time.h>
#include <wchar.h>

int main(int argc, char** argv)
{
  (void)argv;
#ifndef wcslen
  return ((int*)(&wcslen))[argc];
#else
  (void)argc;
  return 0;
#endif
}
Determining if the wcsncmp exist passed with the following output:
Change Dir: /Users/davidframpton/Documents/blockheads2/katipoBrowser/waraki/android/app/.cxx/Debug/1x4y7393/arm64-v8a/CMakeFiles/CMakeTmp

Run Build Command(s):/Users/davidframpton/Library/Android/sdk/cmake/3.22.1/bin/ninja cmTC_1b4f6 && [1/2] Building C object CMakeFiles/cmTC_1b4f6.dir/CheckSymbolExists.c.o
[2/2] Linking C executable cmTC_1b4f6


File /Users/davidframpton/Documents/blockheads2/katipoBrowser/waraki/android/app/.cxx/Debug/1x4y7393/arm64-v8a/CMakeFiles/CMakeTmp/CheckSymbolExists.c:
/* */
#include <float.h>
#include <iconv.h>
#include <inttypes.h>
#include <limits.h>
#include <malloc.h>
#include <math.h>
#include <memory.h>
#include <signal.h>
#include <stdarg.h>
#include <stdbool.h>
#include <stddef.h>
#include <stdint.h>
#include <stdio.h>
#include <stdlib.h>
#include <string.h>
#include <strings.h>
#include <sys/types.h>
#include <time.h>
#include <wchar.h>

int main(int argc, char** argv)
{
  (void)argv;
#ifndef wcsncmp
  return ((int*)(&wcsncmp))[argc];
#else
  (void)argc;
  return 0;
#endif
}
Determining if the wcsstr exist passed with the following output:
Change Dir: /Users/davidframpton/Documents/blockheads2/katipoBrowser/waraki/android/app/.cxx/Debug/1x4y7393/arm64-v8a/CMakeFiles/CMakeTmp

Run Build Command(s):/Users/davidframpton/Library/Android/sdk/cmake/3.22.1/bin/ninja cmTC_71b8f && [1/2] Building C object CMakeFiles/cmTC_71b8f.dir/CheckSymbolExists.c.o
[2/2] Linking C executable cmTC_71b8f


File /Users/davidframpton/Documents/blockheads2/katipoBrowser/waraki/android/app/.cxx/Debug/1x4y7393/arm64-v8a/CMakeFiles/CMakeTmp/CheckSymbolExists.c:
/* */
#include <float.h>
#include <iconv.h>
#include <inttypes.h>
#include <limits.h>
#include <malloc.h>
#include <math.h>
#include <memory.h>
#include <signal.h>
#include <stdarg.h>
#include <stdbool.h>
#include <stddef.h>
#include <stdint.h>
#include <stdio.h>
#include <stdlib.h>
#include <string.h>
#include <strings.h>
#include <sys/types.h>
#include <time.h>
#include <wchar.h>

int main(int argc, char** argv)
{
  (void)argv;
#ifndef wcsstr
  return ((int*)(&wcsstr))[argc];
#else
  (void)argc;
  return 0;
#endif
}
Determining if the wcstol exist passed with the following output:
Change Dir: /Users/davidframpton/Documents/blockheads2/katipoBrowser/waraki/android/app/.cxx/Debug/1x4y7393/arm64-v8a/CMakeFiles/CMakeTmp

Run Build Command(s):/Users/davidframpton/Library/Android/sdk/cmake/3.22.1/bin/ninja cmTC_047bc && [1/2] Building C object CMakeFiles/cmTC_047bc.dir/CheckSymbolExists.c.o
[2/2] Linking C executable cmTC_047bc


File /Users/davidframpton/Documents/blockheads2/katipoBrowser/waraki/android/app/.cxx/Debug/1x4y7393/arm64-v8a/CMakeFiles/CMakeTmp/CheckSymbolExists.c:
/* */
#include <float.h>
#include <iconv.h>
#include <inttypes.h>
#include <limits.h>
#include <malloc.h>
#include <math.h>
#include <memory.h>
#include <signal.h>
#include <stdarg.h>
#include <stdbool.h>
#include <stddef.h>
#include <stdint.h>
#include <stdio.h>
#include <stdlib.h>
#include <string.h>
#include <strings.h>
#include <sys/types.h>
#include <time.h>
#include <wchar.h>

int main(int argc, char** argv)
{
  (void)argv;
#ifndef wcstol
  return ((int*)(&wcstol))[argc];
#else
  (void)argc;
  return 0;
#endif
}
Determining if the strcasestr exist passed with the following output:
Change Dir: /Users/davidframpton/Documents/blockheads2/katipoBrowser/waraki/android/app/.cxx/Debug/1x4y7393/arm64-v8a/CMakeFiles/CMakeTmp

Run Build Command(s):/Users/davidframpton/Library/Android/sdk/cmake/3.22.1/bin/ninja cmTC_e59d4 && [1/2] Building C object CMakeFiles/cmTC_e59d4.dir/CheckSymbolExists.c.o
[2/2] Linking C executable cmTC_e59d4


File /Users/davidframpton/Documents/blockheads2/katipoBrowser/waraki/android/app/.cxx/Debug/1x4y7393/arm64-v8a/CMakeFiles/CMakeTmp/CheckSymbolExists.c:
/* */
#include <float.h>
#include <iconv.h>
#include <inttypes.h>
#include <limits.h>
#include <malloc.h>
#include <math.h>
#include <memory.h>
#include <signal.h>
#include <stdarg.h>
#include <stdbool.h>
#include <stddef.h>
#include <stdint.h>
#include <stdio.h>
#include <stdlib.h>
#include <string.h>
#include <strings.h>
#include <sys/types.h>
#include <time.h>
#include <wchar.h>

int main(int argc, char** argv)
{
  (void)argv;
#ifndef strcasestr
  return ((int*)(&strcasestr))[argc];
#else
  (void)argc;
  return 0;
#endif
}
Performing C SOURCE FILE Test LIBC_HAS_ISINF succeeded with the following output:
Change Dir: /Users/davidframpton/Documents/blockheads2/katipoBrowser/waraki/android/app/.cxx/Debug/1x4y7393/arm64-v8a/CMakeFiles/CMakeTmp

Run Build Command(s):/Users/davidframpton/Library/Android/sdk/cmake/3.22.1/bin/ninja cmTC_e285a && [1/2] Building C object CMakeFiles/cmTC_e285a.dir/src.c.o
[2/2] Linking C executable cmTC_e285a


Source file was:

        #include <math.h>
        int main() {
          double d = 3.14159;
          return isinf(d);
        }
      
Performing C SOURCE FILE Test LIBC_ISINF_HANDLES_FLOAT succeeded with the following output:
Change Dir: /Users/davidframpton/Documents/blockheads2/katipoBrowser/waraki/android/app/.cxx/Debug/1x4y7393/arm64-v8a/CMakeFiles/CMakeTmp

Run Build Command(s):/Users/davidframpton/Library/Android/sdk/cmake/3.22.1/bin/ninja cmTC_a3f50 && [1/2] Building C object CMakeFiles/cmTC_a3f50.dir/src.c.o
[2/2] Linking C executable cmTC_a3f50


Source file was:

      #include <math.h>
      int main() {
        float f = 3.14159f;
        return isinf(f);
      }
    
Performing C SOURCE FILE Test LIBC_HAS_ISINFF succeeded with the following output:
Change Dir: /Users/davidframpton/Documents/blockheads2/katipoBrowser/waraki/android/app/.cxx/Debug/1x4y7393/arm64-v8a/CMakeFiles/CMakeTmp

Run Build Command(s):/Users/davidframpton/Library/Android/sdk/cmake/3.22.1/bin/ninja cmTC_471c6 && [1/2] Building C object CMakeFiles/cmTC_471c6.dir/src.c.o
[2/2] Linking C executable cmTC_471c6


Source file was:

      #include <math.h>
      int main() {
        float f = 3.14159f;
        return isinff(f);
      }
    
Performing C SOURCE FILE Test LIBC_HAS_ISNAN succeeded with the following output:
Change Dir: /Users/davidframpton/Documents/blockheads2/katipoBrowser/waraki/android/app/.cxx/Debug/1x4y7393/arm64-v8a/CMakeFiles/CMakeTmp

Run Build Command(s):/Users/davidframpton/Library/Android/sdk/cmake/3.22.1/bin/ninja cmTC_53803 && [1/2] Building C object CMakeFiles/cmTC_53803.dir/src.c.o
[2/2] Linking C executable cmTC_53803


Source file was:

        #include <math.h>
        int main() {
          double d = 3.14159;
          return isnan(d);
        }
      
Performing C SOURCE FILE Test LIBC_ISNAN_HANDLES_FLOAT succeeded with the following output:
Change Dir: /Users/davidframpton/Documents/blockheads2/katipoBrowser/waraki/android/app/.cxx/Debug/1x4y7393/arm64-v8a/CMakeFiles/CMakeTmp

Run Build Command(s):/Users/davidframpton/Library/Android/sdk/cmake/3.22.1/bin/ninja cmTC_28386 && [1/2] Building C object CMakeFiles/cmTC_28386.dir/src.c.o
[2/2] Linking C executable cmTC_28386


Source file was:

      #include <math.h>
      int main() {
        float f = 3.14159f;
        return isnan(f);
      }
    
Performing C SOURCE FILE Test LIBC_HAS_ISNANF succeeded with the following output:
Change Dir: /Users/davidframpton/Documents/blockheads2/katipoBrowser/waraki/android/app/.cxx/Debug/1x4y7393/arm64-v8a/CMakeFiles/CMakeTmp

Run Build Command(s):/Users/davidframpton/Library/Android/sdk/cmake/3.22.1/bin/ninja cmTC_d4132 && [1/2] Building C object CMakeFiles/cmTC_d4132.dir/src.c.o
[2/2] Linking C executable cmTC_d4132


Source file was:

      #include <math.h>
      int main() {
        float f = 3.14159f;
        return isnanf(f);
      }
    
Determining if the fdatasync exist passed with the following output:
Change Dir: /Users/davidframpton/Documents/blockheads2/katipoBrowser/waraki/android/app/.cxx/Debug/1x4y7393/arm64-v8a/CMakeFiles/CMakeTmp

Run Build Command(s):/Users/davidframpton/Library/Android/sdk/cmake/3.22.1/bin/ninja cmTC_39bfb && [1/2] Building C object CMakeFiles/cmTC_39bfb.dir/CheckSymbolExists.c.o
[2/2] Linking C executable cmTC_39bfb


File /Users/davidframpton/Documents/blockheads2/katipoBrowser/waraki/android/app/.cxx/Debug/1x4y7393/arm64-v8a/CMakeFiles/CMakeTmp/CheckSymbolExists.c:
/* */
#include <unistd.h>

int main(int argc, char** argv)
{
  (void)argv;
#ifndef fdatasync
  return ((int*)(&fdatasync))[argc];
#else
  (void)argc;
  return 0;
#endif
}
Determining if the gethostname exist passed with the following output:
Change Dir: /Users/davidframpton/Documents/blockheads2/katipoBrowser/waraki/android/app/.cxx/Debug/1x4y7393/arm64-v8a/CMakeFiles/CMakeTmp

Run Build Command(s):/Users/davidframpton/Library/Android/sdk/cmake/3.22.1/bin/ninja cmTC_55a2d && [1/2] Building C object CMakeFiles/cmTC_55a2d.dir/CheckSymbolExists.c.o
[2/2] Linking C executable cmTC_55a2d


File /Users/davidframpton/Documents/blockheads2/katipoBrowser/waraki/android/app/.cxx/Debug/1x4y7393/arm64-v8a/CMakeFiles/CMakeTmp/CheckSymbolExists.c:
/* */
#include <unistd.h>

int main(int argc, char** argv)
{
  (void)argv;
#ifndef gethostname
  return ((int*)(&gethostname))[argc];
#else
  (void)argc;
  return 0;
#endif
}
Determining if the getpagesize exist passed with the following output:
Change Dir: /Users/davidframpton/Documents/blockheads2/katipoBrowser/waraki/android/app/.cxx/Debug/1x4y7393/arm64-v8a/CMakeFiles/CMakeTmp

Run Build Command(s):/Users/davidframpton/Library/Android/sdk/cmake/3.22.1/bin/ninja cmTC_0a7d0 && [1/2] Building C object CMakeFiles/cmTC_0a7d0.dir/CheckSymbolExists.c.o
[2/2] Linking C executable cmTC_0a7d0


File /Users/davidframpton/Documents/blockheads2/katipoBrowser/waraki/android/app/.cxx/Debug/1x4y7393/arm64-v8a/CMakeFiles/CMakeTmp/CheckSymbolExists.c:
/* */
#include <unistd.h>

int main(int argc, char** argv)
{
  (void)argv;
#ifndef getpagesize
  return ((int*)(&getpagesize))[argc];
#else
  (void)argc;
  return 0;
#endif
}
Determining if the getresgid exist passed with the following output:
Change Dir: /Users/davidframpton/Documents/blockheads2/katipoBrowser/waraki/android/app/.cxx/Debug/1x4y7393/arm64-v8a/CMakeFiles/CMakeTmp

Run Build Command(s):/Users/davidframpton/Library/Android/sdk/cmake/3.22.1/bin/ninja cmTC_d219a && [1/2] Building C object CMakeFiles/cmTC_d219a.dir/CheckSymbolExists.c.o
[2/2] Linking C executable cmTC_d219a


File /Users/davidframpton/Documents/blockheads2/katipoBrowser/waraki/android/app/.cxx/Debug/1x4y7393/arm64-v8a/CMakeFiles/CMakeTmp/CheckSymbolExists.c:
/* */
#include <unistd.h>

int main(int argc, char** argv)
{
  (void)argv;
#ifndef getresgid
  return ((int*)(&getresgid))[argc];
#else
  (void)argc;
  return 0;
#endif
}
Determining if the getresuid exist passed with the following output:
Change Dir: /Users/davidframpton/Documents/blockheads2/katipoBrowser/waraki/android/app/.cxx/Debug/1x4y7393/arm64-v8a/CMakeFiles/CMakeTmp

Run Build Command(s):/Users/davidframpton/Library/Android/sdk/cmake/3.22.1/bin/ninja cmTC_ada0c && [1/2] Building C object CMakeFiles/cmTC_ada0c.dir/CheckSymbolExists.c.o
[2/2] Linking C executable cmTC_ada0c


File /Users/davidframpton/Documents/blockheads2/katipoBrowser/waraki/android/app/.cxx/Debug/1x4y7393/arm64-v8a/CMakeFiles/CMakeTmp/CheckSymbolExists.c:
/* */
#include <unistd.h>

int main(int argc, char** argv)
{
  (void)argv;
#ifndef getresuid
  return ((int*)(&getresuid))[argc];
#else
  (void)argc;
  return 0;
#endif
}
Determining if the sigaction exist passed with the following output:
Change Dir: /Users/davidframpton/Documents/blockheads2/katipoBrowser/waraki/android/app/.cxx/Debug/1x4y7393/arm64-v8a/CMakeFiles/CMakeTmp

Run Build Command(s):/Users/davidframpton/Library/Android/sdk/cmake/3.22.1/bin/ninja cmTC_a609e && [1/2] Building C object CMakeFiles/cmTC_a609e.dir/CheckSymbolExists.c.o
[2/2] Linking C executable cmTC_a609e


File /Users/davidframpton/Documents/blockheads2/katipoBrowser/waraki/android/app/.cxx/Debug/1x4y7393/arm64-v8a/CMakeFiles/CMakeTmp/CheckSymbolExists.c:
/* */
#include <signal.h>

int main(int argc, char** argv)
{
  (void)argv;
#ifndef sigaction
  return ((int*)(&sigaction))[argc];
#else
  (void)argc;
  return 0;
#endif
}
Determining if the setjmp exist passed with the following output:
Change Dir: /Users/davidframpton/Documents/blockheads2/katipoBrowser/waraki/android/app/.cxx/Debug/1x4y7393/arm64-v8a/CMakeFiles/CMakeTmp

Run Build Command(s):/Users/davidframpton/Library/Android/sdk/cmake/3.22.1/bin/ninja cmTC_7def8 && [1/2] Building C object CMakeFiles/cmTC_7def8.dir/CheckSymbolExists.c.o
[2/2] Linking C executable cmTC_7def8


File /Users/davidframpton/Documents/blockheads2/katipoBrowser/waraki/android/app/.cxx/Debug/1x4y7393/arm64-v8a/CMakeFiles/CMakeTmp/CheckSymbolExists.c:
/* */
#include <setjmp.h>

int main(int argc, char** argv)
{
  (void)argv;
#ifndef setjmp
  return ((int*)(&setjmp))[argc];
#else
  (void)argc;
  return 0;
#endif
}
Determining if the nanosleep exist passed with the following output:
Change Dir: /Users/davidframpton/Documents/blockheads2/katipoBrowser/waraki/android/app/.cxx/Debug/1x4y7393/arm64-v8a/CMakeFiles/CMakeTmp

Run Build Command(s):/Users/davidframpton/Library/Android/sdk/cmake/3.22.1/bin/ninja cmTC_2eba4 && [1/2] Building C object CMakeFiles/cmTC_2eba4.dir/CheckSymbolExists.c.o
[2/2] Linking C executable cmTC_2eba4


File /Users/davidframpton/Documents/blockheads2/katipoBrowser/waraki/android/app/.cxx/Debug/1x4y7393/arm64-v8a/CMakeFiles/CMakeTmp/CheckSymbolExists.c:
/* */
#include <time.h>

int main(int argc, char** argv)
{
  (void)argv;
#ifndef nanosleep
  return ((int*)(&nanosleep))[argc];
#else
  (void)argc;
  return 0;
#endif
}
Determining if the gmtime_r exist passed with the following output:
Change Dir: /Users/davidframpton/Documents/blockheads2/katipoBrowser/waraki/android/app/.cxx/Debug/1x4y7393/arm64-v8a/CMakeFiles/CMakeTmp

Run Build Command(s):/Users/davidframpton/Library/Android/sdk/cmake/3.22.1/bin/ninja cmTC_a6f14 && [1/2] Building C object CMakeFiles/cmTC_a6f14.dir/CheckSymbolExists.c.o
[2/2] Linking C executable cmTC_a6f14


File /Users/davidframpton/Documents/blockheads2/katipoBrowser/waraki/android/app/.cxx/Debug/1x4y7393/arm64-v8a/CMakeFiles/CMakeTmp/CheckSymbolExists.c:
/* */
#include <time.h>

int main(int argc, char** argv)
{
  (void)argv;
#ifndef gmtime_r
  return ((int*)(&gmtime_r))[argc];
#else
  (void)argc;
  return 0;
#endif
}
Determining if the localtime_r exist passed with the following output:
Change Dir: /Users/davidframpton/Documents/blockheads2/katipoBrowser/waraki/android/app/.cxx/Debug/1x4y7393/arm64-v8a/CMakeFiles/CMakeTmp

Run Build Command(s):/Users/davidframpton/Library/Android/sdk/cmake/3.22.1/bin/ninja cmTC_d9788 && [1/2] Building C object CMakeFiles/cmTC_d9788.dir/CheckSymbolExists.c.o
[2/2] Linking C executable cmTC_d9788


File /Users/davidframpton/Documents/blockheads2/katipoBrowser/waraki/android/app/.cxx/Debug/1x4y7393/arm64-v8a/CMakeFiles/CMakeTmp/CheckSymbolExists.c:
/* */
#include <time.h>

int main(int argc, char** argv)
{
  (void)argv;
#ifndef localtime_r
  return ((int*)(&localtime_r))[argc];
#else
  (void)argc;
  return 0;
#endif
}
Determining if the sysconf exist passed with the following output:
Change Dir: /Users/davidframpton/Documents/blockheads2/katipoBrowser/waraki/android/app/.cxx/Debug/1x4y7393/arm64-v8a/CMakeFiles/CMakeTmp

Run Build Command(s):/Users/davidframpton/Library/Android/sdk/cmake/3.22.1/bin/ninja cmTC_86db5 && [1/2] Building C object CMakeFiles/cmTC_86db5.dir/CheckSymbolExists.c.o
[2/2] Linking C executable cmTC_86db5


File /Users/davidframpton/Documents/blockheads2/katipoBrowser/waraki/android/app/.cxx/Debug/1x4y7393/arm64-v8a/CMakeFiles/CMakeTmp/CheckSymbolExists.c:
/* */
#include <unistd.h>

int main(int argc, char** argv)
{
  (void)argv;
#ifndef sysconf
  return ((int*)(&sysconf))[argc];
#else
  (void)argc;
  return 0;
#endif
}
Determining if the getauxval exist passed with the following output:
Change Dir: /Users/davidframpton/Documents/blockheads2/katipoBrowser/waraki/android/app/.cxx/Debug/1x4y7393/arm64-v8a/CMakeFiles/CMakeTmp

Run Build Command(s):/Users/davidframpton/Library/Android/sdk/cmake/3.22.1/bin/ninja cmTC_3f14d && [1/2] Building C object CMakeFiles/cmTC_3f14d.dir/CheckSymbolExists.c.o
[2/2] Linking C executable cmTC_3f14d


File /Users/davidframpton/Documents/blockheads2/katipoBrowser/waraki/android/app/.cxx/Debug/1x4y7393/arm64-v8a/CMakeFiles/CMakeTmp/CheckSymbolExists.c:
/* */
#include <sys/auxv.h>

int main(int argc, char** argv)
{
  (void)argv;
#ifndef getauxval
  return ((int*)(&getauxval))[argc];
#else
  (void)argc;
  return 0;
#endif
}
Determining if the ppoll exist passed with the following output:
Change Dir: /Users/davidframpton/Documents/blockheads2/katipoBrowser/waraki/android/app/.cxx/Debug/1x4y7393/arm64-v8a/CMakeFiles/CMakeTmp

Run Build Command(s):/Users/davidframpton/Library/Android/sdk/cmake/3.22.1/bin/ninja cmTC_555b3 && [1/2] Building C object CMakeFiles/cmTC_555b3.dir/CheckSymbolExists.c.o
[2/2] Linking C executable cmTC_555b3


File /Users/davidframpton/Documents/blockheads2/katipoBrowser/waraki/android/app/.cxx/Debug/1x4y7393/arm64-v8a/CMakeFiles/CMakeTmp/CheckSymbolExists.c:
/* */
#include <poll.h>

int main(int argc, char** argv)
{
  (void)argv;
#ifndef ppoll
  return ((int*)(&ppoll))[argc];
#else
  (void)argc;
  return 0;
#endif
}
Determining if the posix_fallocate exist passed with the following output:
Change Dir: /Users/davidframpton/Documents/blockheads2/katipoBrowser/waraki/android/app/.cxx/Debug/1x4y7393/arm64-v8a/CMakeFiles/CMakeTmp

Run Build Command(s):/Users/davidframpton/Library/Android/sdk/cmake/3.22.1/bin/ninja cmTC_f2621 && [1/2] Building C object CMakeFiles/cmTC_f2621.dir/CheckSymbolExists.c.o
[2/2] Linking C executable cmTC_f2621


File /Users/davidframpton/Documents/blockheads2/katipoBrowser/waraki/android/app/.cxx/Debug/1x4y7393/arm64-v8a/CMakeFiles/CMakeTmp/CheckSymbolExists.c:
/* */
#include <fcntl.h>

int main(int argc, char** argv)
{
  (void)argv;
#ifndef posix_fallocate
  return ((int*)(&posix_fallocate))[argc];
#else
  (void)argc;
  return 0;
#endif
}
Performing C SOURCE FILE Test HAVE_SA_SIGACTION succeeded with the following output:
Change Dir: /Users/davidframpton/Documents/blockheads2/katipoBrowser/waraki/android/app/.cxx/Debug/1x4y7393/arm64-v8a/CMakeFiles/CMakeTmp

Run Build Command(s):/Users/davidframpton/Library/Android/sdk/cmake/3.22.1/bin/ninja cmTC_9c9fb && [1/2] Building C object CMakeFiles/cmTC_9c9fb.dir/src.c.o
[2/2] Linking C executable cmTC_9c9fb


Source file was:

#include <signal.h>

int main()
{
  (void)sizeof(((struct sigaction *)0)->sa_sigaction);
  return 0;
}

Performing C SOURCE FILE Test HAVE_ST_MTIM succeeded with the following output:
Change Dir: /Users/davidframpton/Documents/blockheads2/katipoBrowser/waraki/android/app/.cxx/Debug/1x4y7393/arm64-v8a/CMakeFiles/CMakeTmp

Run Build Command(s):/Users/davidframpton/Library/Android/sdk/cmake/3.22.1/bin/ninja cmTC_c5060 && [1/2] Building C object CMakeFiles/cmTC_c5060.dir/src.c.o
[2/2] Linking C executable cmTC_c5060


Source file was:

#include <sys/stat.h>

int main()
{
  (void)sizeof(((struct stat *)0)->st_mtim);
  return 0;
}

Determining if the dlopen exist passed with the following output:
Change Dir: /Users/davidframpton/Documents/blockheads2/katipoBrowser/waraki/android/app/.cxx/Debug/1x4y7393/arm64-v8a/CMakeFiles/CMakeTmp

Run Build Command(s):/Users/davidframpton/Library/Android/sdk/cmake/3.22.1/bin/ninja cmTC_da2f5 && [1/2] Building C object CMakeFiles/cmTC_da2f5.dir/CheckSymbolExists.c.o
[2/2] Linking C executable cmTC_da2f5


File /Users/davidframpton/Documents/blockheads2/katipoBrowser/waraki/android/app/.cxx/Debug/1x4y7393/arm64-v8a/CMakeFiles/CMakeTmp/CheckSymbolExists.c:
/* */
#include <dlfcn.h>

int main(int argc, char** argv)
{
  (void)argv;
#ifndef dlopen
  return ((int*)(&dlopen))[argc];
#else
  (void)argc;
  return 0;
#endif
}
Performing C SOURCE FILE Test HAVE_O_CLOEXEC succeeded with the following output:
Change Dir: /Users/davidframpton/Documents/blockheads2/katipoBrowser/waraki/android/app/.cxx/Debug/1x4y7393/arm64-v8a/CMakeFiles/CMakeTmp

Run Build Command(s):/Users/davidframpton/Library/Android/sdk/cmake/3.22.1/bin/ninja cmTC_1f95f && [1/2] Building C object CMakeFiles/cmTC_1f95f.dir/src.c.o
[2/2] Linking C executable cmTC_1f95f


Source file was:

    #include <fcntl.h>
    int flag = O_CLOEXEC;
    int main(int argc, char **argv) { return 0; }
Performing C SOURCE FILE Test VULKAN_PASSED_ANDROID_CHECKS succeeded with the following output:
Change Dir: /Users/davidframpton/Documents/blockheads2/katipoBrowser/waraki/android/app/.cxx/Debug/1x4y7393/arm64-v8a/CMakeFiles/CMakeTmp

Run Build Command(s):/Users/davidframpton/Library/Android/sdk/cmake/3.22.1/bin/ninja cmTC_def29 && [1/2] Building C object CMakeFiles/cmTC_def29.dir/src.c.o
[2/2] Linking C executable cmTC_def29


Source file was:

      #if defined(__ARM_ARCH) && __ARM_ARCH < 7
      #error Vulkan doesn't work on this configuration
      #endif
      int main(int argc, char **argv) { return 0; }
      
Performing C SOURCE FILE Test HAVE_PTHREADS succeeded with the following output:
Change Dir: /Users/davidframpton/Documents/blockheads2/katipoBrowser/waraki/android/app/.cxx/Debug/1x4y7393/arm64-v8a/CMakeFiles/CMakeTmp

Run Build Command(s):/Users/davidframpton/Library/Android/sdk/cmake/3.22.1/bin/ninja cmTC_9e167 && [1/2] Building C object CMakeFiles/cmTC_9e167.dir/src.c.o
[2/2] Linking C executable cmTC_9e167


Source file was:

        #include <pthread.h>
        int main(int argc, char** argv) {
          pthread_attr_t type;
          pthread_attr_init(&type);
          return 0;
        }
Performing C SOURCE FILE Test HAVE_RECURSIVE_MUTEXES succeeded with the following output:
Change Dir: /Users/davidframpton/Documents/blockheads2/katipoBrowser/waraki/android/app/.cxx/Debug/1x4y7393/arm64-v8a/CMakeFiles/CMakeTmp

Run Build Command(s):/Users/davidframpton/Library/Android/sdk/cmake/3.22.1/bin/ninja cmTC_f1937 && [1/2] Building C object CMakeFiles/cmTC_f1937.dir/src.c.o
[2/2] Linking C executable cmTC_f1937


Source file was:

        #include <pthread.h>
        int main(int argc, char **argv) {
          pthread_mutexattr_t attr;
          pthread_mutexattr_settype(&attr, PTHREAD_MUTEX_RECURSIVE);
          return 0;
        }
Performing C SOURCE FILE Test HAVE_PTHREADS_SEM succeeded with the following output:
Change Dir: /Users/davidframpton/Documents/blockheads2/katipoBrowser/waraki/android/app/.cxx/Debug/1x4y7393/arm64-v8a/CMakeFiles/CMakeTmp

Run Build Command(s):/Users/davidframpton/Library/Android/sdk/cmake/3.22.1/bin/ninja cmTC_c6c31 && [1/2] Building C object CMakeFiles/cmTC_c6c31.dir/src.c.o
[2/2] Linking C executable cmTC_c6c31


Source file was:
#include <pthread.h>
                                 #include <semaphore.h>
                                 int main(int argc, char **argv) { return 0; }
Performing C SOURCE FILE Test COMPILER_HAS_SEM_TIMEDWAIT succeeded with the following output:
Change Dir: /Users/davidframpton/Documents/blockheads2/katipoBrowser/waraki/android/app/.cxx/Debug/1x4y7393/arm64-v8a/CMakeFiles/CMakeTmp

Run Build Command(s):/Users/davidframpton/Library/Android/sdk/cmake/3.22.1/bin/ninja cmTC_c3281 && [1/2] Building C object CMakeFiles/cmTC_c3281.dir/src.c.o
/Users/davidframpton/Documents/blockheads2/katipoBrowser/waraki/android/app/.cxx/Debug/1x4y7393/arm64-v8a/CMakeFiles/CMakeTmp/src.c:5:33: warning: null passed to a callee that requires a non-null argument [-Wnonnull]
    5 |                   sem_timedwait(NULL, NULL);
      |                                 ^~~~
/Users/davidframpton/Library/Android/sdk/ndk/28.2.13676358/toolchains/llvm/prebuilt/darwin-x86_64/lib/clang/19/include/__stddef_null.h:26:14: note: expanded from macro 'NULL'
   26 | #define NULL ((void*)0)
      |              ^~~~~~~~~~
/Users/davidframpton/Documents/blockheads2/katipoBrowser/waraki/android/app/.cxx/Debug/1x4y7393/arm64-v8a/CMakeFiles/CMakeTmp/src.c:5:39: warning: null passed to a callee that requires a non-null argument [-Wnonnull]
    5 |                   sem_timedwait(NULL, NULL);
      |                                       ^~~~
/Users/davidframpton/Library/Android/sdk/ndk/28.2.13676358/toolchains/llvm/prebuilt/darwin-x86_64/lib/clang/19/include/__stddef_null.h:26:14: note: expanded from macro 'NULL'
   26 | #define NULL ((void*)0)
      |              ^~~~~~~~~~
2 warnings generated.
[2/2] Linking C executable cmTC_c3281


Source file was:

              #include <pthread.h>
              #include <semaphore.h>
              int main(int argc, char **argv) {
                  sem_timedwait(NULL, NULL);
                  return 0;
              }
Determining if the include file pthread.h exists passed with the following output:
Change Dir: /Users/davidframpton/Documents/blockheads2/katipoBrowser/waraki/android/app/.cxx/Debug/1x4y7393/arm64-v8a/CMakeFiles/CMakeTmp

Run Build Command(s):/Users/davidframpton/Library/Android/sdk/cmake/3.22.1/bin/ninja cmTC_7c05f && [1/2] Building C object CMakeFiles/cmTC_7c05f.dir/CheckIncludeFile.c.o
[2/2] Linking C executable cmTC_7c05f



Performing C SOURCE FILE Test HAVE_PTHREAD_SETNAME_NP succeeded with the following output:
Change Dir: /Users/davidframpton/Documents/blockheads2/katipoBrowser/waraki/android/app/.cxx/Debug/1x4y7393/arm64-v8a/CMakeFiles/CMakeTmp

Run Build Command(s):/Users/davidframpton/Library/Android/sdk/cmake/3.22.1/bin/ninja cmTC_9cbee && [1/2] Building C object CMakeFiles/cmTC_9cbee.dir/src.c.o
[2/2] Linking C executable cmTC_9cbee


Source file was:

            #include <pthread.h>
            int main(int argc, char **argv) {
              #ifdef __APPLE__
              pthread_setname_np("");
              #else
              pthread_setname_np(pthread_self(),"");
              #endif
              return 0;
            }
Performing C SOURCE FILE Test LINKER_SUPPORTS_VERSION_SCRIPT succeeded with the following output:
Change Dir: /Users/davidframpton/Documents/blockheads2/katipoBrowser/waraki/android/app/.cxx/Debug/1x4y7393/arm64-v8a/CMakeFiles/CMakeTmp

Run Build Command(s):/Users/davidframpton/Library/Android/sdk/cmake/3.22.1/bin/ninja cmTC_079ef && [1/2] Building C object CMakeFiles/cmTC_079ef.dir/src.c.o
[2/2] Linking C executable cmTC_079ef


Source file was:
int func(void) {return 0;} int main(int argc,char*argv[]){(void)argc;(void)argv;return func();}
Performing C SOURCE FILE Test HAVE_WL_NO_UNDEFINED succeeded with the following output:
Change Dir: /Users/davidframpton/Documents/blockheads2/katipoBrowser/waraki/android/app/.cxx/Debug/1x4y7393/arm64-v8a/CMakeFiles/CMakeTmp

Run Build Command(s):/Users/davidframpton/Library/Android/sdk/cmake/3.22.1/bin/ninja cmTC_ffa24 && [1/2] Building C object CMakeFiles/cmTC_ffa24.dir/src.c.o
[2/2] Linking C executable cmTC_ffa24


Source file was:
int main() { return 0; }
Determining if the include file pthread.h exists passed with the following output:
Change Dir: /Users/davidframpton/Documents/blockheads2/katipoBrowser/waraki/android/app/.cxx/Debug/1x4y7393/arm64-v8a/CMakeFiles/CMakeTmp

Run Build Command(s):/Users/davidframpton/Library/Android/sdk/cmake/3.22.1/bin/ninja cmTC_945ec && [1/2] Building C object CMakeFiles/cmTC_945ec.dir/CheckIncludeFile.c.o
[2/2] Linking C executable cmTC_945ec



