The target system is: Android - 1 - aarch64
The host system is: Darwin - 25.6.0 - arm64
Compiling the C compiler identification source file "CMakeCCompilerId.c" succeeded.
Compiler: /Users/davidframpton/Library/Android/sdk/ndk/28.2.13676358/toolchains/llvm/prebuilt/darwin-x86_64/bin/clang 
Build flags: -g;-DANDROID;-fdata-sections;-ffunction-sections;-funwind-tables;-fstack-protector-strong;-no-canonical-prefixes;-D_FORTIFY_SOURCE=2;-Wformat;-Werror=format-security;
Id flags: -c;--target=aarch64-none-linux-android24 

The output was:
0


Compilation of the C compiler identification source "CMakeCCompilerId.c" produced "CMakeCCompilerId.o"

The C compiler identification is Clang, found in "/Users/davidframpton/Documents/blockheads2/katipoBrowser/waraki/android/app/.cxx/Debug/6y6q4d60/arm64-v8a/CMakeFiles/3.22.1-g37088a8/CompilerIdC/CMakeCCompilerId.o"

Compiling the CXX compiler identification source file "CMakeCXXCompilerId.cpp" succeeded.
Compiler: /Users/davidframpton/Library/Android/sdk/ndk/28.2.13676358/toolchains/llvm/prebuilt/darwin-x86_64/bin/clang++ 
Build flags: -g;-DANDROID;-fdata-sections;-ffunction-sections;-funwind-tables;-fstack-protector-strong;-no-canonical-prefixes;-D_FORTIFY_SOURCE=2;-Wformat;-Werror=format-security;;
Id flags: -c;--target=aarch64-none-linux-android24 

The output was:
0


Compilation of the CXX compiler identification source "CMakeCXXCompilerId.cpp" produced "CMakeCXXCompilerId.o"

The CXX compiler identification is Clang, found in "/Users/davidframpton/Documents/blockheads2/katipoBrowser/waraki/android/app/.cxx/Debug/6y6q4d60/arm64-v8a/CMakeFiles/3.22.1-g37088a8/CompilerIdCXX/CMakeCXXCompilerId.o"

Detecting C compiler ABI info compiled with the following output:
Change Dir: /Users/davidframpton/Documents/blockheads2/katipoBrowser/waraki/android/app/.cxx/Debug/6y6q4d60/arm64-v8a/CMakeFiles/CMakeTmp

Run Build Command(s):/Users/davidframpton/Library/Android/sdk/cmake/3.22.1/bin/ninja cmTC_12a6a && [1/2] Building C object CMakeFiles/cmTC_12a6a.dir/CMakeCCompilerABI.c.o
Android (13624864, +pgo, -bolt, +lto, -mlgo, based on r530567e) clang version 19.0.1 (https://android.googlesource.com/toolchain/llvm-project 97a699bf4812a18fb657c2779f5296a4ab2694d2)
Target: aarch64-none-linux-android24
Thread model: posix
InstalledDir: /Users/davidframpton/Library/Android/sdk/ndk/28.2.13676358/toolchains/llvm/prebuilt/darwin-x86_64/bin
 (in-process)
 "/Users/davidframpton/Library/Android/sdk/ndk/28.2.13676358/toolchains/llvm/prebuilt/darwin-x86_64/bin/clang" -cc1 -triple aarch64-none-linux-android24 -emit-obj -mrelax-all -disable-free -clear-ast-before-backend -disable-llvm-verifier -discard-value-names -main-file-name CMakeCCompilerABI.c -mrelocation-model pic -pic-level 2 -pic-is-pie -mframe-pointer=non-leaf -ffp-contract=on -fno-rounding-math -mconstructor-aliases -funwind-tables=2 -target-cpu generic -target-feature +v8a -target-feature +fp-armv8 -target-feature +neon -target-feature +fix-cortex-a53-835769 -target-abi aapcs -debug-info-kind=constructor -dwarf-version=4 -debugger-tuning=gdb -fdebug-compilation-dir=/Users/davidframpton/Documents/blockheads2/katipoBrowser/waraki/android/app/.cxx/Debug/6y6q4d60/arm64-v8a/CMakeFiles/CMakeTmp -v -ffunction-sections -fdata-sections -fcoverage-compilation-dir=/Users/davidframpton/Documents/blockheads2/katipoBrowser/waraki/android/app/.cxx/Debug/6y6q4d60/arm64-v8a/CMakeFiles/CMakeTmp -resource-dir /Users/davidframpton/Library/Android/sdk/ndk/28.2.13676358/toolchains/llvm/prebuilt/darwin-x86_64/lib/clang/19 -dependency-file CMakeFiles/cmTC_12a6a.dir/CMakeCCompilerABI.c.o.d -MT CMakeFiles/cmTC_12a6a.dir/CMakeCCompilerABI.c.o -sys-header-deps -D ANDROID -D _FORTIFY_SOURCE=2 -isysroot /Users/davidframpton/Library/Android/sdk/ndk/28.2.13676358/toolchains/llvm/prebuilt/darwin-x86_64/sysroot -internal-isystem /Users/davidframpton/Library/Android/sdk/ndk/28.2.13676358/toolchains/llvm/prebuilt/darwin-x86_64/lib/clang/19/include -internal-isystem /Users/davidframpton/Library/Android/sdk/ndk/28.2.13676358/toolchains/llvm/prebuilt/darwin-x86_64/sysroot/usr/local/include -internal-externc-isystem /Users/davidframpton/Library/Android/sdk/ndk/28.2.13676358/toolchains/llvm/prebuilt/darwin-x86_64/sysroot/usr/include/aarch64-linux-android -internal-externc-isystem /Users/davidframpton/Library/Android/sdk/ndk/28.2.13676358/toolchains/llvm/prebuilt/darwin-x86_64/sysroot/include -internal-externc-isystem /Users/davidframpton/Library/Android/sdk/ndk/28.2.13676358/toolchains/llvm/prebuilt/darwin-x86_64/sysroot/usr/include -Wformat -ferror-limit 19 -femulated-tls -stack-protector 2 -fno-signed-char -fgnuc-version=4.2.1 -fskip-odr-check-in-gmf -target-feature +outline-atomics -D__GCC_HAVE_DWARF2_CFI_ASM=1 -o CMakeFiles/cmTC_12a6a.dir/CMakeCCompilerABI.c.o -x c /Users/davidframpton/Library/Android/sdk/cmake/3.22.1/share/cmake-3.22/Modules/CMakeCCompilerABI.c
clang -cc1 version 19.0.1 based upon LLVM 19.0.1 default target x86_64-apple-darwin25.6.0
ignoring nonexistent directory "/Users/davidframpton/Library/Android/sdk/ndk/28.2.13676358/toolchains/llvm/prebuilt/darwin-x86_64/sysroot/usr/local/include"
ignoring nonexistent directory "/Users/davidframpton/Library/Android/sdk/ndk/28.2.13676358/toolchains/llvm/prebuilt/darwin-x86_64/sysroot/include"
#include "..." search starts here:
#include <...> search starts here:
 /Users/davidframpton/Library/Android/sdk/ndk/28.2.13676358/toolchains/llvm/prebuilt/darwin-x86_64/lib/clang/19/include
 /Users/davidframpton/Library/Android/sdk/ndk/28.2.13676358/toolchains/llvm/prebuilt/darwin-x86_64/sysroot/usr/include/aarch64-linux-android
 /Users/davidframpton/Library/Android/sdk/ndk/28.2.13676358/toolchains/llvm/prebuilt/darwin-x86_64/sysroot/usr/include
End of search list.
[2/2] Linking C executable cmTC_12a6a
Android (13624864, +pgo, -bolt, +lto, -mlgo, based on r530567e) clang version 19.0.1 (https://android.googlesource.com/toolchain/llvm-project 97a699bf4812a18fb657c2779f5296a4ab2694d2)
Target: aarch64-none-linux-android24
Thread model: posix
InstalledDir: /Users/davidframpton/Library/Android/sdk/ndk/28.2.13676358/toolchains/llvm/prebuilt/darwin-x86_64/bin
 "/Users/davidframpton/Library/Android/sdk/ndk/28.2.13676358/toolchains/llvm/prebuilt/darwin-x86_64/bin/ld.lld" --sysroot=/Users/davidframpton/Library/Android/sdk/ndk/28.2.13676358/toolchains/llvm/prebuilt/darwin-x86_64/sysroot -EL --fix-cortex-a53-843419 -z now -z relro -z max-page-size=16384 --hash-style=gnu --eh-frame-hdr -m aarch64linux -pie -dynamic-linker /system/bin/linker64 -o cmTC_12a6a /Users/davidframpton/Library/Android/sdk/ndk/28.2.13676358/toolchains/llvm/prebuilt/darwin-x86_64/sysroot/usr/lib/aarch64-linux-android/24/crtbegin_dynamic.o -L/Users/davidframpton/Library/Android/sdk/ndk/28.2.13676358/toolchains/llvm/prebuilt/darwin-x86_64/lib/clang/19/lib/linux/aarch64 -L/Users/davidframpton/Library/Android/sdk/ndk/28.2.13676358/toolchains/llvm/prebuilt/darwin-x86_64/sysroot/usr/lib/aarch64-linux-android/24 -L/Users/davidframpton/Library/Android/sdk/ndk/28.2.13676358/toolchains/llvm/prebuilt/darwin-x86_64/sysroot/usr/lib/aarch64-linux-android -L/Users/davidframpton/Library/Android/sdk/ndk/28.2.13676358/toolchains/llvm/prebuilt/darwin-x86_64/sysroot/usr/lib --build-id=sha1 --no-rosegment --no-undefined-version --fatal-warnings --no-undefined CMakeFiles/cmTC_12a6a.dir/CMakeCCompilerABI.c.o /Users/davidframpton/Library/Android/sdk/ndk/28.2.13676358/toolchains/llvm/prebuilt/darwin-x86_64/lib/clang/19/lib/linux/libclang_rt.builtins-aarch64-android.a -l:libunwind.a -ldl -lc /Users/davidframpton/Library/Android/sdk/ndk/28.2.13676358/toolchains/llvm/prebuilt/darwin-x86_64/lib/clang/19/lib/linux/libclang_rt.builtins-aarch64-android.a -l:libunwind.a -ldl /Users/davidframpton/Library/Android/sdk/ndk/28.2.13676358/toolchains/llvm/prebuilt/darwin-x86_64/sysroot/usr/lib/aarch64-linux-android/24/crtend_android.o



Parsed C implicit include dir info from above output: rv=done
  found start of include info
  found start of implicit include info
    add: [/Users/davidframpton/Library/Android/sdk/ndk/28.2.13676358/toolchains/llvm/prebuilt/darwin-x86_64/lib/clang/19/include]
    add: [/Users/davidframpton/Library/Android/sdk/ndk/28.2.13676358/toolchains/llvm/prebuilt/darwin-x86_64/sysroot/usr/include/aarch64-linux-android]
    add: [/Users/davidframpton/Library/Android/sdk/ndk/28.2.13676358/toolchains/llvm/prebuilt/darwin-x86_64/sysroot/usr/include]
  end of search list found
  collapse include dir [/Users/davidframpton/Library/Android/sdk/ndk/28.2.13676358/toolchains/llvm/prebuilt/darwin-x86_64/lib/clang/19/include] ==> [/Users/davidframpton/Library/Android/sdk/ndk/28.2.13676358/toolchains/llvm/prebuilt/darwin-x86_64/lib/clang/19/include]
  collapse include dir [/Users/davidframpton/Library/Android/sdk/ndk/28.2.13676358/toolchains/llvm/prebuilt/darwin-x86_64/sysroot/usr/include/aarch64-linux-android] ==> [/Users/davidframpton/Library/Android/sdk/ndk/28.2.13676358/toolchains/llvm/prebuilt/darwin-x86_64/sysroot/usr/include/aarch64-linux-android]
  collapse include dir [/Users/davidframpton/Library/Android/sdk/ndk/28.2.13676358/toolchains/llvm/prebuilt/darwin-x86_64/sysroot/usr/include] ==> [/Users/davidframpton/Library/Android/sdk/ndk/28.2.13676358/toolchains/llvm/prebuilt/darwin-x86_64/sysroot/usr/include]
  implicit include dirs: [/Users/davidframpton/Library/Android/sdk/ndk/28.2.13676358/toolchains/llvm/prebuilt/darwin-x86_64/lib/clang/19/include;/Users/davidframpton/Library/Android/sdk/ndk/28.2.13676358/toolchains/llvm/prebuilt/darwin-x86_64/sysroot/usr/include/aarch64-linux-android;/Users/davidframpton/Library/Android/sdk/ndk/28.2.13676358/toolchains/llvm/prebuilt/darwin-x86_64/sysroot/usr/include]


Parsed C implicit link information from above output:
  link line regex: [^( *|.*[/\])(ld\.lld|CMAKE_LINK_STARTFILE-NOTFOUND|([^/\]+-)?ld|collect2)[^/\]*( |$)]
  ignore line: [Change Dir: /Users/davidframpton/Documents/blockheads2/katipoBrowser/waraki/android/app/.cxx/Debug/6y6q4d60/arm64-v8a/CMakeFiles/CMakeTmp]
  ignore line: []
  ignore line: [Run Build Command(s):/Users/davidframpton/Library/Android/sdk/cmake/3.22.1/bin/ninja cmTC_12a6a && [1/2] Building C object CMakeFiles/cmTC_12a6a.dir/CMakeCCompilerABI.c.o]
  ignore line: [Android (13624864  +pgo  -bolt  +lto  -mlgo  based on r530567e) clang version 19.0.1 (https://android.googlesource.com/toolchain/llvm-project 97a699bf4812a18fb657c2779f5296a4ab2694d2)]
  ignore line: [Target: aarch64-none-linux-android24]
  ignore line: [Thread model: posix]
  ignore line: [InstalledDir: /Users/davidframpton/Library/Android/sdk/ndk/28.2.13676358/toolchains/llvm/prebuilt/darwin-x86_64/bin]
  ignore line: [ (in-process)]
  ignore line: [ "/Users/davidframpton/Library/Android/sdk/ndk/28.2.13676358/toolchains/llvm/prebuilt/darwin-x86_64/bin/clang" -cc1 -triple aarch64-none-linux-android24 -emit-obj -mrelax-all -disable-free -clear-ast-before-backend -disable-llvm-verifier -discard-value-names -main-file-name CMakeCCompilerABI.c -mrelocation-model pic -pic-level 2 -pic-is-pie -mframe-pointer=non-leaf -ffp-contract=on -fno-rounding-math -mconstructor-aliases -funwind-tables=2 -target-cpu generic -target-feature +v8a -target-feature +fp-armv8 -target-feature +neon -target-feature +fix-cortex-a53-835769 -target-abi aapcs -debug-info-kind=constructor -dwarf-version=4 -debugger-tuning=gdb -fdebug-compilation-dir=/Users/davidframpton/Documents/blockheads2/katipoBrowser/waraki/android/app/.cxx/Debug/6y6q4d60/arm64-v8a/CMakeFiles/CMakeTmp -v -ffunction-sections -fdata-sections -fcoverage-compilation-dir=/Users/davidframpton/Documents/blockheads2/katipoBrowser/waraki/android/app/.cxx/Debug/6y6q4d60/arm64-v8a/CMakeFiles/CMakeTmp -resource-dir /Users/davidframpton/Library/Android/sdk/ndk/28.2.13676358/toolchains/llvm/prebuilt/darwin-x86_64/lib/clang/19 -dependency-file CMakeFiles/cmTC_12a6a.dir/CMakeCCompilerABI.c.o.d -MT CMakeFiles/cmTC_12a6a.dir/CMakeCCompilerABI.c.o -sys-header-deps -D ANDROID -D _FORTIFY_SOURCE=2 -isysroot /Users/davidframpton/Library/Android/sdk/ndk/28.2.13676358/toolchains/llvm/prebuilt/darwin-x86_64/sysroot -internal-isystem /Users/davidframpton/Library/Android/sdk/ndk/28.2.13676358/toolchains/llvm/prebuilt/darwin-x86_64/lib/clang/19/include -internal-isystem /Users/davidframpton/Library/Android/sdk/ndk/28.2.13676358/toolchains/llvm/prebuilt/darwin-x86_64/sysroot/usr/local/include -internal-externc-isystem /Users/davidframpton/Library/Android/sdk/ndk/28.2.13676358/toolchains/llvm/prebuilt/darwin-x86_64/sysroot/usr/include/aarch64-linux-android -internal-externc-isystem /Users/davidframpton/Library/Android/sdk/ndk/28.2.13676358/toolchains/llvm/prebuilt/darwin-x86_64/sysroot/include -internal-externc-isystem /Users/davidframpton/Library/Android/sdk/ndk/28.2.13676358/toolchains/llvm/prebuilt/darwin-x86_64/sysroot/usr/include -Wformat -ferror-limit 19 -femulated-tls -stack-protector 2 -fno-signed-char -fgnuc-version=4.2.1 -fskip-odr-check-in-gmf -target-feature +outline-atomics -D__GCC_HAVE_DWARF2_CFI_ASM=1 -o CMakeFiles/cmTC_12a6a.dir/CMakeCCompilerABI.c.o -x c /Users/davidframpton/Library/Android/sdk/cmake/3.22.1/share/cmake-3.22/Modules/CMakeCCompilerABI.c]
  ignore line: [clang -cc1 version 19.0.1 based upon LLVM 19.0.1 default target x86_64-apple-darwin25.6.0]
  ignore line: [ignoring nonexistent directory "/Users/davidframpton/Library/Android/sdk/ndk/28.2.13676358/toolchains/llvm/prebuilt/darwin-x86_64/sysroot/usr/local/include"]
  ignore line: [ignoring nonexistent directory "/Users/davidframpton/Library/Android/sdk/ndk/28.2.13676358/toolchains/llvm/prebuilt/darwin-x86_64/sysroot/include"]
  ignore line: [#include "..." search starts here:]
  ignore line: [#include <...> search starts here:]
  ignore line: [ /Users/davidframpton/Library/Android/sdk/ndk/28.2.13676358/toolchains/llvm/prebuilt/darwin-x86_64/lib/clang/19/include]
  ignore line: [ /Users/davidframpton/Library/Android/sdk/ndk/28.2.13676358/toolchains/llvm/prebuilt/darwin-x86_64/sysroot/usr/include/aarch64-linux-android]
  ignore line: [ /Users/davidframpton/Library/Android/sdk/ndk/28.2.13676358/toolchains/llvm/prebuilt/darwin-x86_64/sysroot/usr/include]
  ignore line: [End of search list.]
  ignore line: [[2/2] Linking C executable cmTC_12a6a]
  ignore line: [Android (13624864  +pgo  -bolt  +lto  -mlgo  based on r530567e) clang version 19.0.1 (https://android.googlesource.com/toolchain/llvm-project 97a699bf4812a18fb657c2779f5296a4ab2694d2)]
  ignore line: [Target: aarch64-none-linux-android24]
  ignore line: [Thread model: posix]
  ignore line: [InstalledDir: /Users/davidframpton/Library/Android/sdk/ndk/28.2.13676358/toolchains/llvm/prebuilt/darwin-x86_64/bin]
  link line: [ "/Users/davidframpton/Library/Android/sdk/ndk/28.2.13676358/toolchains/llvm/prebuilt/darwin-x86_64/bin/ld.lld" --sysroot=/Users/davidframpton/Library/Android/sdk/ndk/28.2.13676358/toolchains/llvm/prebuilt/darwin-x86_64/sysroot -EL --fix-cortex-a53-843419 -z now -z relro -z max-page-size=16384 --hash-style=gnu --eh-frame-hdr -m aarch64linux -pie -dynamic-linker /system/bin/linker64 -o cmTC_12a6a /Users/davidframpton/Library/Android/sdk/ndk/28.2.13676358/toolchains/llvm/prebuilt/darwin-x86_64/sysroot/usr/lib/aarch64-linux-android/24/crtbegin_dynamic.o -L/Users/davidframpton/Library/Android/sdk/ndk/28.2.13676358/toolchains/llvm/prebuilt/darwin-x86_64/lib/clang/19/lib/linux/aarch64 -L/Users/davidframpton/Library/Android/sdk/ndk/28.2.13676358/toolchains/llvm/prebuilt/darwin-x86_64/sysroot/usr/lib/aarch64-linux-android/24 -L/Users/davidframpton/Library/Android/sdk/ndk/28.2.13676358/toolchains/llvm/prebuilt/darwin-x86_64/sysroot/usr/lib/aarch64-linux-android -L/Users/davidframpton/Library/Android/sdk/ndk/28.2.13676358/toolchains/llvm/prebuilt/darwin-x86_64/sysroot/usr/lib --build-id=sha1 --no-rosegment --no-undefined-version --fatal-warnings --no-undefined CMakeFiles/cmTC_12a6a.dir/CMakeCCompilerABI.c.o /Users/davidframpton/Library/Android/sdk/ndk/28.2.13676358/toolchains/llvm/prebuilt/darwin-x86_64/lib/clang/19/lib/linux/libclang_rt.builtins-aarch64-android.a -l:libunwind.a -ldl -lc /Users/davidframpton/Library/Android/sdk/ndk/28.2.13676358/toolchains/llvm/prebuilt/darwin-x86_64/lib/clang/19/lib/linux/libclang_rt.builtins-aarch64-android.a -l:libunwind.a -ldl /Users/davidframpton/Library/Android/sdk/ndk/28.2.13676358/toolchains/llvm/prebuilt/darwin-x86_64/sysroot/usr/lib/aarch64-linux-android/24/crtend_android.o]
    arg [/Users/davidframpton/Library/Android/sdk/ndk/28.2.13676358/toolchains/llvm/prebuilt/darwin-x86_64/bin/ld.lld] ==> ignore
    arg [--sysroot=/Users/davidframpton/Library/Android/sdk/ndk/28.2.13676358/toolchains/llvm/prebuilt/darwin-x86_64/sysroot] ==> ignore
    arg [-EL] ==> ignore
    arg [--fix-cortex-a53-843419] ==> ignore
    arg [-znow] ==> ignore
    arg [-zrelro] ==> ignore
    arg [-zmax-page-size=16384] ==> ignore
    arg [--hash-style=gnu] ==> ignore
    arg [--eh-frame-hdr] ==> ignore
    arg [-m] ==> ignore
    arg [aarch64linux] ==> ignore
    arg [-pie] ==> ignore
    arg [-dynamic-linker] ==> ignore
    arg [/system/bin/linker64] ==> ignore
    arg [-o] ==> ignore
    arg [cmTC_12a6a] ==> ignore
    arg [/Users/davidframpton/Library/Android/sdk/ndk/28.2.13676358/toolchains/llvm/prebuilt/darwin-x86_64/sysroot/usr/lib/aarch64-linux-android/24/crtbegin_dynamic.o] ==> obj [/Users/davidframpton/Library/Android/sdk/ndk/28.2.13676358/toolchains/llvm/prebuilt/darwin-x86_64/sysroot/usr/lib/aarch64-linux-android/24/crtbegin_dynamic.o]
    arg [-L/Users/davidframpton/Library/Android/sdk/ndk/28.2.13676358/toolchains/llvm/prebuilt/darwin-x86_64/lib/clang/19/lib/linux/aarch64] ==> dir [/Users/davidframpton/Library/Android/sdk/ndk/28.2.13676358/toolchains/llvm/prebuilt/darwin-x86_64/lib/clang/19/lib/linux/aarch64]
    arg [-L/Users/davidframpton/Library/Android/sdk/ndk/28.2.13676358/toolchains/llvm/prebuilt/darwin-x86_64/sysroot/usr/lib/aarch64-linux-android/24] ==> dir [/Users/davidframpton/Library/Android/sdk/ndk/28.2.13676358/toolchains/llvm/prebuilt/darwin-x86_64/sysroot/usr/lib/aarch64-linux-android/24]
    arg [-L/Users/davidframpton/Library/Android/sdk/ndk/28.2.13676358/toolchains/llvm/prebuilt/darwin-x86_64/sysroot/usr/lib/aarch64-linux-android] ==> dir [/Users/davidframpton/Library/Android/sdk/ndk/28.2.13676358/toolchains/llvm/prebuilt/darwin-x86_64/sysroot/usr/lib/aarch64-linux-android]
    arg [-L/Users/davidframpton/Library/Android/sdk/ndk/28.2.13676358/toolchains/llvm/prebuilt/darwin-x86_64/sysroot/usr/lib] ==> dir [/Users/davidframpton/Library/Android/sdk/ndk/28.2.13676358/toolchains/llvm/prebuilt/darwin-x86_64/sysroot/usr/lib]
    arg [--build-id=sha1] ==> ignore
    arg [--no-rosegment] ==> ignore
    arg [--no-undefined-version] ==> ignore
    arg [--fatal-warnings] ==> ignore
    arg [--no-undefined] ==> ignore
    arg [CMakeFiles/cmTC_12a6a.dir/CMakeCCompilerABI.c.o] ==> ignore
    arg [/Users/davidframpton/Library/Android/sdk/ndk/28.2.13676358/toolchains/llvm/prebuilt/darwin-x86_64/lib/clang/19/lib/linux/libclang_rt.builtins-aarch64-android.a] ==> lib [/Users/davidframpton/Library/Android/sdk/ndk/28.2.13676358/toolchains/llvm/prebuilt/darwin-x86_64/lib/clang/19/lib/linux/libclang_rt.builtins-aarch64-android.a]
    arg [-l:libunwind.a] ==> lib [-l:libunwind.a]
    arg [-ldl] ==> lib [dl]
    arg [-lc] ==> lib [c]
    arg [/Users/davidframpton/Library/Android/sdk/ndk/28.2.13676358/toolchains/llvm/prebuilt/darwin-x86_64/lib/clang/19/lib/linux/libclang_rt.builtins-aarch64-android.a] ==> lib [/Users/davidframpton/Library/Android/sdk/ndk/28.2.13676358/toolchains/llvm/prebuilt/darwin-x86_64/lib/clang/19/lib/linux/libclang_rt.builtins-aarch64-android.a]
    arg [-l:libunwind.a] ==> lib [-l:libunwind.a]
    arg [-ldl] ==> lib [dl]
    arg [/Users/davidframpton/Library/Android/sdk/ndk/28.2.13676358/toolchains/llvm/prebuilt/darwin-x86_64/sysroot/usr/lib/aarch64-linux-android/24/crtend_android.o] ==> obj [/Users/davidframpton/Library/Android/sdk/ndk/28.2.13676358/toolchains/llvm/prebuilt/darwin-x86_64/sysroot/usr/lib/aarch64-linux-android/24/crtend_android.o]
  remove lib [/Users/davidframpton/Library/Android/sdk/ndk/28.2.13676358/toolchains/llvm/prebuilt/darwin-x86_64/lib/clang/19/lib/linux/libclang_rt.builtins-aarch64-android.a]
  remove lib [/Users/davidframpton/Library/Android/sdk/ndk/28.2.13676358/toolchains/llvm/prebuilt/darwin-x86_64/lib/clang/19/lib/linux/libclang_rt.builtins-aarch64-android.a]
  collapse library dir [/Users/davidframpton/Library/Android/sdk/ndk/28.2.13676358/toolchains/llvm/prebuilt/darwin-x86_64/lib/clang/19/lib/linux/aarch64] ==> [/Users/davidframpton/Library/Android/sdk/ndk/28.2.13676358/toolchains/llvm/prebuilt/darwin-x86_64/lib/clang/19/lib/linux/aarch64]
  collapse library dir [/Users/davidframpton/Library/Android/sdk/ndk/28.2.13676358/toolchains/llvm/prebuilt/darwin-x86_64/sysroot/usr/lib/aarch64-linux-android/24] ==> [/Users/davidframpton/Library/Android/sdk/ndk/28.2.13676358/toolchains/llvm/prebuilt/darwin-x86_64/sysroot/usr/lib/aarch64-linux-android/24]
  collapse library dir [/Users/davidframpton/Library/Android/sdk/ndk/28.2.13676358/toolchains/llvm/prebuilt/darwin-x86_64/sysroot/usr/lib/aarch64-linux-android] ==> [/Users/davidframpton/Library/Android/sdk/ndk/28.2.13676358/toolchains/llvm/prebuilt/darwin-x86_64/sysroot/usr/lib/aarch64-linux-android]
  collapse library dir [/Users/davidframpton/Library/Android/sdk/ndk/28.2.13676358/toolchains/llvm/prebuilt/darwin-x86_64/sysroot/usr/lib] ==> [/Users/davidframpton/Library/Android/sdk/ndk/28.2.13676358/toolchains/llvm/prebuilt/darwin-x86_64/sysroot/usr/lib]
  implicit libs: [-l:libunwind.a;dl;c;-l:libunwind.a;dl]
  implicit objs: [/Users/davidframpton/Library/Android/sdk/ndk/28.2.13676358/toolchains/llvm/prebuilt/darwin-x86_64/sysroot/usr/lib/aarch64-linux-android/24/crtbegin_dynamic.o;/Users/davidframpton/Library/Android/sdk/ndk/28.2.13676358/toolchains/llvm/prebuilt/darwin-x86_64/sysroot/usr/lib/aarch64-linux-android/24/crtend_android.o]
  implicit dirs: [/Users/davidframpton/Library/Android/sdk/ndk/28.2.13676358/toolchains/llvm/prebuilt/darwin-x86_64/lib/clang/19/lib/linux/aarch64;/Users/davidframpton/Library/Android/sdk/ndk/28.2.13676358/toolchains/llvm/prebuilt/darwin-x86_64/sysroot/usr/lib/aarch64-linux-android/24;/Users/davidframpton/Library/Android/sdk/ndk/28.2.13676358/toolchains/llvm/prebuilt/darwin-x86_64/sysroot/usr/lib/aarch64-linux-android;/Users/davidframpton/Library/Android/sdk/ndk/28.2.13676358/toolchains/llvm/prebuilt/darwin-x86_64/sysroot/usr/lib]
  implicit fwks: []


Detecting CXX compiler ABI info compiled with the following output:
Change Dir: /Users/davidframpton/Documents/blockheads2/katipoBrowser/waraki/android/app/.cxx/Debug/6y6q4d60/arm64-v8a/CMakeFiles/CMakeTmp

Run Build Command(s):/Users/davidframpton/Library/Android/sdk/cmake/3.22.1/bin/ninja cmTC_b24b7 && [1/2] Building CXX object CMakeFiles/cmTC_b24b7.dir/CMakeCXXCompilerABI.cpp.o
Android (13624864, +pgo, -bolt, +lto, -mlgo, based on r530567e) clang version 19.0.1 (https://android.googlesource.com/toolchain/llvm-project 97a699bf4812a18fb657c2779f5296a4ab2694d2)
Target: aarch64-none-linux-android24
Thread model: posix
InstalledDir: /Users/davidframpton/Library/Android/sdk/ndk/28.2.13676358/toolchains/llvm/prebuilt/darwin-x86_64/bin
 (in-process)
 "/Users/davidframpton/Library/Android/sdk/ndk/28.2.13676358/toolchains/llvm/prebuilt/darwin-x86_64/bin/clang++" -cc1 -triple aarch64-none-linux-android24 -emit-obj -mrelax-all -disable-free -clear-ast-before-backend -disable-llvm-verifier -discard-value-names -main-file-name CMakeCXXCompilerABI.cpp -mrelocation-model pic -pic-level 2 -pic-is-pie -mframe-pointer=non-leaf -ffp-contract=on -fno-rounding-math -mconstructor-aliases -funwind-tables=2 -target-cpu generic -target-feature +v8a -target-feature +fp-armv8 -target-feature +neon -target-feature +fix-cortex-a53-835769 -target-abi aapcs -debug-info-kind=constructor -dwarf-version=4 -debugger-tuning=gdb -fdebug-compilation-dir=/Users/davidframpton/Documents/blockheads2/katipoBrowser/waraki/android/app/.cxx/Debug/6y6q4d60/arm64-v8a/CMakeFiles/CMakeTmp -v -ffunction-sections -fdata-sections -fcoverage-compilation-dir=/Users/davidframpton/Documents/blockheads2/katipoBrowser/waraki/android/app/.cxx/Debug/6y6q4d60/arm64-v8a/CMakeFiles/CMakeTmp -resource-dir /Users/davidframpton/Library/Android/sdk/ndk/28.2.13676358/toolchains/llvm/prebuilt/darwin-x86_64/lib/clang/19 -dependency-file CMakeFiles/cmTC_b24b7.dir/CMakeCXXCompilerABI.cpp.o.d -MT CMakeFiles/cmTC_b24b7.dir/CMakeCXXCompilerABI.cpp.o -sys-header-deps -D ANDROID -D _FORTIFY_SOURCE=2 -isysroot /Users/davidframpton/Library/Android/sdk/ndk/28.2.13676358/toolchains/llvm/prebuilt/darwin-x86_64/sysroot -internal-isystem /Users/davidframpton/Library/Android/sdk/ndk/28.2.13676358/toolchains/llvm/prebuilt/darwin-x86_64/sysroot/usr/include/c++/v1 -internal-isystem /Users/davidframpton/Library/Android/sdk/ndk/28.2.13676358/toolchains/llvm/prebuilt/darwin-x86_64/lib/clang/19/include -internal-isystem /Users/davidframpton/Library/Android/sdk/ndk/28.2.13676358/toolchains/llvm/prebuilt/darwin-x86_64/sysroot/usr/local/include -internal-externc-isystem /Users/davidframpton/Library/Android/sdk/ndk/28.2.13676358/toolchains/llvm/prebuilt/darwin-x86_64/sysroot/usr/include/aarch64-linux-android -internal-externc-isystem /Users/davidframpton/Library/Android/sdk/ndk/28.2.13676358/toolchains/llvm/prebuilt/darwin-x86_64/sysroot/include -internal-externc-isystem /Users/davidframpton/Library/Android/sdk/ndk/28.2.13676358/toolchains/llvm/prebuilt/darwin-x86_64/sysroot/usr/include -Wformat -fdeprecated-macro -ferror-limit 19 -femulated-tls -stack-protector 2 -fno-signed-char -fgnuc-version=4.2.1 -fskip-odr-check-in-gmf -fcxx-exceptions -fexceptions -target-feature +outline-atomics -D__GCC_HAVE_DWARF2_CFI_ASM=1 -o CMakeFiles/cmTC_b24b7.dir/CMakeCXXCompilerABI.cpp.o -x c++ /Users/davidframpton/Library/Android/sdk/cmake/3.22.1/share/cmake-3.22/Modules/CMakeCXXCompilerABI.cpp
clang -cc1 version 19.0.1 based upon LLVM 19.0.1 default target x86_64-apple-darwin25.6.0
ignoring nonexistent directory "/Users/davidframpton/Library/Android/sdk/ndk/28.2.13676358/toolchains/llvm/prebuilt/darwin-x86_64/sysroot/usr/local/include"
ignoring nonexistent directory "/Users/davidframpton/Library/Android/sdk/ndk/28.2.13676358/toolchains/llvm/prebuilt/darwin-x86_64/sysroot/include"
#include "..." search starts here:
#include <...> search starts here:
 /Users/davidframpton/Library/Android/sdk/ndk/28.2.13676358/toolchains/llvm/prebuilt/darwin-x86_64/sysroot/usr/include/c++/v1
 /Users/davidframpton/Library/Android/sdk/ndk/28.2.13676358/toolchains/llvm/prebuilt/darwin-x86_64/lib/clang/19/include
 /Users/davidframpton/Library/Android/sdk/ndk/28.2.13676358/toolchains/llvm/prebuilt/darwin-x86_64/sysroot/usr/include/aarch64-linux-android
 /Users/davidframpton/Library/Android/sdk/ndk/28.2.13676358/toolchains/llvm/prebuilt/darwin-x86_64/sysroot/usr/include
End of search list.
[2/2] Linking CXX executable cmTC_b24b7
Android (13624864, +pgo, -bolt, +lto, -mlgo, based on r530567e) clang version 19.0.1 (https://android.googlesource.com/toolchain/llvm-project 97a699bf4812a18fb657c2779f5296a4ab2694d2)
Target: aarch64-none-linux-android24
Thread model: posix
InstalledDir: /Users/davidframpton/Library/Android/sdk/ndk/28.2.13676358/toolchains/llvm/prebuilt/darwin-x86_64/bin
 "/Users/davidframpton/Library/Android/sdk/ndk/28.2.13676358/toolchains/llvm/prebuilt/darwin-x86_64/bin/ld.lld" --sysroot=/Users/davidframpton/Library/Android/sdk/ndk/28.2.13676358/toolchains/llvm/prebuilt/darwin-x86_64/sysroot -EL --fix-cortex-a53-843419 -z now -z relro -z max-page-size=16384 --hash-style=gnu --eh-frame-hdr -m aarch64linux -pie -dynamic-linker /system/bin/linker64 -o cmTC_b24b7 /Users/davidframpton/Library/Android/sdk/ndk/28.2.13676358/toolchains/llvm/prebuilt/darwin-x86_64/sysroot/usr/lib/aarch64-linux-android/24/crtbegin_dynamic.o -L/Users/davidframpton/Library/Android/sdk/ndk/28.2.13676358/toolchains/llvm/prebuilt/darwin-x86_64/lib/clang/19/lib/linux/aarch64 -L/Users/davidframpton/Library/Android/sdk/ndk/28.2.13676358/toolchains/llvm/prebuilt/darwin-x86_64/sysroot/usr/lib/aarch64-linux-android/24 -L/Users/davidframpton/Library/Android/sdk/ndk/28.2.13676358/toolchains/llvm/prebuilt/darwin-x86_64/sysroot/usr/lib/aarch64-linux-android -L/Users/davidframpton/Library/Android/sdk/ndk/28.2.13676358/toolchains/llvm/prebuilt/darwin-x86_64/sysroot/usr/lib --build-id=sha1 --no-rosegment --no-undefined-version --fatal-warnings --no-undefined CMakeFiles/cmTC_b24b7.dir/CMakeCXXCompilerABI.cpp.o -Bstatic -lc++ -Bdynamic -lm /Users/davidframpton/Library/Android/sdk/ndk/28.2.13676358/toolchains/llvm/prebuilt/darwin-x86_64/lib/clang/19/lib/linux/libclang_rt.builtins-aarch64-android.a -l:libunwind.a -ldl -lc /Users/davidframpton/Library/Android/sdk/ndk/28.2.13676358/toolchains/llvm/prebuilt/darwin-x86_64/lib/clang/19/lib/linux/libclang_rt.builtins-aarch64-android.a -l:libunwind.a -ldl /Users/davidframpton/Library/Android/sdk/ndk/28.2.13676358/toolchains/llvm/prebuilt/darwin-x86_64/sysroot/usr/lib/aarch64-linux-android/24/crtend_android.o



Parsed CXX implicit include dir info from above output: rv=done
  found start of include info
  found start of implicit include info
    add: [/Users/davidframpton/Library/Android/sdk/ndk/28.2.13676358/toolchains/llvm/prebuilt/darwin-x86_64/sysroot/usr/include/c++/v1]
    add: [/Users/davidframpton/Library/Android/sdk/ndk/28.2.13676358/toolchains/llvm/prebuilt/darwin-x86_64/lib/clang/19/include]
    add: [/Users/davidframpton/Library/Android/sdk/ndk/28.2.13676358/toolchains/llvm/prebuilt/darwin-x86_64/sysroot/usr/include/aarch64-linux-android]
    add: [/Users/davidframpton/Library/Android/sdk/ndk/28.2.13676358/toolchains/llvm/prebuilt/darwin-x86_64/sysroot/usr/include]
  end of search list found
  collapse include dir [/Users/davidframpton/Library/Android/sdk/ndk/28.2.13676358/toolchains/llvm/prebuilt/darwin-x86_64/sysroot/usr/include/c++/v1] ==> [/Users/davidframpton/Library/Android/sdk/ndk/28.2.13676358/toolchains/llvm/prebuilt/darwin-x86_64/sysroot/usr/include/c++/v1]
  collapse include dir [/Users/davidframpton/Library/Android/sdk/ndk/28.2.13676358/toolchains/llvm/prebuilt/darwin-x86_64/lib/clang/19/include] ==> [/Users/davidframpton/Library/Android/sdk/ndk/28.2.13676358/toolchains/llvm/prebuilt/darwin-x86_64/lib/clang/19/include]
  collapse include dir [/Users/davidframpton/Library/Android/sdk/ndk/28.2.13676358/toolchains/llvm/prebuilt/darwin-x86_64/sysroot/usr/include/aarch64-linux-android] ==> [/Users/davidframpton/Library/Android/sdk/ndk/28.2.13676358/toolchains/llvm/prebuilt/darwin-x86_64/sysroot/usr/include/aarch64-linux-android]
  collapse include dir [/Users/davidframpton/Library/Android/sdk/ndk/28.2.13676358/toolchains/llvm/prebuilt/darwin-x86_64/sysroot/usr/include] ==> [/Users/davidframpton/Library/Android/sdk/ndk/28.2.13676358/toolchains/llvm/prebuilt/darwin-x86_64/sysroot/usr/include]
  implicit include dirs: [/Users/davidframpton/Library/Android/sdk/ndk/28.2.13676358/toolchains/llvm/prebuilt/darwin-x86_64/sysroot/usr/include/c++/v1;/Users/davidframpton/Library/Android/sdk/ndk/28.2.13676358/toolchains/llvm/prebuilt/darwin-x86_64/lib/clang/19/include;/Users/davidframpton/Library/Android/sdk/ndk/28.2.13676358/toolchains/llvm/prebuilt/darwin-x86_64/sysroot/usr/include/aarch64-linux-android;/Users/davidframpton/Library/Android/sdk/ndk/28.2.13676358/toolchains/llvm/prebuilt/darwin-x86_64/sysroot/usr/include]


Parsed CXX implicit link information from above output:
  link line regex: [^( *|.*[/\])(ld\.lld|CMAKE_LINK_STARTFILE-NOTFOUND|([^/\]+-)?ld|collect2)[^/\]*( |$)]
  ignore line: [Change Dir: /Users/davidframpton/Documents/blockheads2/katipoBrowser/waraki/android/app/.cxx/Debug/6y6q4d60/arm64-v8a/CMakeFiles/CMakeTmp]
  ignore line: []
  ignore line: [Run Build Command(s):/Users/davidframpton/Library/Android/sdk/cmake/3.22.1/bin/ninja cmTC_b24b7 && [1/2] Building CXX object CMakeFiles/cmTC_b24b7.dir/CMakeCXXCompilerABI.cpp.o]
  ignore line: [Android (13624864  +pgo  -bolt  +lto  -mlgo  based on r530567e) clang version 19.0.1 (https://android.googlesource.com/toolchain/llvm-project 97a699bf4812a18fb657c2779f5296a4ab2694d2)]
  ignore line: [Target: aarch64-none-linux-android24]
  ignore line: [Thread model: posix]
  ignore line: [InstalledDir: /Users/davidframpton/Library/Android/sdk/ndk/28.2.13676358/toolchains/llvm/prebuilt/darwin-x86_64/bin]
  ignore line: [ (in-process)]
  ignore line: [ "/Users/davidframpton/Library/Android/sdk/ndk/28.2.13676358/toolchains/llvm/prebuilt/darwin-x86_64/bin/clang++" -cc1 -triple aarch64-none-linux-android24 -emit-obj -mrelax-all -disable-free -clear-ast-before-backend -disable-llvm-verifier -discard-value-names -main-file-name CMakeCXXCompilerABI.cpp -mrelocation-model pic -pic-level 2 -pic-is-pie -mframe-pointer=non-leaf -ffp-contract=on -fno-rounding-math -mconstructor-aliases -funwind-tables=2 -target-cpu generic -target-feature +v8a -target-feature +fp-armv8 -target-feature +neon -target-feature +fix-cortex-a53-835769 -target-abi aapcs -debug-info-kind=constructor -dwarf-version=4 -debugger-tuning=gdb -fdebug-compilation-dir=/Users/davidframpton/Documents/blockheads2/katipoBrowser/waraki/android/app/.cxx/Debug/6y6q4d60/arm64-v8a/CMakeFiles/CMakeTmp -v -ffunction-sections -fdata-sections -fcoverage-compilation-dir=/Users/davidframpton/Documents/blockheads2/katipoBrowser/waraki/android/app/.cxx/Debug/6y6q4d60/arm64-v8a/CMakeFiles/CMakeTmp -resource-dir /Users/davidframpton/Library/Android/sdk/ndk/28.2.13676358/toolchains/llvm/prebuilt/darwin-x86_64/lib/clang/19 -dependency-file CMakeFiles/cmTC_b24b7.dir/CMakeCXXCompilerABI.cpp.o.d -MT CMakeFiles/cmTC_b24b7.dir/CMakeCXXCompilerABI.cpp.o -sys-header-deps -D ANDROID -D _FORTIFY_SOURCE=2 -isysroot /Users/davidframpton/Library/Android/sdk/ndk/28.2.13676358/toolchains/llvm/prebuilt/darwin-x86_64/sysroot -internal-isystem /Users/davidframpton/Library/Android/sdk/ndk/28.2.13676358/toolchains/llvm/prebuilt/darwin-x86_64/sysroot/usr/include/c++/v1 -internal-isystem /Users/davidframpton/Library/Android/sdk/ndk/28.2.13676358/toolchains/llvm/prebuilt/darwin-x86_64/lib/clang/19/include -internal-isystem /Users/davidframpton/Library/Android/sdk/ndk/28.2.13676358/toolchains/llvm/prebuilt/darwin-x86_64/sysroot/usr/local/include -internal-externc-isystem /Users/davidframpton/Library/Android/sdk/ndk/28.2.13676358/toolchains/llvm/prebuilt/darwin-x86_64/sysroot/usr/include/aarch64-linux-android -internal-externc-isystem /Users/davidframpton/Library/Android/sdk/ndk/28.2.13676358/toolchains/llvm/prebuilt/darwin-x86_64/sysroot/include -internal-externc-isystem /Users/davidframpton/Library/Android/sdk/ndk/28.2.13676358/toolchains/llvm/prebuilt/darwin-x86_64/sysroot/usr/include -Wformat -fdeprecated-macro -ferror-limit 19 -femulated-tls -stack-protector 2 -fno-signed-char -fgnuc-version=4.2.1 -fskip-odr-check-in-gmf -fcxx-exceptions -fexceptions -target-feature +outline-atomics -D__GCC_HAVE_DWARF2_CFI_ASM=1 -o CMakeFiles/cmTC_b24b7.dir/CMakeCXXCompilerABI.cpp.o -x c++ /Users/davidframpton/Library/Android/sdk/cmake/3.22.1/share/cmake-3.22/Modules/CMakeCXXCompilerABI.cpp]
  ignore line: [clang -cc1 version 19.0.1 based upon LLVM 19.0.1 default target x86_64-apple-darwin25.6.0]
  ignore line: [ignoring nonexistent directory "/Users/davidframpton/Library/Android/sdk/ndk/28.2.13676358/toolchains/llvm/prebuilt/darwin-x86_64/sysroot/usr/local/include"]
  ignore line: [ignoring nonexistent directory "/Users/davidframpton/Library/Android/sdk/ndk/28.2.13676358/toolchains/llvm/prebuilt/darwin-x86_64/sysroot/include"]
  ignore line: [#include "..." search starts here:]
  ignore line: [#include <...> search starts here:]
  ignore line: [ /Users/davidframpton/Library/Android/sdk/ndk/28.2.13676358/toolchains/llvm/prebuilt/darwin-x86_64/sysroot/usr/include/c++/v1]
  ignore line: [ /Users/davidframpton/Library/Android/sdk/ndk/28.2.13676358/toolchains/llvm/prebuilt/darwin-x86_64/lib/clang/19/include]
  ignore line: [ /Users/davidframpton/Library/Android/sdk/ndk/28.2.13676358/toolchains/llvm/prebuilt/darwin-x86_64/sysroot/usr/include/aarch64-linux-android]
  ignore line: [ /Users/davidframpton/Library/Android/sdk/ndk/28.2.13676358/toolchains/llvm/prebuilt/darwin-x86_64/sysroot/usr/include]
  ignore line: [End of search list.]
  ignore line: [[2/2] Linking CXX executable cmTC_b24b7]
  ignore line: [Android (13624864  +pgo  -bolt  +lto  -mlgo  based on r530567e) clang version 19.0.1 (https://android.googlesource.com/toolchain/llvm-project 97a699bf4812a18fb657c2779f5296a4ab2694d2)]
  ignore line: [Target: aarch64-none-linux-android24]
  ignore line: [Thread model: posix]
  ignore line: [InstalledDir: /Users/davidframpton/Library/Android/sdk/ndk/28.2.13676358/toolchains/llvm/prebuilt/darwin-x86_64/bin]
  link line: [ "/Users/davidframpton/Library/Android/sdk/ndk/28.2.13676358/toolchains/llvm/prebuilt/darwin-x86_64/bin/ld.lld" --sysroot=/Users/davidframpton/Library/Android/sdk/ndk/28.2.13676358/toolchains/llvm/prebuilt/darwin-x86_64/sysroot -EL --fix-cortex-a53-843419 -z now -z relro -z max-page-size=16384 --hash-style=gnu --eh-frame-hdr -m aarch64linux -pie -dynamic-linker /system/bin/linker64 -o cmTC_b24b7 /Users/davidframpton/Library/Android/sdk/ndk/28.2.13676358/toolchains/llvm/prebuilt/darwin-x86_64/sysroot/usr/lib/aarch64-linux-android/24/crtbegin_dynamic.o -L/Users/davidframpton/Library/Android/sdk/ndk/28.2.13676358/toolchains/llvm/prebuilt/darwin-x86_64/lib/clang/19/lib/linux/aarch64 -L/Users/davidframpton/Library/Android/sdk/ndk/28.2.13676358/toolchains/llvm/prebuilt/darwin-x86_64/sysroot/usr/lib/aarch64-linux-android/24 -L/Users/davidframpton/Library/Android/sdk/ndk/28.2.13676358/toolchains/llvm/prebuilt/darwin-x86_64/sysroot/usr/lib/aarch64-linux-android -L/Users/davidframpton/Library/Android/sdk/ndk/28.2.13676358/toolchains/llvm/prebuilt/darwin-x86_64/sysroot/usr/lib --build-id=sha1 --no-rosegment --no-undefined-version --fatal-warnings --no-undefined CMakeFiles/cmTC_b24b7.dir/CMakeCXXCompilerABI.cpp.o -Bstatic -lc++ -Bdynamic -lm /Users/davidframpton/Library/Android/sdk/ndk/28.2.13676358/toolchains/llvm/prebuilt/darwin-x86_64/lib/clang/19/lib/linux/libclang_rt.builtins-aarch64-android.a -l:libunwind.a -ldl -lc /Users/davidframpton/Library/Android/sdk/ndk/28.2.13676358/toolchains/llvm/prebuilt/darwin-x86_64/lib/clang/19/lib/linux/libclang_rt.builtins-aarch64-android.a -l:libunwind.a -ldl /Users/davidframpton/Library/Android/sdk/ndk/28.2.13676358/toolchains/llvm/prebuilt/darwin-x86_64/sysroot/usr/lib/aarch64-linux-android/24/crtend_android.o]
    arg [/Users/davidframpton/Library/Android/sdk/ndk/28.2.13676358/toolchains/llvm/prebuilt/darwin-x86_64/bin/ld.lld] ==> ignore
    arg [--sysroot=/Users/davidframpton/Library/Android/sdk/ndk/28.2.13676358/toolchains/llvm/prebuilt/darwin-x86_64/sysroot] ==> ignore
    arg [-EL] ==> ignore
    arg [--fix-cortex-a53-843419] ==> ignore
    arg [-znow] ==> ignore
    arg [-zrelro] ==> ignore
    arg [-zmax-page-size=16384] ==> ignore
    arg [--hash-style=gnu] ==> ignore
    arg [--eh-frame-hdr] ==> ignore
    arg [-m] ==> ignore
    arg [aarch64linux] ==> ignore
    arg [-pie] ==> ignore
    arg [-dynamic-linker] ==> ignore
    arg [/system/bin/linker64] ==> ignore
    arg [-o] ==> ignore
    arg [cmTC_b24b7] ==> ignore
    arg [/Users/davidframpton/Library/Android/sdk/ndk/28.2.13676358/toolchains/llvm/prebuilt/darwin-x86_64/sysroot/usr/lib/aarch64-linux-android/24/crtbegin_dynamic.o] ==> obj [/Users/davidframpton/Library/Android/sdk/ndk/28.2.13676358/toolchains/llvm/prebuilt/darwin-x86_64/sysroot/usr/lib/aarch64-linux-android/24/crtbegin_dynamic.o]
    arg [-L/Users/davidframpton/Library/Android/sdk/ndk/28.2.13676358/toolchains/llvm/prebuilt/darwin-x86_64/lib/clang/19/lib/linux/aarch64] ==> dir [/Users/davidframpton/Library/Android/sdk/ndk/28.2.13676358/toolchains/llvm/prebuilt/darwin-x86_64/lib/clang/19/lib/linux/aarch64]
    arg [-L/Users/davidframpton/Library/Android/sdk/ndk/28.2.13676358/toolchains/llvm/prebuilt/darwin-x86_64/sysroot/usr/lib/aarch64-linux-android/24] ==> dir [/Users/davidframpton/Library/Android/sdk/ndk/28.2.13676358/toolchains/llvm/prebuilt/darwin-x86_64/sysroot/usr/lib/aarch64-linux-android/24]
    arg [-L/Users/davidframpton/Library/Android/sdk/ndk/28.2.13676358/toolchains/llvm/prebuilt/darwin-x86_64/sysroot/usr/lib/aarch64-linux-android] ==> dir [/Users/davidframpton/Library/Android/sdk/ndk/28.2.13676358/toolchains/llvm/prebuilt/darwin-x86_64/sysroot/usr/lib/aarch64-linux-android]
    arg [-L/Users/davidframpton/Library/Android/sdk/ndk/28.2.13676358/toolchains/llvm/prebuilt/darwin-x86_64/sysroot/usr/lib] ==> dir [/Users/davidframpton/Library/Android/sdk/ndk/28.2.13676358/toolchains/llvm/prebuilt/darwin-x86_64/sysroot/usr/lib]
    arg [--build-id=sha1] ==> ignore
    arg [--no-rosegment] ==> ignore
    arg [--no-undefined-version] ==> ignore
    arg [--fatal-warnings] ==> ignore
    arg [--no-undefined] ==> ignore
    arg [CMakeFiles/cmTC_b24b7.dir/CMakeCXXCompilerABI.cpp.o] ==> ignore
    arg [-Bstatic] ==> search static
    arg [-lc++] ==> lib [c++]
    arg [-Bdynamic] ==> search dynamic
    arg [-lm] ==> lib [m]
    arg [/Users/davidframpton/Library/Android/sdk/ndk/28.2.13676358/toolchains/llvm/prebuilt/darwin-x86_64/lib/clang/19/lib/linux/libclang_rt.builtins-aarch64-android.a] ==> lib [/Users/davidframpton/Library/Android/sdk/ndk/28.2.13676358/toolchains/llvm/prebuilt/darwin-x86_64/lib/clang/19/lib/linux/libclang_rt.builtins-aarch64-android.a]
    arg [-l:libunwind.a] ==> lib [-l:libunwind.a]
    arg [-ldl] ==> lib [dl]
    arg [-lc] ==> lib [c]
    arg [/Users/davidframpton/Library/Android/sdk/ndk/28.2.13676358/toolchains/llvm/prebuilt/darwin-x86_64/lib/clang/19/lib/linux/libclang_rt.builtins-aarch64-android.a] ==> lib [/Users/davidframpton/Library/Android/sdk/ndk/28.2.13676358/toolchains/llvm/prebuilt/darwin-x86_64/lib/clang/19/lib/linux/libclang_rt.builtins-aarch64-android.a]
    arg [-l:libunwind.a] ==> lib [-l:libunwind.a]
    arg [-ldl] ==> lib [dl]
    arg [/Users/davidframpton/Library/Android/sdk/ndk/28.2.13676358/toolchains/llvm/prebuilt/darwin-x86_64/sysroot/usr/lib/aarch64-linux-android/24/crtend_android.o] ==> obj [/Users/davidframpton/Library/Android/sdk/ndk/28.2.13676358/toolchains/llvm/prebuilt/darwin-x86_64/sysroot/usr/lib/aarch64-linux-android/24/crtend_android.o]
  remove lib [/Users/davidframpton/Library/Android/sdk/ndk/28.2.13676358/toolchains/llvm/prebuilt/darwin-x86_64/lib/clang/19/lib/linux/libclang_rt.builtins-aarch64-android.a]
  remove lib [/Users/davidframpton/Library/Android/sdk/ndk/28.2.13676358/toolchains/llvm/prebuilt/darwin-x86_64/lib/clang/19/lib/linux/libclang_rt.builtins-aarch64-android.a]
  collapse library dir [/Users/davidframpton/Library/Android/sdk/ndk/28.2.13676358/toolchains/llvm/prebuilt/darwin-x86_64/lib/clang/19/lib/linux/aarch64] ==> [/Users/davidframpton/Library/Android/sdk/ndk/28.2.13676358/toolchains/llvm/prebuilt/darwin-x86_64/lib/clang/19/lib/linux/aarch64]
  collapse library dir [/Users/davidframpton/Library/Android/sdk/ndk/28.2.13676358/toolchains/llvm/prebuilt/darwin-x86_64/sysroot/usr/lib/aarch64-linux-android/24] ==> [/Users/davidframpton/Library/Android/sdk/ndk/28.2.13676358/toolchains/llvm/prebuilt/darwin-x86_64/sysroot/usr/lib/aarch64-linux-android/24]
  collapse library dir [/Users/davidframpton/Library/Android/sdk/ndk/28.2.13676358/toolchains/llvm/prebuilt/darwin-x86_64/sysroot/usr/lib/aarch64-linux-android] ==> [/Users/davidframpton/Library/Android/sdk/ndk/28.2.13676358/toolchains/llvm/prebuilt/darwin-x86_64/sysroot/usr/lib/aarch64-linux-android]
  collapse library dir [/Users/davidframpton/Library/Android/sdk/ndk/28.2.13676358/toolchains/llvm/prebuilt/darwin-x86_64/sysroot/usr/lib] ==> [/Users/davidframpton/Library/Android/sdk/ndk/28.2.13676358/toolchains/llvm/prebuilt/darwin-x86_64/sysroot/usr/lib]
  implicit libs: [c++;m;-l:libunwind.a;dl;c;-l:libunwind.a;dl]
  implicit objs: [/Users/davidframpton/Library/Android/sdk/ndk/28.2.13676358/toolchains/llvm/prebuilt/darwin-x86_64/sysroot/usr/lib/aarch64-linux-android/24/crtbegin_dynamic.o;/Users/davidframpton/Library/Android/sdk/ndk/28.2.13676358/toolchains/llvm/prebuilt/darwin-x86_64/sysroot/usr/lib/aarch64-linux-android/24/crtend_android.o]
  implicit dirs: [/Users/davidframpton/Library/Android/sdk/ndk/28.2.13676358/toolchains/llvm/prebuilt/darwin-x86_64/lib/clang/19/lib/linux/aarch64;/Users/davidframpton/Library/Android/sdk/ndk/28.2.13676358/toolchains/llvm/prebuilt/darwin-x86_64/sysroot/usr/lib/aarch64-linux-android/24;/Users/davidframpton/Library/Android/sdk/ndk/28.2.13676358/toolchains/llvm/prebuilt/darwin-x86_64/sysroot/usr/lib/aarch64-linux-android;/Users/davidframpton/Library/Android/sdk/ndk/28.2.13676358/toolchains/llvm/prebuilt/darwin-x86_64/sysroot/usr/lib]
  implicit fwks: []


Performing C SOURCE FILE Test HAVE_GCC_WALL succeeded with the following output:
Change Dir: /Users/davidframpton/Documents/blockheads2/katipoBrowser/waraki/android/app/.cxx/Debug/6y6q4d60/arm64-v8a/CMakeFiles/CMakeTmp

Run Build Command(s):/Users/davidframpton/Library/Android/sdk/cmake/3.22.1/bin/ninja cmTC_8ee46 && [1/2] Building C object CMakeFiles/cmTC_8ee46.dir/src.c.o
[2/2] Linking C executable cmTC_8ee46


Source file was:
int main(void) { return 0; }
Performing C SOURCE FILE Test HAVE_GCC_WUNDEF succeeded with the following output:
Change Dir: /Users/davidframpton/Documents/blockheads2/katipoBrowser/waraki/android/app/.cxx/Debug/6y6q4d60/arm64-v8a/CMakeFiles/CMakeTmp

Run Build Command(s):/Users/davidframpton/Library/Android/sdk/cmake/3.22.1/bin/ninja cmTC_68b0b && [1/2] Building C object CMakeFiles/cmTC_68b0b.dir/src.c.o
[2/2] Linking C executable cmTC_68b0b


Source file was:
int main(void) { return 0; }
Performing C SOURCE FILE Test HAVE_GCC_WFLOAT_CONVERSION succeeded with the following output:
Change Dir: /Users/davidframpton/Documents/blockheads2/katipoBrowser/waraki/android/app/.cxx/Debug/6y6q4d60/arm64-v8a/CMakeFiles/CMakeTmp

Run Build Command(s):/Users/davidframpton/Library/Android/sdk/cmake/3.22.1/bin/ninja cmTC_28f93 && [1/2] Building C object CMakeFiles/cmTC_28f93.dir/src.c.o
[2/2] Linking C executable cmTC_28f93


Source file was:
int main(void) { return 0; }
Performing C SOURCE FILE Test HAVE_GCC_NO_STRICT_ALIASING succeeded with the following output:
Change Dir: /Users/davidframpton/Documents/blockheads2/katipoBrowser/waraki/android/app/.cxx/Debug/6y6q4d60/arm64-v8a/CMakeFiles/CMakeTmp

Run Build Command(s):/Users/davidframpton/Library/Android/sdk/cmake/3.22.1/bin/ninja cmTC_a61d6 && [1/2] Building C object CMakeFiles/cmTC_a61d6.dir/src.c.o
[2/2] Linking C executable cmTC_a61d6


Source file was:
int main(void) { return 0; }
Performing C SOURCE FILE Test HAVE_GCC_WDOCUMENTATION succeeded with the following output:
Change Dir: /Users/davidframpton/Documents/blockheads2/katipoBrowser/waraki/android/app/.cxx/Debug/6y6q4d60/arm64-v8a/CMakeFiles/CMakeTmp

Run Build Command(s):/Users/davidframpton/Library/Android/sdk/cmake/3.22.1/bin/ninja cmTC_26dff && [1/2] Building C object CMakeFiles/cmTC_26dff.dir/src.c.o
[2/2] Linking C executable cmTC_26dff


Source file was:
int main(void) { return 0; }
Performing C SOURCE FILE Test HAVE_GCC_WDOCUMENTATION_UNKNOWN_COMMAND succeeded with the following output:
Change Dir: /Users/davidframpton/Documents/blockheads2/katipoBrowser/waraki/android/app/.cxx/Debug/6y6q4d60/arm64-v8a/CMakeFiles/CMakeTmp

Run Build Command(s):/Users/davidframpton/Library/Android/sdk/cmake/3.22.1/bin/ninja cmTC_25489 && [1/2] Building C object CMakeFiles/cmTC_25489.dir/src.c.o
[2/2] Linking C executable cmTC_25489


Source file was:
int main(void) { return 0; }
Performing C SOURCE FILE Test HAVE_GCC_COMMENT_BLOCK_COMMANDS succeeded with the following output:
Change Dir: /Users/davidframpton/Documents/blockheads2/katipoBrowser/waraki/android/app/.cxx/Debug/6y6q4d60/arm64-v8a/CMakeFiles/CMakeTmp

Run Build Command(s):/Users/davidframpton/Library/Android/sdk/cmake/3.22.1/bin/ninja cmTC_9210b && [1/2] Building C object CMakeFiles/cmTC_9210b.dir/src.c.o
[2/2] Linking C executable cmTC_9210b


Source file was:
int main(void) { return 0; }
Performing C SOURCE FILE Test HAVE_GCC_WSHADOW succeeded with the following output:
Change Dir: /Users/davidframpton/Documents/blockheads2/katipoBrowser/waraki/android/app/.cxx/Debug/6y6q4d60/arm64-v8a/CMakeFiles/CMakeTmp

Run Build Command(s):/Users/davidframpton/Library/Android/sdk/cmake/3.22.1/bin/ninja cmTC_28fe9 && [1/2] Building C object CMakeFiles/cmTC_28fe9.dir/src.c.o
[2/2] Linking C executable cmTC_28fe9


Source file was:
int main(void) { return 0; }
Performing C SOURCE FILE Test HAVE_GCC_WUNUSED_LOCAL_TYPEDEFS succeeded with the following output:
Change Dir: /Users/davidframpton/Documents/blockheads2/katipoBrowser/waraki/android/app/.cxx/Debug/6y6q4d60/arm64-v8a/CMakeFiles/CMakeTmp

Run Build Command(s):/Users/davidframpton/Library/Android/sdk/cmake/3.22.1/bin/ninja cmTC_fa99d && [1/2] Building C object CMakeFiles/cmTC_fa99d.dir/src.c.o
[2/2] Linking C executable cmTC_fa99d


Source file was:
int main(void) { return 0; }
Performing C SOURCE FILE Test HAVE_GCC_WIMPLICIT_FALLTHROUGH succeeded with the following output:
Change Dir: /Users/davidframpton/Documents/blockheads2/katipoBrowser/waraki/android/app/.cxx/Debug/6y6q4d60/arm64-v8a/CMakeFiles/CMakeTmp

Run Build Command(s):/Users/davidframpton/Library/Android/sdk/cmake/3.22.1/bin/ninja cmTC_c2c57 && [1/2] Building C object CMakeFiles/cmTC_c2c57.dir/src.c.o
[2/2] Linking C executable cmTC_c2c57


Source file was:
int main(void) { return 0; }
Performing C SOURCE FILE Test COMPILER_SUPPORTS_FCOLOR_DIAGNOSTICS succeeded with the following output:
Change Dir: /Users/davidframpton/Documents/blockheads2/katipoBrowser/waraki/android/app/.cxx/Debug/6y6q4d60/arm64-v8a/CMakeFiles/CMakeTmp

Run Build Command(s):/Users/davidframpton/Library/Android/sdk/cmake/3.22.1/bin/ninja cmTC_65f5e && [1/2] Building C object CMakeFiles/cmTC_65f5e.dir/src.c.o
[2/2] Linking C executable cmTC_65f5e


Source file was:
int main(void) { return 0; }
Performing C SOURCE FILE Test HAVE_WL_VERSION_SCRIPT succeeded with the following output:
Change Dir: /Users/davidframpton/Documents/blockheads2/katipoBrowser/waraki/android/app/.cxx/Debug/6y6q4d60/arm64-v8a/CMakeFiles/CMakeTmp

Run Build Command(s):/Users/davidframpton/Library/Android/sdk/cmake/3.22.1/bin/ninja cmTC_d5fcf && [1/2] Building C object CMakeFiles/cmTC_d5fcf.dir/src.c.o
[2/2] Linking C executable cmTC_d5fcf


Source file was:
int func(void) {return 0;} int main(int argc,char*argv[]){(void)argc;(void)argv;return func();}
Performing C SOURCE FILE Test COMPILER_SUPPORTS_GCC_ATOMICS succeeded with the following output:
Change Dir: /Users/davidframpton/Documents/blockheads2/katipoBrowser/waraki/android/app/.cxx/Debug/6y6q4d60/arm64-v8a/CMakeFiles/CMakeTmp

Run Build Command(s):/Users/davidframpton/Library/Android/sdk/cmake/3.22.1/bin/ninja cmTC_e7373 && [1/2] Building C object CMakeFiles/cmTC_e7373.dir/src.c.o
[2/2] Linking C executable cmTC_e7373


Source file was:
int main(int argc, char **argv) {
        int a;
        void *x, *y, *z;
        __sync_lock_test_and_set(&a, 4);
        __sync_lock_test_and_set(&x, y);
        __sync_fetch_and_add(&a, 1);
        __sync_bool_compare_and_swap(&a, 5, 10);
        __sync_bool_compare_and_swap(&x, y, z);
        return 0; }
Performing C SOURCE FILE Test HAVE_GCC_FVISIBILITY succeeded with the following output:
Change Dir: /Users/davidframpton/Documents/blockheads2/katipoBrowser/waraki/android/app/.cxx/Debug/6y6q4d60/arm64-v8a/CMakeFiles/CMakeTmp

Run Build Command(s):/Users/davidframpton/Library/Android/sdk/cmake/3.22.1/bin/ninja cmTC_510b0 && [1/2] Building C object CMakeFiles/cmTC_510b0.dir/src.c.o
[2/2] Linking C executable cmTC_510b0


Source file was:

      #if !defined(__GNUC__) || __GNUC__ < 4
      #error SDL only uses visibility attributes in GCC 4 or newer
      #endif
      __attribute__((visibility("default"))) int foo(void);
      __attribute__((visibility("hidden")))  int bar(void);
      int foo(void) { return 0; }
      int bar(void) { return 1; }
      int main(void) { return 0; }
Performing C SOURCE FILE Test LINKER_SUPPORTS_WL_NO_UNDEFINED succeeded with the following output:
Change Dir: /Users/davidframpton/Documents/blockheads2/katipoBrowser/waraki/android/app/.cxx/Debug/6y6q4d60/arm64-v8a/CMakeFiles/CMakeTmp

Run Build Command(s):/Users/davidframpton/Library/Android/sdk/cmake/3.22.1/bin/ninja cmTC_c50ee && [1/2] Building C object CMakeFiles/cmTC_c50ee.dir/src.c.o
[2/2] Linking C executable cmTC_c50ee


Source file was:
int main() { return 0; }
Performing C SOURCE FILE Test COMPILER_SUPPORTS_ARMNEON succeeded with the following output:
Change Dir: /Users/davidframpton/Documents/blockheads2/katipoBrowser/waraki/android/app/.cxx/Debug/6y6q4d60/arm64-v8a/CMakeFiles/CMakeTmp

Run Build Command(s):/Users/davidframpton/Library/Android/sdk/cmake/3.22.1/bin/ninja cmTC_992e5 && [1/2] Building C object CMakeFiles/cmTC_992e5.dir/src.c.o
[2/2] Linking C executable cmTC_992e5


Source file was:

    #if 0
    # if defined(__arm__) || defined(__aarch64__)
    #  define test_enabled 1
    # else
    #  define test_enabled 0 /* feign success in Apple multi-arch configs */
    # endif
    #else                    /* test normally */
    # define test_enabled 1
    #endif
    #if test_enabled
          #include <arm_neon.h>
      void floats_add(float *dest, float *a, float *b, unsigned size) {
        for (; size >= 4; size -= 4, dest += 4, a += 4, b += 4) {
          vst1q_f32(dest, vaddq_f32(vld1q_f32(a), vld1q_f32(b)));
        }
      }
      int main(int argc, char *argv[]) {
        floats_add((float*)0, (float*)0, (float*)0, 0);
        return 0;
      }
    #else
    int main(int argc, char *argv[]) {
      (void)argc;
      (void)argv;
      return 0;
    }
    #endif
Determining if the include file alloca.h exists passed with the following output:
Change Dir: /Users/davidframpton/Documents/blockheads2/katipoBrowser/waraki/android/app/.cxx/Debug/6y6q4d60/arm64-v8a/CMakeFiles/CMakeTmp

Run Build Command(s):/Users/davidframpton/Library/Android/sdk/cmake/3.22.1/bin/ninja cmTC_4b225 && [1/2] Building C object CMakeFiles/cmTC_4b225.dir/CheckIncludeFile.c.o
[2/2] Linking C executable cmTC_4b225



Determining if the include file float.h exists passed with the following output:
Change Dir: /Users/davidframpton/Documents/blockheads2/katipoBrowser/waraki/android/app/.cxx/Debug/6y6q4d60/arm64-v8a/CMakeFiles/CMakeTmp

Run Build Command(s):/Users/davidframpton/Library/Android/sdk/cmake/3.22.1/bin/ninja cmTC_4ad4f && [1/2] Building C object CMakeFiles/cmTC_4ad4f.dir/CheckIncludeFile.c.o
[2/2] Linking C executable cmTC_4ad4f



Determining if the include file iconv.h exists passed with the following output:
Change Dir: /Users/davidframpton/Documents/blockheads2/katipoBrowser/waraki/android/app/.cxx/Debug/6y6q4d60/arm64-v8a/CMakeFiles/CMakeTmp

Run Build Command(s):/Users/davidframpton/Library/Android/sdk/cmake/3.22.1/bin/ninja cmTC_3d4c1 && [1/2] Building C object CMakeFiles/cmTC_3d4c1.dir/CheckIncludeFile.c.o
[2/2] Linking C executable cmTC_3d4c1



Determining if the include file inttypes.h exists passed with the following output:
Change Dir: /Users/davidframpton/Documents/blockheads2/katipoBrowser/waraki/android/app/.cxx/Debug/6y6q4d60/arm64-v8a/CMakeFiles/CMakeTmp

Run Build Command(s):/Users/davidframpton/Library/Android/sdk/cmake/3.22.1/bin/ninja cmTC_fb8d5 && [1/2] Building C object CMakeFiles/cmTC_fb8d5.dir/CheckIncludeFile.c.o
[2/2] Linking C executable cmTC_fb8d5



Determining if the include file limits.h exists passed with the following output:
Change Dir: /Users/davidframpton/Documents/blockheads2/katipoBrowser/waraki/android/app/.cxx/Debug/6y6q4d60/arm64-v8a/CMakeFiles/CMakeTmp

Run Build Command(s):/Users/davidframpton/Library/Android/sdk/cmake/3.22.1/bin/ninja cmTC_ced03 && [1/2] Building C object CMakeFiles/cmTC_ced03.dir/CheckIncludeFile.c.o
[2/2] Linking C executable cmTC_ced03



Determining if the include file malloc.h exists passed with the following output:
Change Dir: /Users/davidframpton/Documents/blockheads2/katipoBrowser/waraki/android/app/.cxx/Debug/6y6q4d60/arm64-v8a/CMakeFiles/CMakeTmp

Run Build Command(s):/Users/davidframpton/Library/Android/sdk/cmake/3.22.1/bin/ninja cmTC_57fa6 && [1/2] Building C object CMakeFiles/cmTC_57fa6.dir/CheckIncludeFile.c.o
[2/2] Linking C executable cmTC_57fa6



Determining if the include file math.h exists passed with the following output:
Change Dir: /Users/davidframpton/Documents/blockheads2/katipoBrowser/waraki/android/app/.cxx/Debug/6y6q4d60/arm64-v8a/CMakeFiles/CMakeTmp

Run Build Command(s):/Users/davidframpton/Library/Android/sdk/cmake/3.22.1/bin/ninja cmTC_3828f && [1/2] Building C object CMakeFiles/cmTC_3828f.dir/CheckIncludeFile.c.o
[2/2] Linking C executable cmTC_3828f



Determining if the include file memory.h exists passed with the following output:
Change Dir: /Users/davidframpton/Documents/blockheads2/katipoBrowser/waraki/android/app/.cxx/Debug/6y6q4d60/arm64-v8a/CMakeFiles/CMakeTmp

Run Build Command(s):/Users/davidframpton/Library/Android/sdk/cmake/3.22.1/bin/ninja cmTC_6d3f4 && [1/2] Building C object CMakeFiles/cmTC_6d3f4.dir/CheckIncludeFile.c.o
[2/2] Linking C executable cmTC_6d3f4



Determining if the include file signal.h exists passed with the following output:
Change Dir: /Users/davidframpton/Documents/blockheads2/katipoBrowser/waraki/android/app/.cxx/Debug/6y6q4d60/arm64-v8a/CMakeFiles/CMakeTmp

Run Build Command(s):/Users/davidframpton/Library/Android/sdk/cmake/3.22.1/bin/ninja cmTC_c2afd && [1/2] Building C object CMakeFiles/cmTC_c2afd.dir/CheckIncludeFile.c.o
[2/2] Linking C executable cmTC_c2afd



Determining if the include file stdarg.h exists passed with the following output:
Change Dir: /Users/davidframpton/Documents/blockheads2/katipoBrowser/waraki/android/app/.cxx/Debug/6y6q4d60/arm64-v8a/CMakeFiles/CMakeTmp

Run Build Command(s):/Users/davidframpton/Library/Android/sdk/cmake/3.22.1/bin/ninja cmTC_e61c1 && [1/2] Building C object CMakeFiles/cmTC_e61c1.dir/CheckIncludeFile.c.o
[2/2] Linking C executable cmTC_e61c1



Determining if the include file stdbool.h exists passed with the following output:
Change Dir: /Users/davidframpton/Documents/blockheads2/katipoBrowser/waraki/android/app/.cxx/Debug/6y6q4d60/arm64-v8a/CMakeFiles/CMakeTmp

Run Build Command(s):/Users/davidframpton/Library/Android/sdk/cmake/3.22.1/bin/ninja cmTC_4960c && [1/2] Building C object CMakeFiles/cmTC_4960c.dir/CheckIncludeFile.c.o
[2/2] Linking C executable cmTC_4960c



Determining if the include file stddef.h exists passed with the following output:
Change Dir: /Users/davidframpton/Documents/blockheads2/katipoBrowser/waraki/android/app/.cxx/Debug/6y6q4d60/arm64-v8a/CMakeFiles/CMakeTmp

Run Build Command(s):/Users/davidframpton/Library/Android/sdk/cmake/3.22.1/bin/ninja cmTC_c9b0a && [1/2] Building C object CMakeFiles/cmTC_c9b0a.dir/CheckIncludeFile.c.o
[2/2] Linking C executable cmTC_c9b0a



Determining if the include file stdint.h exists passed with the following output:
Change Dir: /Users/davidframpton/Documents/blockheads2/katipoBrowser/waraki/android/app/.cxx/Debug/6y6q4d60/arm64-v8a/CMakeFiles/CMakeTmp

Run Build Command(s):/Users/davidframpton/Library/Android/sdk/cmake/3.22.1/bin/ninja cmTC_8dba1 && [1/2] Building C object CMakeFiles/cmTC_8dba1.dir/CheckIncludeFile.c.o
[2/2] Linking C executable cmTC_8dba1



Determining if the include file stdio.h exists passed with the following output:
Change Dir: /Users/davidframpton/Documents/blockheads2/katipoBrowser/waraki/android/app/.cxx/Debug/6y6q4d60/arm64-v8a/CMakeFiles/CMakeTmp

Run Build Command(s):/Users/davidframpton/Library/Android/sdk/cmake/3.22.1/bin/ninja cmTC_0a952 && [1/2] Building C object CMakeFiles/cmTC_0a952.dir/CheckIncludeFile.c.o
[2/2] Linking C executable cmTC_0a952



Determining if the include file stdlib.h exists passed with the following output:
Change Dir: /Users/davidframpton/Documents/blockheads2/katipoBrowser/waraki/android/app/.cxx/Debug/6y6q4d60/arm64-v8a/CMakeFiles/CMakeTmp

Run Build Command(s):/Users/davidframpton/Library/Android/sdk/cmake/3.22.1/bin/ninja cmTC_f284d && [1/2] Building C object CMakeFiles/cmTC_f284d.dir/CheckIncludeFile.c.o
[2/2] Linking C executable cmTC_f284d



Determining if the include file string.h exists passed with the following output:
Change Dir: /Users/davidframpton/Documents/blockheads2/katipoBrowser/waraki/android/app/.cxx/Debug/6y6q4d60/arm64-v8a/CMakeFiles/CMakeTmp

Run Build Command(s):/Users/davidframpton/Library/Android/sdk/cmake/3.22.1/bin/ninja cmTC_2ecfa && [1/2] Building C object CMakeFiles/cmTC_2ecfa.dir/CheckIncludeFile.c.o
[2/2] Linking C executable cmTC_2ecfa



Determining if the include file strings.h exists passed with the following output:
Change Dir: /Users/davidframpton/Documents/blockheads2/katipoBrowser/waraki/android/app/.cxx/Debug/6y6q4d60/arm64-v8a/CMakeFiles/CMakeTmp

Run Build Command(s):/Users/davidframpton/Library/Android/sdk/cmake/3.22.1/bin/ninja cmTC_b693c && [1/2] Building C object CMakeFiles/cmTC_b693c.dir/CheckIncludeFile.c.o
[2/2] Linking C executable cmTC_b693c



Determining if the include file sys/types.h exists passed with the following output:
Change Dir: /Users/davidframpton/Documents/blockheads2/katipoBrowser/waraki/android/app/.cxx/Debug/6y6q4d60/arm64-v8a/CMakeFiles/CMakeTmp

Run Build Command(s):/Users/davidframpton/Library/Android/sdk/cmake/3.22.1/bin/ninja cmTC_d022d && [1/2] Building C object CMakeFiles/cmTC_d022d.dir/CheckIncludeFile.c.o
[2/2] Linking C executable cmTC_d022d



Determining if the include file time.h exists passed with the following output:
Change Dir: /Users/davidframpton/Documents/blockheads2/katipoBrowser/waraki/android/app/.cxx/Debug/6y6q4d60/arm64-v8a/CMakeFiles/CMakeTmp

Run Build Command(s):/Users/davidframpton/Library/Android/sdk/cmake/3.22.1/bin/ninja cmTC_3ff09 && [1/2] Building C object CMakeFiles/cmTC_3ff09.dir/CheckIncludeFile.c.o
[2/2] Linking C executable cmTC_3ff09



Determining if the include file wchar.h exists passed with the following output:
Change Dir: /Users/davidframpton/Documents/blockheads2/katipoBrowser/waraki/android/app/.cxx/Debug/6y6q4d60/arm64-v8a/CMakeFiles/CMakeTmp

Run Build Command(s):/Users/davidframpton/Library/Android/sdk/cmake/3.22.1/bin/ninja cmTC_3ca80 && [1/2] Building C object CMakeFiles/cmTC_3ca80.dir/CheckIncludeFile.c.o
[2/2] Linking C executable cmTC_3ca80



Determining if the function pow exists in the m passed with the following output:
Change Dir: /Users/davidframpton/Documents/blockheads2/katipoBrowser/waraki/android/app/.cxx/Debug/6y6q4d60/arm64-v8a/CMakeFiles/CMakeTmp

Run Build Command(s):/Users/davidframpton/Library/Android/sdk/cmake/3.22.1/bin/ninja cmTC_9e515 && [1/2] Building C object CMakeFiles/cmTC_9e515.dir/CheckFunctionExists.c.o
/Users/davidframpton/Library/Android/sdk/cmake/3.22.1/share/cmake-3.22/Modules/CheckFunctionExists.c:7:3: warning: incompatible redeclaration of library function 'pow' [-Wincompatible-library-redeclaration]
    7 |   CHECK_FUNCTION_EXISTS(void);
      |   ^
<command line>:3:31: note: expanded from macro 'CHECK_FUNCTION_EXISTS'
    3 | #define CHECK_FUNCTION_EXISTS pow
      |                               ^
/Users/davidframpton/Library/Android/sdk/cmake/3.22.1/share/cmake-3.22/Modules/CheckFunctionExists.c:7:3: note: 'pow' is a builtin with type 'double (double, double)'
<command line>:3:31: note: expanded from macro 'CHECK_FUNCTION_EXISTS'
    3 | #define CHECK_FUNCTION_EXISTS pow
      |                               ^
1 warning generated.
[2/2] Linking C executable cmTC_9e515



Determining if the abs exist passed with the following output:
Change Dir: /Users/davidframpton/Documents/blockheads2/katipoBrowser/waraki/android/app/.cxx/Debug/6y6q4d60/arm64-v8a/CMakeFiles/CMakeTmp

Run Build Command(s):/Users/davidframpton/Library/Android/sdk/cmake/3.22.1/bin/ninja cmTC_276ff && [1/2] Building C object CMakeFiles/cmTC_276ff.dir/CheckSymbolExists.c.o
[2/2] Linking C executable cmTC_276ff


File /Users/davidframpton/Documents/blockheads2/katipoBrowser/waraki/android/app/.cxx/Debug/6y6q4d60/arm64-v8a/CMakeFiles/CMakeTmp/CheckSymbolExists.c:
/* */
#include <float.h>
#include <iconv.h>
#include <inttypes.h>
#include <limits.h>
#include <malloc.h>
#include <math.h>
#include <memory.h>
#include <signal.h>
#include <stdarg.h>
#include <stdbool.h>
#include <stddef.h>
#include <stdint.h>
#include <stdio.h>
#include <stdlib.h>
#include <string.h>
#include <strings.h>
#include <sys/types.h>
#include <time.h>
#include <wchar.h>

int main(int argc, char** argv)
{
  (void)argv;
#ifndef abs
  return ((int*)(&abs))[argc];
#else
  (void)argc;
  return 0;
#endif
}
Determining if the acos exist passed with the following output:
Change Dir: /Users/davidframpton/Documents/blockheads2/katipoBrowser/waraki/android/app/.cxx/Debug/6y6q4d60/arm64-v8a/CMakeFiles/CMakeTmp

Run Build Command(s):/Users/davidframpton/Library/Android/sdk/cmake/3.22.1/bin/ninja cmTC_7a6ba && [1/2] Building C object CMakeFiles/cmTC_7a6ba.dir/CheckSymbolExists.c.o
[2/2] Linking C executable cmTC_7a6ba


File /Users/davidframpton/Documents/blockheads2/katipoBrowser/waraki/android/app/.cxx/Debug/6y6q4d60/arm64-v8a/CMakeFiles/CMakeTmp/CheckSymbolExists.c:
/* */
#include <float.h>
#include <iconv.h>
#include <inttypes.h>
#include <limits.h>
#include <malloc.h>
#include <math.h>
#include <memory.h>
#include <signal.h>
#include <stdarg.h>
#include <stdbool.h>
#include <stddef.h>
#include <stdint.h>
#include <stdio.h>
#include <stdlib.h>
#include <string.h>
#include <strings.h>
#include <sys/types.h>
#include <time.h>
#include <wchar.h>

int main(int argc, char** argv)
{
  (void)argv;
#ifndef acos
  return ((int*)(&acos))[argc];
#else
  (void)argc;
  return 0;
#endif
}
Determining if the acosf exist passed with the following output:
Change Dir: /Users/davidframpton/Documents/blockheads2/katipoBrowser/waraki/android/app/.cxx/Debug/6y6q4d60/arm64-v8a/CMakeFiles/CMakeTmp

Run Build Command(s):/Users/davidframpton/Library/Android/sdk/cmake/3.22.1/bin/ninja cmTC_e58ea && [1/2] Building C object CMakeFiles/cmTC_e58ea.dir/CheckSymbolExists.c.o
[2/2] Linking C executable cmTC_e58ea


File /Users/davidframpton/Documents/blockheads2/katipoBrowser/waraki/android/app/.cxx/Debug/6y6q4d60/arm64-v8a/CMakeFiles/CMakeTmp/CheckSymbolExists.c:
/* */
#include <float.h>
#include <iconv.h>
#include <inttypes.h>
#include <limits.h>
#include <malloc.h>
#include <math.h>
#include <memory.h>
#include <signal.h>
#include <stdarg.h>
#include <stdbool.h>
#include <stddef.h>
#include <stdint.h>
#include <stdio.h>
#include <stdlib.h>
#include <string.h>
#include <strings.h>
#include <sys/types.h>
#include <time.h>
#include <wchar.h>

int main(int argc, char** argv)
{
  (void)argv;
#ifndef acosf
  return ((int*)(&acosf))[argc];
#else
  (void)argc;
  return 0;
#endif
}
Determining if the asin exist passed with the following output:
Change Dir: /Users/davidframpton/Documents/blockheads2/katipoBrowser/waraki/android/app/.cxx/Debug/6y6q4d60/arm64-v8a/CMakeFiles/CMakeTmp

Run Build Command(s):/Users/davidframpton/Library/Android/sdk/cmake/3.22.1/bin/ninja cmTC_e289f && [1/2] Building C object CMakeFiles/cmTC_e289f.dir/CheckSymbolExists.c.o
[2/2] Linking C executable cmTC_e289f


File /Users/davidframpton/Documents/blockheads2/katipoBrowser/waraki/android/app/.cxx/Debug/6y6q4d60/arm64-v8a/CMakeFiles/CMakeTmp/CheckSymbolExists.c:
/* */
#include <float.h>
#include <iconv.h>
#include <inttypes.h>
#include <limits.h>
#include <malloc.h>
#include <math.h>
#include <memory.h>
#include <signal.h>
#include <stdarg.h>
#include <stdbool.h>
#include <stddef.h>
#include <stdint.h>
#include <stdio.h>
#include <stdlib.h>
#include <string.h>
#include <strings.h>
#include <sys/types.h>
#include <time.h>
#include <wchar.h>

int main(int argc, char** argv)
{
  (void)argv;
#ifndef asin
  return ((int*)(&asin))[argc];
#else
  (void)argc;
  return 0;
#endif
}
Determining if the asinf exist passed with the following output:
Change Dir: /Users/davidframpton/Documents/blockheads2/katipoBrowser/waraki/android/app/.cxx/Debug/6y6q4d60/arm64-v8a/CMakeFiles/CMakeTmp

Run Build Command(s):/Users/davidframpton/Library/Android/sdk/cmake/3.22.1/bin/ninja cmTC_9e750 && [1/2] Building C object CMakeFiles/cmTC_9e750.dir/CheckSymbolExists.c.o
[2/2] Linking C executable cmTC_9e750


File /Users/davidframpton/Documents/blockheads2/katipoBrowser/waraki/android/app/.cxx/Debug/6y6q4d60/arm64-v8a/CMakeFiles/CMakeTmp/CheckSymbolExists.c:
/* */
#include <float.h>
#include <iconv.h>
#include <inttypes.h>
#include <limits.h>
#include <malloc.h>
#include <math.h>
#include <memory.h>
#include <signal.h>
#include <stdarg.h>
#include <stdbool.h>
#include <stddef.h>
#include <stdint.h>
#include <stdio.h>
#include <stdlib.h>
#include <string.h>
#include <strings.h>
#include <sys/types.h>
#include <time.h>
#include <wchar.h>

int main(int argc, char** argv)
{
  (void)argv;
#ifndef asinf
  return ((int*)(&asinf))[argc];
#else
  (void)argc;
  return 0;
#endif
}
Determining if the atan exist passed with the following output:
Change Dir: /Users/davidframpton/Documents/blockheads2/katipoBrowser/waraki/android/app/.cxx/Debug/6y6q4d60/arm64-v8a/CMakeFiles/CMakeTmp

Run Build Command(s):/Users/davidframpton/Library/Android/sdk/cmake/3.22.1/bin/ninja cmTC_73000 && [1/2] Building C object CMakeFiles/cmTC_73000.dir/CheckSymbolExists.c.o
[2/2] Linking C executable cmTC_73000


File /Users/davidframpton/Documents/blockheads2/katipoBrowser/waraki/android/app/.cxx/Debug/6y6q4d60/arm64-v8a/CMakeFiles/CMakeTmp/CheckSymbolExists.c:
/* */
#include <float.h>
#include <iconv.h>
#include <inttypes.h>
#include <limits.h>
#include <malloc.h>
#include <math.h>
#include <memory.h>
#include <signal.h>
#include <stdarg.h>
#include <stdbool.h>
#include <stddef.h>
#include <stdint.h>
#include <stdio.h>
#include <stdlib.h>
#include <string.h>
#include <strings.h>
#include <sys/types.h>
#include <time.h>
#include <wchar.h>

int main(int argc, char** argv)
{
  (void)argv;
#ifndef atan
  return ((int*)(&atan))[argc];
#else
  (void)argc;
  return 0;
#endif
}
Determining if the atan2 exist passed with the following output:
Change Dir: /Users/davidframpton/Documents/blockheads2/katipoBrowser/waraki/android/app/.cxx/Debug/6y6q4d60/arm64-v8a/CMakeFiles/CMakeTmp

Run Build Command(s):/Users/davidframpton/Library/Android/sdk/cmake/3.22.1/bin/ninja cmTC_7fb6d && [1/2] Building C object CMakeFiles/cmTC_7fb6d.dir/CheckSymbolExists.c.o
[2/2] Linking C executable cmTC_7fb6d


File /Users/davidframpton/Documents/blockheads2/katipoBrowser/waraki/android/app/.cxx/Debug/6y6q4d60/arm64-v8a/CMakeFiles/CMakeTmp/CheckSymbolExists.c:
/* */
#include <float.h>
#include <iconv.h>
#include <inttypes.h>
#include <limits.h>
#include <malloc.h>
#include <math.h>
#include <memory.h>
#include <signal.h>
#include <stdarg.h>
#include <stdbool.h>
#include <stddef.h>
#include <stdint.h>
#include <stdio.h>
#include <stdlib.h>
#include <string.h>
#include <strings.h>
#include <sys/types.h>
#include <time.h>
#include <wchar.h>

int main(int argc, char** argv)
{
  (void)argv;
#ifndef atan2
  return ((int*)(&atan2))[argc];
#else
  (void)argc;
  return 0;
#endif
}
Determining if the atan2f exist passed with the following output:
Change Dir: /Users/davidframpton/Documents/blockheads2/katipoBrowser/waraki/android/app/.cxx/Debug/6y6q4d60/arm64-v8a/CMakeFiles/CMakeTmp

Run Build Command(s):/Users/davidframpton/Library/Android/sdk/cmake/3.22.1/bin/ninja cmTC_4f8ae && [1/2] Building C object CMakeFiles/cmTC_4f8ae.dir/CheckSymbolExists.c.o
[2/2] Linking C executable cmTC_4f8ae


File /Users/davidframpton/Documents/blockheads2/katipoBrowser/waraki/android/app/.cxx/Debug/6y6q4d60/arm64-v8a/CMakeFiles/CMakeTmp/CheckSymbolExists.c:
/* */
#include <float.h>
#include <iconv.h>
#include <inttypes.h>
#include <limits.h>
#include <malloc.h>
#include <math.h>
#include <memory.h>
#include <signal.h>
#include <stdarg.h>
#include <stdbool.h>
#include <stddef.h>
#include <stdint.h>
#include <stdio.h>
#include <stdlib.h>
#include <string.h>
#include <strings.h>
#include <sys/types.h>
#include <time.h>
#include <wchar.h>

int main(int argc, char** argv)
{
  (void)argv;
#ifndef atan2f
  return ((int*)(&atan2f))[argc];
#else
  (void)argc;
  return 0;
#endif
}
Determining if the atanf exist passed with the following output:
Change Dir: /Users/davidframpton/Documents/blockheads2/katipoBrowser/waraki/android/app/.cxx/Debug/6y6q4d60/arm64-v8a/CMakeFiles/CMakeTmp

Run Build Command(s):/Users/davidframpton/Library/Android/sdk/cmake/3.22.1/bin/ninja cmTC_621e1 && [1/2] Building C object CMakeFiles/cmTC_621e1.dir/CheckSymbolExists.c.o
[2/2] Linking C executable cmTC_621e1


File /Users/davidframpton/Documents/blockheads2/katipoBrowser/waraki/android/app/.cxx/Debug/6y6q4d60/arm64-v8a/CMakeFiles/CMakeTmp/CheckSymbolExists.c:
/* */
#include <float.h>
#include <iconv.h>
#include <inttypes.h>
#include <limits.h>
#include <malloc.h>
#include <math.h>
#include <memory.h>
#include <signal.h>
#include <stdarg.h>
#include <stdbool.h>
#include <stddef.h>
#include <stdint.h>
#include <stdio.h>
#include <stdlib.h>
#include <string.h>
#include <strings.h>
#include <sys/types.h>
#include <time.h>
#include <wchar.h>

int main(int argc, char** argv)
{
  (void)argv;
#ifndef atanf
  return ((int*)(&atanf))[argc];
#else
  (void)argc;
  return 0;
#endif
}
Determining if the atof exist passed with the following output:
Change Dir: /Users/davidframpton/Documents/blockheads2/katipoBrowser/waraki/android/app/.cxx/Debug/6y6q4d60/arm64-v8a/CMakeFiles/CMakeTmp

Run Build Command(s):/Users/davidframpton/Library/Android/sdk/cmake/3.22.1/bin/ninja cmTC_fb376 && [1/2] Building C object CMakeFiles/cmTC_fb376.dir/CheckSymbolExists.c.o
[2/2] Linking C executable cmTC_fb376


File /Users/davidframpton/Documents/blockheads2/katipoBrowser/waraki/android/app/.cxx/Debug/6y6q4d60/arm64-v8a/CMakeFiles/CMakeTmp/CheckSymbolExists.c:
/* */
#include <float.h>
#include <iconv.h>
#include <inttypes.h>
#include <limits.h>
#include <malloc.h>
#include <math.h>
#include <memory.h>
#include <signal.h>
#include <stdarg.h>
#include <stdbool.h>
#include <stddef.h>
#include <stdint.h>
#include <stdio.h>
#include <stdlib.h>
#include <string.h>
#include <strings.h>
#include <sys/types.h>
#include <time.h>
#include <wchar.h>

int main(int argc, char** argv)
{
  (void)argv;
#ifndef atof
  return ((int*)(&atof))[argc];
#else
  (void)argc;
  return 0;
#endif
}
Determining if the atoi exist passed with the following output:
Change Dir: /Users/davidframpton/Documents/blockheads2/katipoBrowser/waraki/android/app/.cxx/Debug/6y6q4d60/arm64-v8a/CMakeFiles/CMakeTmp

Run Build Command(s):/Users/davidframpton/Library/Android/sdk/cmake/3.22.1/bin/ninja cmTC_16f24 && [1/2] Building C object CMakeFiles/cmTC_16f24.dir/CheckSymbolExists.c.o
[2/2] Linking C executable cmTC_16f24


File /Users/davidframpton/Documents/blockheads2/katipoBrowser/waraki/android/app/.cxx/Debug/6y6q4d60/arm64-v8a/CMakeFiles/CMakeTmp/CheckSymbolExists.c:
/* */
#include <float.h>
#include <iconv.h>
#include <inttypes.h>
#include <limits.h>
#include <malloc.h>
#include <math.h>
#include <memory.h>
#include <signal.h>
#include <stdarg.h>
#include <stdbool.h>
#include <stddef.h>
#include <stdint.h>
#include <stdio.h>
#include <stdlib.h>
#include <string.h>
#include <strings.h>
#include <sys/types.h>
#include <time.h>
#include <wchar.h>

int main(int argc, char** argv)
{
  (void)argv;
#ifndef atoi
  return ((int*)(&atoi))[argc];
#else
  (void)argc;
  return 0;
#endif
}
Determining if the bcopy exist passed with the following output:
Change Dir: /Users/davidframpton/Documents/blockheads2/katipoBrowser/waraki/android/app/.cxx/Debug/6y6q4d60/arm64-v8a/CMakeFiles/CMakeTmp

Run Build Command(s):/Users/davidframpton/Library/Android/sdk/cmake/3.22.1/bin/ninja cmTC_37e25 && [1/2] Building C object CMakeFiles/cmTC_37e25.dir/CheckSymbolExists.c.o
[2/2] Linking C executable cmTC_37e25


File /Users/davidframpton/Documents/blockheads2/katipoBrowser/waraki/android/app/.cxx/Debug/6y6q4d60/arm64-v8a/CMakeFiles/CMakeTmp/CheckSymbolExists.c:
/* */
#include <float.h>
#include <iconv.h>
#include <inttypes.h>
#include <limits.h>
#include <malloc.h>
#include <math.h>
#include <memory.h>
#include <signal.h>
#include <stdarg.h>
#include <stdbool.h>
#include <stddef.h>
#include <stdint.h>
#include <stdio.h>
#include <stdlib.h>
#include <string.h>
#include <strings.h>
#include <sys/types.h>
#include <time.h>
#include <wchar.h>

int main(int argc, char** argv)
{
  (void)argv;
#ifndef bcopy
  return ((int*)(&bcopy))[argc];
#else
  (void)argc;
  return 0;
#endif
}
Determining if the ceil exist passed with the following output:
Change Dir: /Users/davidframpton/Documents/blockheads2/katipoBrowser/waraki/android/app/.cxx/Debug/6y6q4d60/arm64-v8a/CMakeFiles/CMakeTmp

Run Build Command(s):/Users/davidframpton/Library/Android/sdk/cmake/3.22.1/bin/ninja cmTC_51e61 && [1/2] Building C object CMakeFiles/cmTC_51e61.dir/CheckSymbolExists.c.o
[2/2] Linking C executable cmTC_51e61


File /Users/davidframpton/Documents/blockheads2/katipoBrowser/waraki/android/app/.cxx/Debug/6y6q4d60/arm64-v8a/CMakeFiles/CMakeTmp/CheckSymbolExists.c:
/* */
#include <float.h>
#include <iconv.h>
#include <inttypes.h>
#include <limits.h>
#include <malloc.h>
#include <math.h>
#include <memory.h>
#include <signal.h>
#include <stdarg.h>
#include <stdbool.h>
#include <stddef.h>
#include <stdint.h>
#include <stdio.h>
#include <stdlib.h>
#include <string.h>
#include <strings.h>
#include <sys/types.h>
#include <time.h>
#include <wchar.h>

int main(int argc, char** argv)
{
  (void)argv;
#ifndef ceil
  return ((int*)(&ceil))[argc];
#else
  (void)argc;
  return 0;
#endif
}
Determining if the ceilf exist passed with the following output:
Change Dir: /Users/davidframpton/Documents/blockheads2/katipoBrowser/waraki/android/app/.cxx/Debug/6y6q4d60/arm64-v8a/CMakeFiles/CMakeTmp

Run Build Command(s):/Users/davidframpton/Library/Android/sdk/cmake/3.22.1/bin/ninja cmTC_33a6f && [1/2] Building C object CMakeFiles/cmTC_33a6f.dir/CheckSymbolExists.c.o
[2/2] Linking C executable cmTC_33a6f


File /Users/davidframpton/Documents/blockheads2/katipoBrowser/waraki/android/app/.cxx/Debug/6y6q4d60/arm64-v8a/CMakeFiles/CMakeTmp/CheckSymbolExists.c:
/* */
#include <float.h>
#include <iconv.h>
#include <inttypes.h>
#include <limits.h>
#include <malloc.h>
#include <math.h>
#include <memory.h>
#include <signal.h>
#include <stdarg.h>
#include <stdbool.h>
#include <stddef.h>
#include <stdint.h>
#include <stdio.h>
#include <stdlib.h>
#include <string.h>
#include <strings.h>
#include <sys/types.h>
#include <time.h>
#include <wchar.h>

int main(int argc, char** argv)
{
  (void)argv;
#ifndef ceilf
  return ((int*)(&ceilf))[argc];
#else
  (void)argc;
  return 0;
#endif
}
Determining if the copysign exist passed with the following output:
Change Dir: /Users/davidframpton/Documents/blockheads2/katipoBrowser/waraki/android/app/.cxx/Debug/6y6q4d60/arm64-v8a/CMakeFiles/CMakeTmp

Run Build Command(s):/Users/davidframpton/Library/Android/sdk/cmake/3.22.1/bin/ninja cmTC_e445a && [1/2] Building C object CMakeFiles/cmTC_e445a.dir/CheckSymbolExists.c.o
[2/2] Linking C executable cmTC_e445a


File /Users/davidframpton/Documents/blockheads2/katipoBrowser/waraki/android/app/.cxx/Debug/6y6q4d60/arm64-v8a/CMakeFiles/CMakeTmp/CheckSymbolExists.c:
/* */
#include <float.h>
#include <iconv.h>
#include <inttypes.h>
#include <limits.h>
#include <malloc.h>
#include <math.h>
#include <memory.h>
#include <signal.h>
#include <stdarg.h>
#include <stdbool.h>
#include <stddef.h>
#include <stdint.h>
#include <stdio.h>
#include <stdlib.h>
#include <string.h>
#include <strings.h>
#include <sys/types.h>
#include <time.h>
#include <wchar.h>

int main(int argc, char** argv)
{
  (void)argv;
#ifndef copysign
  return ((int*)(&copysign))[argc];
#else
  (void)argc;
  return 0;
#endif
}
Determining if the copysignf exist passed with the following output:
Change Dir: /Users/davidframpton/Documents/blockheads2/katipoBrowser/waraki/android/app/.cxx/Debug/6y6q4d60/arm64-v8a/CMakeFiles/CMakeTmp

Run Build Command(s):/Users/davidframpton/Library/Android/sdk/cmake/3.22.1/bin/ninja cmTC_0faeb && [1/2] Building C object CMakeFiles/cmTC_0faeb.dir/CheckSymbolExists.c.o
[2/2] Linking C executable cmTC_0faeb


File /Users/davidframpton/Documents/blockheads2/katipoBrowser/waraki/android/app/.cxx/Debug/6y6q4d60/arm64-v8a/CMakeFiles/CMakeTmp/CheckSymbolExists.c:
/* */
#include <float.h>
#include <iconv.h>
#include <inttypes.h>
#include <limits.h>
#include <malloc.h>
#include <math.h>
#include <memory.h>
#include <signal.h>
#include <stdarg.h>
#include <stdbool.h>
#include <stddef.h>
#include <stdint.h>
#include <stdio.h>
#include <stdlib.h>
#include <string.h>
#include <strings.h>
#include <sys/types.h>
#include <time.h>
#include <wchar.h>

int main(int argc, char** argv)
{
  (void)argv;
#ifndef copysignf
  return ((int*)(&copysignf))[argc];
#else
  (void)argc;
  return 0;
#endif
}
Determining if the cos exist passed with the following output:
Change Dir: /Users/davidframpton/Documents/blockheads2/katipoBrowser/waraki/android/app/.cxx/Debug/6y6q4d60/arm64-v8a/CMakeFiles/CMakeTmp

Run Build Command(s):/Users/davidframpton/Library/Android/sdk/cmake/3.22.1/bin/ninja cmTC_78734 && [1/2] Building C object CMakeFiles/cmTC_78734.dir/CheckSymbolExists.c.o
[2/2] Linking C executable cmTC_78734


File /Users/davidframpton/Documents/blockheads2/katipoBrowser/waraki/android/app/.cxx/Debug/6y6q4d60/arm64-v8a/CMakeFiles/CMakeTmp/CheckSymbolExists.c:
/* */
#include <float.h>
#include <iconv.h>
#include <inttypes.h>
#include <limits.h>
#include <malloc.h>
#include <math.h>
#include <memory.h>
#include <signal.h>
#include <stdarg.h>
#include <stdbool.h>
#include <stddef.h>
#include <stdint.h>
#include <stdio.h>
#include <stdlib.h>
#include <string.h>
#include <strings.h>
#include <sys/types.h>
#include <time.h>
#include <wchar.h>

int main(int argc, char** argv)
{
  (void)argv;
#ifndef cos
  return ((int*)(&cos))[argc];
#else
  (void)argc;
  return 0;
#endif
}
Determining if the cosf exist passed with the following output:
Change Dir: /Users/davidframpton/Documents/blockheads2/katipoBrowser/waraki/android/app/.cxx/Debug/6y6q4d60/arm64-v8a/CMakeFiles/CMakeTmp

Run Build Command(s):/Users/davidframpton/Library/Android/sdk/cmake/3.22.1/bin/ninja cmTC_d56ad && [1/2] Building C object CMakeFiles/cmTC_d56ad.dir/CheckSymbolExists.c.o
[2/2] Linking C executable cmTC_d56ad


File /Users/davidframpton/Documents/blockheads2/katipoBrowser/waraki/android/app/.cxx/Debug/6y6q4d60/arm64-v8a/CMakeFiles/CMakeTmp/CheckSymbolExists.c:
/* */
#include <float.h>
#include <iconv.h>
#include <inttypes.h>
#include <limits.h>
#include <malloc.h>
#include <math.h>
#include <memory.h>
#include <signal.h>
#include <stdarg.h>
#include <stdbool.h>
#include <stddef.h>
#include <stdint.h>
#include <stdio.h>
#include <stdlib.h>
#include <string.h>
#include <strings.h>
#include <sys/types.h>
#include <time.h>
#include <wchar.h>

int main(int argc, char** argv)
{
  (void)argv;
#ifndef cosf
  return ((int*)(&cosf))[argc];
#else
  (void)argc;
  return 0;
#endif
}
Determining if the _Exit exist passed with the following output:
Change Dir: /Users/davidframpton/Documents/blockheads2/katipoBrowser/waraki/android/app/.cxx/Debug/6y6q4d60/arm64-v8a/CMakeFiles/CMakeTmp

Run Build Command(s):/Users/davidframpton/Library/Android/sdk/cmake/3.22.1/bin/ninja cmTC_d5f8e && [1/2] Building C object CMakeFiles/cmTC_d5f8e.dir/CheckSymbolExists.c.o
[2/2] Linking C executable cmTC_d5f8e


File /Users/davidframpton/Documents/blockheads2/katipoBrowser/waraki/android/app/.cxx/Debug/6y6q4d60/arm64-v8a/CMakeFiles/CMakeTmp/CheckSymbolExists.c:
/* */
#include <float.h>
#include <iconv.h>
#include <inttypes.h>
#include <limits.h>
#include <malloc.h>
#include <math.h>
#include <memory.h>
#include <signal.h>
#include <stdarg.h>
#include <stdbool.h>
#include <stddef.h>
#include <stdint.h>
#include <stdio.h>
#include <stdlib.h>
#include <string.h>
#include <strings.h>
#include <sys/types.h>
#include <time.h>
#include <wchar.h>

int main(int argc, char** argv)
{
  (void)argv;
#ifndef _Exit
  return ((int*)(&_Exit))[argc];
#else
  (void)argc;
  return 0;
#endif
}
Determining if the exp exist passed with the following output:
Change Dir: /Users/davidframpton/Documents/blockheads2/katipoBrowser/waraki/android/app/.cxx/Debug/6y6q4d60/arm64-v8a/CMakeFiles/CMakeTmp

Run Build Command(s):/Users/davidframpton/Library/Android/sdk/cmake/3.22.1/bin/ninja cmTC_c95c0 && [1/2] Building C object CMakeFiles/cmTC_c95c0.dir/CheckSymbolExists.c.o
[2/2] Linking C executable cmTC_c95c0


File /Users/davidframpton/Documents/blockheads2/katipoBrowser/waraki/android/app/.cxx/Debug/6y6q4d60/arm64-v8a/CMakeFiles/CMakeTmp/CheckSymbolExists.c:
/* */
#include <float.h>
#include <iconv.h>
#include <inttypes.h>
#include <limits.h>
#include <malloc.h>
#include <math.h>
#include <memory.h>
#include <signal.h>
#include <stdarg.h>
#include <stdbool.h>
#include <stddef.h>
#include <stdint.h>
#include <stdio.h>
#include <stdlib.h>
#include <string.h>
#include <strings.h>
#include <sys/types.h>
#include <time.h>
#include <wchar.h>

int main(int argc, char** argv)
{
  (void)argv;
#ifndef exp
  return ((int*)(&exp))[argc];
#else
  (void)argc;
  return 0;
#endif
}
Determining if the expf exist passed with the following output:
Change Dir: /Users/davidframpton/Documents/blockheads2/katipoBrowser/waraki/android/app/.cxx/Debug/6y6q4d60/arm64-v8a/CMakeFiles/CMakeTmp

Run Build Command(s):/Users/davidframpton/Library/Android/sdk/cmake/3.22.1/bin/ninja cmTC_3a4e0 && [1/2] Building C object CMakeFiles/cmTC_3a4e0.dir/CheckSymbolExists.c.o
[2/2] Linking C executable cmTC_3a4e0


File /Users/davidframpton/Documents/blockheads2/katipoBrowser/waraki/android/app/.cxx/Debug/6y6q4d60/arm64-v8a/CMakeFiles/CMakeTmp/CheckSymbolExists.c:
/* */
#include <float.h>
#include <iconv.h>
#include <inttypes.h>
#include <limits.h>
#include <malloc.h>
#include <math.h>
#include <memory.h>
#include <signal.h>
#include <stdarg.h>
#include <stdbool.h>
#include <stddef.h>
#include <stdint.h>
#include <stdio.h>
#include <stdlib.h>
#include <string.h>
#include <strings.h>
#include <sys/types.h>
#include <time.h>
#include <wchar.h>

int main(int argc, char** argv)
{
  (void)argv;
#ifndef expf
  return ((int*)(&expf))[argc];
#else
  (void)argc;
  return 0;
#endif
}
Determining if the fabs exist passed with the following output:
Change Dir: /Users/davidframpton/Documents/blockheads2/katipoBrowser/waraki/android/app/.cxx/Debug/6y6q4d60/arm64-v8a/CMakeFiles/CMakeTmp

Run Build Command(s):/Users/davidframpton/Library/Android/sdk/cmake/3.22.1/bin/ninja cmTC_d35b0 && [1/2] Building C object CMakeFiles/cmTC_d35b0.dir/CheckSymbolExists.c.o
[2/2] Linking C executable cmTC_d35b0


File /Users/davidframpton/Documents/blockheads2/katipoBrowser/waraki/android/app/.cxx/Debug/6y6q4d60/arm64-v8a/CMakeFiles/CMakeTmp/CheckSymbolExists.c:
/* */
#include <float.h>
#include <iconv.h>
#include <inttypes.h>
#include <limits.h>
#include <malloc.h>
#include <math.h>
#include <memory.h>
#include <signal.h>
#include <stdarg.h>
#include <stdbool.h>
#include <stddef.h>
#include <stdint.h>
#include <stdio.h>
#include <stdlib.h>
#include <string.h>
#include <strings.h>
#include <sys/types.h>
#include <time.h>
#include <wchar.h>

int main(int argc, char** argv)
{
  (void)argv;
#ifndef fabs
  return ((int*)(&fabs))[argc];
#else
  (void)argc;
  return 0;
#endif
}
Determining if the fabsf exist passed with the following output:
Change Dir: /Users/davidframpton/Documents/blockheads2/katipoBrowser/waraki/android/app/.cxx/Debug/6y6q4d60/arm64-v8a/CMakeFiles/CMakeTmp

Run Build Command(s):/Users/davidframpton/Library/Android/sdk/cmake/3.22.1/bin/ninja cmTC_061fc && [1/2] Building C object CMakeFiles/cmTC_061fc.dir/CheckSymbolExists.c.o
[2/2] Linking C executable cmTC_061fc


File /Users/davidframpton/Documents/blockheads2/katipoBrowser/waraki/android/app/.cxx/Debug/6y6q4d60/arm64-v8a/CMakeFiles/CMakeTmp/CheckSymbolExists.c:
/* */
#include <float.h>
#include <iconv.h>
#include <inttypes.h>
#include <limits.h>
#include <malloc.h>
#include <math.h>
#include <memory.h>
#include <signal.h>
#include <stdarg.h>
#include <stdbool.h>
#include <stddef.h>
#include <stdint.h>
#include <stdio.h>
#include <stdlib.h>
#include <string.h>
#include <strings.h>
#include <sys/types.h>
#include <time.h>
#include <wchar.h>

int main(int argc, char** argv)
{
  (void)argv;
#ifndef fabsf
  return ((int*)(&fabsf))[argc];
#else
  (void)argc;
  return 0;
#endif
}
Determining if the floor exist passed with the following output:
Change Dir: /Users/davidframpton/Documents/blockheads2/katipoBrowser/waraki/android/app/.cxx/Debug/6y6q4d60/arm64-v8a/CMakeFiles/CMakeTmp

Run Build Command(s):/Users/davidframpton/Library/Android/sdk/cmake/3.22.1/bin/ninja cmTC_9e397 && [1/2] Building C object CMakeFiles/cmTC_9e397.dir/CheckSymbolExists.c.o
[2/2] Linking C executable cmTC_9e397


File /Users/davidframpton/Documents/blockheads2/katipoBrowser/waraki/android/app/.cxx/Debug/6y6q4d60/arm64-v8a/CMakeFiles/CMakeTmp/CheckSymbolExists.c:
/* */
#include <float.h>
#include <iconv.h>
#include <inttypes.h>
#include <limits.h>
#include <malloc.h>
#include <math.h>
#include <memory.h>
#include <signal.h>
#include <stdarg.h>
#include <stdbool.h>
#include <stddef.h>
#include <stdint.h>
#include <stdio.h>
#include <stdlib.h>
#include <string.h>
#include <strings.h>
#include <sys/types.h>
#include <time.h>
#include <wchar.h>

int main(int argc, char** argv)
{
  (void)argv;
#ifndef floor
  return ((int*)(&floor))[argc];
#else
  (void)argc;
  return 0;
#endif
}
Determining if the floorf exist passed with the following output:
Change Dir: /Users/davidframpton/Documents/blockheads2/katipoBrowser/waraki/android/app/.cxx/Debug/6y6q4d60/arm64-v8a/CMakeFiles/CMakeTmp

Run Build Command(s):/Users/davidframpton/Library/Android/sdk/cmake/3.22.1/bin/ninja cmTC_b7710 && [1/2] Building C object CMakeFiles/cmTC_b7710.dir/CheckSymbolExists.c.o
[2/2] Linking C executable cmTC_b7710


File /Users/davidframpton/Documents/blockheads2/katipoBrowser/waraki/android/app/.cxx/Debug/6y6q4d60/arm64-v8a/CMakeFiles/CMakeTmp/CheckSymbolExists.c:
/* */
#include <float.h>
#include <iconv.h>
#include <inttypes.h>
#include <limits.h>
#include <malloc.h>
#include <math.h>
#include <memory.h>
#include <signal.h>
#include <stdarg.h>
#include <stdbool.h>
#include <stddef.h>
#include <stdint.h>
#include <stdio.h>
#include <stdlib.h>
#include <string.h>
#include <strings.h>
#include <sys/types.h>
#include <time.h>
#include <wchar.h>

int main(int argc, char** argv)
{
  (void)argv;
#ifndef floorf
  return ((int*)(&floorf))[argc];
#else
  (void)argc;
  return 0;
#endif
}
Determining if the fmod exist passed with the following output:
Change Dir: /Users/davidframpton/Documents/blockheads2/katipoBrowser/waraki/android/app/.cxx/Debug/6y6q4d60/arm64-v8a/CMakeFiles/CMakeTmp

Run Build Command(s):/Users/davidframpton/Library/Android/sdk/cmake/3.22.1/bin/ninja cmTC_dfefd && [1/2] Building C object CMakeFiles/cmTC_dfefd.dir/CheckSymbolExists.c.o
[2/2] Linking C executable cmTC_dfefd


File /Users/davidframpton/Documents/blockheads2/katipoBrowser/waraki/android/app/.cxx/Debug/6y6q4d60/arm64-v8a/CMakeFiles/CMakeTmp/CheckSymbolExists.c:
/* */
#include <float.h>
#include <iconv.h>
#include <inttypes.h>
#include <limits.h>
#include <malloc.h>
#include <math.h>
#include <memory.h>
#include <signal.h>
#include <stdarg.h>
#include <stdbool.h>
#include <stddef.h>
#include <stdint.h>
#include <stdio.h>
#include <stdlib.h>
#include <string.h>
#include <strings.h>
#include <sys/types.h>
#include <time.h>
#include <wchar.h>

int main(int argc, char** argv)
{
  (void)argv;
#ifndef fmod
  return ((int*)(&fmod))[argc];
#else
  (void)argc;
  return 0;
#endif
}
Determining if the fmodf exist passed with the following output:
Change Dir: /Users/davidframpton/Documents/blockheads2/katipoBrowser/waraki/android/app/.cxx/Debug/6y6q4d60/arm64-v8a/CMakeFiles/CMakeTmp

Run Build Command(s):/Users/davidframpton/Library/Android/sdk/cmake/3.22.1/bin/ninja cmTC_1f1ae && [1/2] Building C object CMakeFiles/cmTC_1f1ae.dir/CheckSymbolExists.c.o
[2/2] Linking C executable cmTC_1f1ae


File /Users/davidframpton/Documents/blockheads2/katipoBrowser/waraki/android/app/.cxx/Debug/6y6q4d60/arm64-v8a/CMakeFiles/CMakeTmp/CheckSymbolExists.c:
/* */
#include <float.h>
#include <iconv.h>
#include <inttypes.h>
#include <limits.h>
#include <malloc.h>
#include <math.h>
#include <memory.h>
#include <signal.h>
#include <stdarg.h>
#include <stdbool.h>
#include <stddef.h>
#include <stdint.h>
#include <stdio.h>
#include <stdlib.h>
#include <string.h>
#include <strings.h>
#include <sys/types.h>
#include <time.h>
#include <wchar.h>

int main(int argc, char** argv)
{
  (void)argv;
#ifndef fmodf
  return ((int*)(&fmodf))[argc];
#else
  (void)argc;
  return 0;
#endif
}
Determining if the fopen64 exist passed with the following output:
Change Dir: /Users/davidframpton/Documents/blockheads2/katipoBrowser/waraki/android/app/.cxx/Debug/6y6q4d60/arm64-v8a/CMakeFiles/CMakeTmp

Run Build Command(s):/Users/davidframpton/Library/Android/sdk/cmake/3.22.1/bin/ninja cmTC_d00a1 && [1/2] Building C object CMakeFiles/cmTC_d00a1.dir/CheckSymbolExists.c.o
[2/2] Linking C executable cmTC_d00a1


File /Users/davidframpton/Documents/blockheads2/katipoBrowser/waraki/android/app/.cxx/Debug/6y6q4d60/arm64-v8a/CMakeFiles/CMakeTmp/CheckSymbolExists.c:
/* */
#include <float.h>
#include <iconv.h>
#include <inttypes.h>
#include <limits.h>
#include <malloc.h>
#include <math.h>
#include <memory.h>
#include <signal.h>
#include <stdarg.h>
#include <stdbool.h>
#include <stddef.h>
#include <stdint.h>
#include <stdio.h>
#include <stdlib.h>
#include <string.h>
#include <strings.h>
#include <sys/types.h>
#include <time.h>
#include <wchar.h>

int main(int argc, char** argv)
{
  (void)argv;
#ifndef fopen64
  return ((int*)(&fopen64))[argc];
#else
  (void)argc;
  return 0;
#endif
}
Determining if the fseeko exist passed with the following output:
Change Dir: /Users/davidframpton/Documents/blockheads2/katipoBrowser/waraki/android/app/.cxx/Debug/6y6q4d60/arm64-v8a/CMakeFiles/CMakeTmp

Run Build Command(s):/Users/davidframpton/Library/Android/sdk/cmake/3.22.1/bin/ninja cmTC_12f31 && [1/2] Building C object CMakeFiles/cmTC_12f31.dir/CheckSymbolExists.c.o
[2/2] Linking C executable cmTC_12f31


File /Users/davidframpton/Documents/blockheads2/katipoBrowser/waraki/android/app/.cxx/Debug/6y6q4d60/arm64-v8a/CMakeFiles/CMakeTmp/CheckSymbolExists.c:
/* */
#include <float.h>
#include <iconv.h>
#include <inttypes.h>
#include <limits.h>
#include <malloc.h>
#include <math.h>
#include <memory.h>
#include <signal.h>
#include <stdarg.h>
#include <stdbool.h>
#include <stddef.h>
#include <stdint.h>
#include <stdio.h>
#include <stdlib.h>
#include <string.h>
#include <strings.h>
#include <sys/types.h>
#include <time.h>
#include <wchar.h>

int main(int argc, char** argv)
{
  (void)argv;
#ifndef fseeko
  return ((int*)(&fseeko))[argc];
#else
  (void)argc;
  return 0;
#endif
}
Determining if the fseeko64 exist passed with the following output:
Change Dir: /Users/davidframpton/Documents/blockheads2/katipoBrowser/waraki/android/app/.cxx/Debug/6y6q4d60/arm64-v8a/CMakeFiles/CMakeTmp

Run Build Command(s):/Users/davidframpton/Library/Android/sdk/cmake/3.22.1/bin/ninja cmTC_23a41 && [1/2] Building C object CMakeFiles/cmTC_23a41.dir/CheckSymbolExists.c.o
[2/2] Linking C executable cmTC_23a41


File /Users/davidframpton/Documents/blockheads2/katipoBrowser/waraki/android/app/.cxx/Debug/6y6q4d60/arm64-v8a/CMakeFiles/CMakeTmp/CheckSymbolExists.c:
/* */
#include <float.h>
#include <iconv.h>
#include <inttypes.h>
#include <limits.h>
#include <malloc.h>
#include <math.h>
#include <memory.h>
#include <signal.h>
#include <stdarg.h>
#include <stdbool.h>
#include <stddef.h>
#include <stdint.h>
#include <stdio.h>
#include <stdlib.h>
#include <string.h>
#include <strings.h>
#include <sys/types.h>
#include <time.h>
#include <wchar.h>

int main(int argc, char** argv)
{
  (void)argv;
#ifndef fseeko64
  return ((int*)(&fseeko64))[argc];
#else
  (void)argc;
  return 0;
#endif
}
Determining if the getenv exist passed with the following output:
Change Dir: /Users/davidframpton/Documents/blockheads2/katipoBrowser/waraki/android/app/.cxx/Debug/6y6q4d60/arm64-v8a/CMakeFiles/CMakeTmp

Run Build Command(s):/Users/davidframpton/Library/Android/sdk/cmake/3.22.1/bin/ninja cmTC_0bf37 && [1/2] Building C object CMakeFiles/cmTC_0bf37.dir/CheckSymbolExists.c.o
[2/2] Linking C executable cmTC_0bf37


File /Users/davidframpton/Documents/blockheads2/katipoBrowser/waraki/android/app/.cxx/Debug/6y6q4d60/arm64-v8a/CMakeFiles/CMakeTmp/CheckSymbolExists.c:
/* */
#include <float.h>
#include <iconv.h>
#include <inttypes.h>
#include <limits.h>
#include <malloc.h>
#include <math.h>
#include <memory.h>
#include <signal.h>
#include <stdarg.h>
#include <stdbool.h>
#include <stddef.h>
#include <stdint.h>
#include <stdio.h>
#include <stdlib.h>
#include <string.h>
#include <strings.h>
#include <sys/types.h>
#include <time.h>
#include <wchar.h>

int main(int argc, char** argv)
{
  (void)argv;
#ifndef getenv
  return ((int*)(&getenv))[argc];
#else
  (void)argc;
  return 0;
#endif
}
Determining if the log exist passed with the following output:
Change Dir: /Users/davidframpton/Documents/blockheads2/katipoBrowser/waraki/android/app/.cxx/Debug/6y6q4d60/arm64-v8a/CMakeFiles/CMakeTmp

Run Build Command(s):/Users/davidframpton/Library/Android/sdk/cmake/3.22.1/bin/ninja cmTC_a85d6 && [1/2] Building C object CMakeFiles/cmTC_a85d6.dir/CheckSymbolExists.c.o
[2/2] Linking C executable cmTC_a85d6


File /Users/davidframpton/Documents/blockheads2/katipoBrowser/waraki/android/app/.cxx/Debug/6y6q4d60/arm64-v8a/CMakeFiles/CMakeTmp/CheckSymbolExists.c:
/* */
#include <float.h>
#include <iconv.h>
#include <inttypes.h>
#include <limits.h>
#include <malloc.h>
#include <math.h>
#include <memory.h>
#include <signal.h>
#include <stdarg.h>
#include <stdbool.h>
#include <stddef.h>
#include <stdint.h>
#include <stdio.h>
#include <stdlib.h>
#include <string.h>
#include <strings.h>
#include <sys/types.h>
#include <time.h>
#include <wchar.h>

int main(int argc, char** argv)
{
  (void)argv;
#ifndef log
  return ((int*)(&log))[argc];
#else
  (void)argc;
  return 0;
#endif
}
Determining if the log10 exist passed with the following output:
Change Dir: /Users/davidframpton/Documents/blockheads2/katipoBrowser/waraki/android/app/.cxx/Debug/6y6q4d60/arm64-v8a/CMakeFiles/CMakeTmp

Run Build Command(s):/Users/davidframpton/Library/Android/sdk/cmake/3.22.1/bin/ninja cmTC_f5002 && [1/2] Building C object CMakeFiles/cmTC_f5002.dir/CheckSymbolExists.c.o
[2/2] Linking C executable cmTC_f5002


File /Users/davidframpton/Documents/blockheads2/katipoBrowser/waraki/android/app/.cxx/Debug/6y6q4d60/arm64-v8a/CMakeFiles/CMakeTmp/CheckSymbolExists.c:
/* */
#include <float.h>
#include <iconv.h>
#include <inttypes.h>
#include <limits.h>
#include <malloc.h>
#include <math.h>
#include <memory.h>
#include <signal.h>
#include <stdarg.h>
#include <stdbool.h>
#include <stddef.h>
#include <stdint.h>
#include <stdio.h>
#include <stdlib.h>
#include <string.h>
#include <strings.h>
#include <sys/types.h>
#include <time.h>
#include <wchar.h>

int main(int argc, char** argv)
{
  (void)argv;
#ifndef log10
  return ((int*)(&log10))[argc];
#else
  (void)argc;
  return 0;
#endif
}
Determining if the log10f exist passed with the following output:
Change Dir: /Users/davidframpton/Documents/blockheads2/katipoBrowser/waraki/android/app/.cxx/Debug/6y6q4d60/arm64-v8a/CMakeFiles/CMakeTmp

Run Build Command(s):/Users/davidframpton/Library/Android/sdk/cmake/3.22.1/bin/ninja cmTC_34b1b && [1/2] Building C object CMakeFiles/cmTC_34b1b.dir/CheckSymbolExists.c.o
[2/2] Linking C executable cmTC_34b1b


File /Users/davidframpton/Documents/blockheads2/katipoBrowser/waraki/android/app/.cxx/Debug/6y6q4d60/arm64-v8a/CMakeFiles/CMakeTmp/CheckSymbolExists.c:
/* */
#include <float.h>
#include <iconv.h>
#include <inttypes.h>
#include <limits.h>
#include <malloc.h>
#include <math.h>
#include <memory.h>
#include <signal.h>
#include <stdarg.h>
#include <stdbool.h>
#include <stddef.h>
#include <stdint.h>
#include <stdio.h>
#include <stdlib.h>
#include <string.h>
#include <strings.h>
#include <sys/types.h>
#include <time.h>
#include <wchar.h>

int main(int argc, char** argv)
{
  (void)argv;
#ifndef log10f
  return ((int*)(&log10f))[argc];
#else
  (void)argc;
  return 0;
#endif
}
Determining if the logf exist passed with the following output:
Change Dir: /Users/davidframpton/Documents/blockheads2/katipoBrowser/waraki/android/app/.cxx/Debug/6y6q4d60/arm64-v8a/CMakeFiles/CMakeTmp

Run Build Command(s):/Users/davidframpton/Library/Android/sdk/cmake/3.22.1/bin/ninja cmTC_740a8 && [1/2] Building C object CMakeFiles/cmTC_740a8.dir/CheckSymbolExists.c.o
[2/2] Linking C executable cmTC_740a8


File /Users/davidframpton/Documents/blockheads2/katipoBrowser/waraki/android/app/.cxx/Debug/6y6q4d60/arm64-v8a/CMakeFiles/CMakeTmp/CheckSymbolExists.c:
/* */
#include <float.h>
#include <iconv.h>
#include <inttypes.h>
#include <limits.h>
#include <malloc.h>
#include <math.h>
#include <memory.h>
#include <signal.h>
#include <stdarg.h>
#include <stdbool.h>
#include <stddef.h>
#include <stdint.h>
#include <stdio.h>
#include <stdlib.h>
#include <string.h>
#include <strings.h>
#include <sys/types.h>
#include <time.h>
#include <wchar.h>

int main(int argc, char** argv)
{
  (void)argv;
#ifndef logf
  return ((int*)(&logf))[argc];
#else
  (void)argc;
  return 0;
#endif
}
Determining if the lround exist passed with the following output:
Change Dir: /Users/davidframpton/Documents/blockheads2/katipoBrowser/waraki/android/app/.cxx/Debug/6y6q4d60/arm64-v8a/CMakeFiles/CMakeTmp

Run Build Command(s):/Users/davidframpton/Library/Android/sdk/cmake/3.22.1/bin/ninja cmTC_c36ff && [1/2] Building C object CMakeFiles/cmTC_c36ff.dir/CheckSymbolExists.c.o
[2/2] Linking C executable cmTC_c36ff


File /Users/davidframpton/Documents/blockheads2/katipoBrowser/waraki/android/app/.cxx/Debug/6y6q4d60/arm64-v8a/CMakeFiles/CMakeTmp/CheckSymbolExists.c:
/* */
#include <float.h>
#include <iconv.h>
#include <inttypes.h>
#include <limits.h>
#include <malloc.h>
#include <math.h>
#include <memory.h>
#include <signal.h>
#include <stdarg.h>
#include <stdbool.h>
#include <stddef.h>
#include <stdint.h>
#include <stdio.h>
#include <stdlib.h>
#include <string.h>
#include <strings.h>
#include <sys/types.h>
#include <time.h>
#include <wchar.h>

int main(int argc, char** argv)
{
  (void)argv;
#ifndef lround
  return ((int*)(&lround))[argc];
#else
  (void)argc;
  return 0;
#endif
}
Determining if the lroundf exist passed with the following output:
Change Dir: /Users/davidframpton/Documents/blockheads2/katipoBrowser/waraki/android/app/.cxx/Debug/6y6q4d60/arm64-v8a/CMakeFiles/CMakeTmp

Run Build Command(s):/Users/davidframpton/Library/Android/sdk/cmake/3.22.1/bin/ninja cmTC_7a702 && [1/2] Building C object CMakeFiles/cmTC_7a702.dir/CheckSymbolExists.c.o
[2/2] Linking C executable cmTC_7a702


File /Users/davidframpton/Documents/blockheads2/katipoBrowser/waraki/android/app/.cxx/Debug/6y6q4d60/arm64-v8a/CMakeFiles/CMakeTmp/CheckSymbolExists.c:
/* */
#include <float.h>
#include <iconv.h>
#include <inttypes.h>
#include <limits.h>
#include <malloc.h>
#include <math.h>
#include <memory.h>
#include <signal.h>
#include <stdarg.h>
#include <stdbool.h>
#include <stddef.h>
#include <stdint.h>
#include <stdio.h>
#include <stdlib.h>
#include <string.h>
#include <strings.h>
#include <sys/types.h>
#include <time.h>
#include <wchar.h>

int main(int argc, char** argv)
{
  (void)argv;
#ifndef lroundf
  return ((int*)(&lroundf))[argc];
#else
  (void)argc;
  return 0;
#endif
}
Determining if the malloc exist passed with the following output:
Change Dir: /Users/davidframpton/Documents/blockheads2/katipoBrowser/waraki/android/app/.cxx/Debug/6y6q4d60/arm64-v8a/CMakeFiles/CMakeTmp

Run Build Command(s):/Users/davidframpton/Library/Android/sdk/cmake/3.22.1/bin/ninja cmTC_1dce9 && [1/2] Building C object CMakeFiles/cmTC_1dce9.dir/CheckSymbolExists.c.o
[2/2] Linking C executable cmTC_1dce9


File /Users/davidframpton/Documents/blockheads2/katipoBrowser/waraki/android/app/.cxx/Debug/6y6q4d60/arm64-v8a/CMakeFiles/CMakeTmp/CheckSymbolExists.c:
/* */
#include <float.h>
#include <iconv.h>
#include <inttypes.h>
#include <limits.h>
#include <malloc.h>
#include <math.h>
#include <memory.h>
#include <signal.h>
#include <stdarg.h>
#include <stdbool.h>
#include <stddef.h>
#include <stdint.h>
#include <stdio.h>
#include <stdlib.h>
#include <string.h>
#include <strings.h>
#include <sys/types.h>
#include <time.h>
#include <wchar.h>

int main(int argc, char** argv)
{
  (void)argv;
#ifndef malloc
  return ((int*)(&malloc))[argc];
#else
  (void)argc;
  return 0;
#endif
}
Determining if the memcmp exist passed with the following output:
Change Dir: /Users/davidframpton/Documents/blockheads2/katipoBrowser/waraki/android/app/.cxx/Debug/6y6q4d60/arm64-v8a/CMakeFiles/CMakeTmp

Run Build Command(s):/Users/davidframpton/Library/Android/sdk/cmake/3.22.1/bin/ninja cmTC_732a1 && [1/2] Building C object CMakeFiles/cmTC_732a1.dir/CheckSymbolExists.c.o
[2/2] Linking C executable cmTC_732a1


File /Users/davidframpton/Documents/blockheads2/katipoBrowser/waraki/android/app/.cxx/Debug/6y6q4d60/arm64-v8a/CMakeFiles/CMakeTmp/CheckSymbolExists.c:
/* */
#include <float.h>
#include <iconv.h>
#include <inttypes.h>
#include <limits.h>
#include <malloc.h>
#include <math.h>
#include <memory.h>
#include <signal.h>
#include <stdarg.h>
#include <stdbool.h>
#include <stddef.h>
#include <stdint.h>
#include <stdio.h>
#include <stdlib.h>
#include <string.h>
#include <strings.h>
#include <sys/types.h>
#include <time.h>
#include <wchar.h>

int main(int argc, char** argv)
{
  (void)argv;
#ifndef memcmp
  return ((int*)(&memcmp))[argc];
#else
  (void)argc;
  return 0;
#endif
}
Determining if the memcpy exist passed with the following output:
Change Dir: /Users/davidframpton/Documents/blockheads2/katipoBrowser/waraki/android/app/.cxx/Debug/6y6q4d60/arm64-v8a/CMakeFiles/CMakeTmp

Run Build Command(s):/Users/davidframpton/Library/Android/sdk/cmake/3.22.1/bin/ninja cmTC_eef9e && [1/2] Building C object CMakeFiles/cmTC_eef9e.dir/CheckSymbolExists.c.o
[2/2] Linking C executable cmTC_eef9e


File /Users/davidframpton/Documents/blockheads2/katipoBrowser/waraki/android/app/.cxx/Debug/6y6q4d60/arm64-v8a/CMakeFiles/CMakeTmp/CheckSymbolExists.c:
/* */
#include <float.h>
#include <iconv.h>
#include <inttypes.h>
#include <limits.h>
#include <malloc.h>
#include <math.h>
#include <memory.h>
#include <signal.h>
#include <stdarg.h>
#include <stdbool.h>
#include <stddef.h>
#include <stdint.h>
#include <stdio.h>
#include <stdlib.h>
#include <string.h>
#include <strings.h>
#include <sys/types.h>
#include <time.h>
#include <wchar.h>

int main(int argc, char** argv)
{
  (void)argv;
#ifndef memcpy
  return ((int*)(&memcpy))[argc];
#else
  (void)argc;
  return 0;
#endif
}
Determining if the memmove exist passed with the following output:
Change Dir: /Users/davidframpton/Documents/blockheads2/katipoBrowser/waraki/android/app/.cxx/Debug/6y6q4d60/arm64-v8a/CMakeFiles/CMakeTmp

Run Build Command(s):/Users/davidframpton/Library/Android/sdk/cmake/3.22.1/bin/ninja cmTC_b7b39 && [1/2] Building C object CMakeFiles/cmTC_b7b39.dir/CheckSymbolExists.c.o
[2/2] Linking C executable cmTC_b7b39


File /Users/davidframpton/Documents/blockheads2/katipoBrowser/waraki/android/app/.cxx/Debug/6y6q4d60/arm64-v8a/CMakeFiles/CMakeTmp/CheckSymbolExists.c:
/* */
#include <float.h>
#include <iconv.h>
#include <inttypes.h>
#include <limits.h>
#include <malloc.h>
#include <math.h>
#include <memory.h>
#include <signal.h>
#include <stdarg.h>
#include <stdbool.h>
#include <stddef.h>
#include <stdint.h>
#include <stdio.h>
#include <stdlib.h>
#include <string.h>
#include <strings.h>
#include <sys/types.h>
#include <time.h>
#include <wchar.h>

int main(int argc, char** argv)
{
  (void)argv;
#ifndef memmove
  return ((int*)(&memmove))[argc];
#else
  (void)argc;
  return 0;
#endif
}
Determining if the memset exist passed with the following output:
Change Dir: /Users/davidframpton/Documents/blockheads2/katipoBrowser/waraki/android/app/.cxx/Debug/6y6q4d60/arm64-v8a/CMakeFiles/CMakeTmp

Run Build Command(s):/Users/davidframpton/Library/Android/sdk/cmake/3.22.1/bin/ninja cmTC_ddc3b && [1/2] Building C object CMakeFiles/cmTC_ddc3b.dir/CheckSymbolExists.c.o
[2/2] Linking C executable cmTC_ddc3b


File /Users/davidframpton/Documents/blockheads2/katipoBrowser/waraki/android/app/.cxx/Debug/6y6q4d60/arm64-v8a/CMakeFiles/CMakeTmp/CheckSymbolExists.c:
/* */
#include <float.h>
#include <iconv.h>
#include <inttypes.h>
#include <limits.h>
#include <malloc.h>
#include <math.h>
#include <memory.h>
#include <signal.h>
#include <stdarg.h>
#include <stdbool.h>
#include <stddef.h>
#include <stdint.h>
#include <stdio.h>
#include <stdlib.h>
#include <string.h>
#include <strings.h>
#include <sys/types.h>
#include <time.h>
#include <wchar.h>

int main(int argc, char** argv)
{
  (void)argv;
#ifndef memset
  return ((int*)(&memset))[argc];
#else
  (void)argc;
  return 0;
#endif
}
Determining if the modf exist passed with the following output:
Change Dir: /Users/davidframpton/Documents/blockheads2/katipoBrowser/waraki/android/app/.cxx/Debug/6y6q4d60/arm64-v8a/CMakeFiles/CMakeTmp

Run Build Command(s):/Users/davidframpton/Library/Android/sdk/cmake/3.22.1/bin/ninja cmTC_9efee && [1/2] Building C object CMakeFiles/cmTC_9efee.dir/CheckSymbolExists.c.o
[2/2] Linking C executable cmTC_9efee


File /Users/davidframpton/Documents/blockheads2/katipoBrowser/waraki/android/app/.cxx/Debug/6y6q4d60/arm64-v8a/CMakeFiles/CMakeTmp/CheckSymbolExists.c:
/* */
#include <float.h>
#include <iconv.h>
#include <inttypes.h>
#include <limits.h>
#include <malloc.h>
#include <math.h>
#include <memory.h>
#include <signal.h>
#include <stdarg.h>
#include <stdbool.h>
#include <stddef.h>
#include <stdint.h>
#include <stdio.h>
#include <stdlib.h>
#include <string.h>
#include <strings.h>
#include <sys/types.h>
#include <time.h>
#include <wchar.h>

int main(int argc, char** argv)
{
  (void)argv;
#ifndef modf
  return ((int*)(&modf))[argc];
#else
  (void)argc;
  return 0;
#endif
}
Determining if the modff exist passed with the following output:
Change Dir: /Users/davidframpton/Documents/blockheads2/katipoBrowser/waraki/android/app/.cxx/Debug/6y6q4d60/arm64-v8a/CMakeFiles/CMakeTmp

Run Build Command(s):/Users/davidframpton/Library/Android/sdk/cmake/3.22.1/bin/ninja cmTC_87c1d && [1/2] Building C object CMakeFiles/cmTC_87c1d.dir/CheckSymbolExists.c.o
[2/2] Linking C executable cmTC_87c1d


File /Users/davidframpton/Documents/blockheads2/katipoBrowser/waraki/android/app/.cxx/Debug/6y6q4d60/arm64-v8a/CMakeFiles/CMakeTmp/CheckSymbolExists.c:
/* */
#include <float.h>
#include <iconv.h>
#include <inttypes.h>
#include <limits.h>
#include <malloc.h>
#include <math.h>
#include <memory.h>
#include <signal.h>
#include <stdarg.h>
#include <stdbool.h>
#include <stddef.h>
#include <stdint.h>
#include <stdio.h>
#include <stdlib.h>
#include <string.h>
#include <strings.h>
#include <sys/types.h>
#include <time.h>
#include <wchar.h>

int main(int argc, char** argv)
{
  (void)argv;
#ifndef modff
  return ((int*)(&modff))[argc];
#else
  (void)argc;
  return 0;
#endif
}
Determining if the pow exist passed with the following output:
Change Dir: /Users/davidframpton/Documents/blockheads2/katipoBrowser/waraki/android/app/.cxx/Debug/6y6q4d60/arm64-v8a/CMakeFiles/CMakeTmp

Run Build Command(s):/Users/davidframpton/Library/Android/sdk/cmake/3.22.1/bin/ninja cmTC_9517c && [1/2] Building C object CMakeFiles/cmTC_9517c.dir/CheckSymbolExists.c.o
[2/2] Linking C executable cmTC_9517c


File /Users/davidframpton/Documents/blockheads2/katipoBrowser/waraki/android/app/.cxx/Debug/6y6q4d60/arm64-v8a/CMakeFiles/CMakeTmp/CheckSymbolExists.c:
/* */
#include <float.h>
#include <iconv.h>
#include <inttypes.h>
#include <limits.h>
#include <malloc.h>
#include <math.h>
#include <memory.h>
#include <signal.h>
#include <stdarg.h>
#include <stdbool.h>
#include <stddef.h>
#include <stdint.h>
#include <stdio.h>
#include <stdlib.h>
#include <string.h>
#include <strings.h>
#include <sys/types.h>
#include <time.h>
#include <wchar.h>

int main(int argc, char** argv)
{
  (void)argv;
#ifndef pow
  return ((int*)(&pow))[argc];
#else
  (void)argc;
  return 0;
#endif
}
Determining if the powf exist passed with the following output:
Change Dir: /Users/davidframpton/Documents/blockheads2/katipoBrowser/waraki/android/app/.cxx/Debug/6y6q4d60/arm64-v8a/CMakeFiles/CMakeTmp

Run Build Command(s):/Users/davidframpton/Library/Android/sdk/cmake/3.22.1/bin/ninja cmTC_7d8de && [1/2] Building C object CMakeFiles/cmTC_7d8de.dir/CheckSymbolExists.c.o
[2/2] Linking C executable cmTC_7d8de


File /Users/davidframpton/Documents/blockheads2/katipoBrowser/waraki/android/app/.cxx/Debug/6y6q4d60/arm64-v8a/CMakeFiles/CMakeTmp/CheckSymbolExists.c:
/* */
#include <float.h>
#include <iconv.h>
#include <inttypes.h>
#include <limits.h>
#include <malloc.h>
#include <math.h>
#include <memory.h>
#include <signal.h>
#include <stdarg.h>
#include <stdbool.h>
#include <stddef.h>
#include <stdint.h>
#include <stdio.h>
#include <stdlib.h>
#include <string.h>
#include <strings.h>
#include <sys/types.h>
#include <time.h>
#include <wchar.h>

int main(int argc, char** argv)
{
  (void)argv;
#ifndef powf
  return ((int*)(&powf))[argc];
#else
  (void)argc;
  return 0;
#endif
}
Determining if the putenv exist passed with the following output:
Change Dir: /Users/davidframpton/Documents/blockheads2/katipoBrowser/waraki/android/app/.cxx/Debug/6y6q4d60/arm64-v8a/CMakeFiles/CMakeTmp

Run Build Command(s):/Users/davidframpton/Library/Android/sdk/cmake/3.22.1/bin/ninja cmTC_ec23e && [1/2] Building C object CMakeFiles/cmTC_ec23e.dir/CheckSymbolExists.c.o
[2/2] Linking C executable cmTC_ec23e


File /Users/davidframpton/Documents/blockheads2/katipoBrowser/waraki/android/app/.cxx/Debug/6y6q4d60/arm64-v8a/CMakeFiles/CMakeTmp/CheckSymbolExists.c:
/* */
#include <float.h>
#include <iconv.h>
#include <inttypes.h>
#include <limits.h>
#include <malloc.h>
#include <math.h>
#include <memory.h>
#include <signal.h>
#include <stdarg.h>
#include <stdbool.h>
#include <stddef.h>
#include <stdint.h>
#include <stdio.h>
#include <stdlib.h>
#include <string.h>
#include <strings.h>
#include <sys/types.h>
#include <time.h>
#include <wchar.h>

int main(int argc, char** argv)
{
  (void)argv;
#ifndef putenv
  return ((int*)(&putenv))[argc];
#else
  (void)argc;
  return 0;
#endif
}
Determining if the round exist passed with the following output:
Change Dir: /Users/davidframpton/Documents/blockheads2/katipoBrowser/waraki/android/app/.cxx/Debug/6y6q4d60/arm64-v8a/CMakeFiles/CMakeTmp

Run Build Command(s):/Users/davidframpton/Library/Android/sdk/cmake/3.22.1/bin/ninja cmTC_d819f && [1/2] Building C object CMakeFiles/cmTC_d819f.dir/CheckSymbolExists.c.o
[2/2] Linking C executable cmTC_d819f


File /Users/davidframpton/Documents/blockheads2/katipoBrowser/waraki/android/app/.cxx/Debug/6y6q4d60/arm64-v8a/CMakeFiles/CMakeTmp/CheckSymbolExists.c:
/* */
#include <float.h>
#include <iconv.h>
#include <inttypes.h>
#include <limits.h>
#include <malloc.h>
#include <math.h>
#include <memory.h>
#include <signal.h>
#include <stdarg.h>
#include <stdbool.h>
#include <stddef.h>
#include <stdint.h>
#include <stdio.h>
#include <stdlib.h>
#include <string.h>
#include <strings.h>
#include <sys/types.h>
#include <time.h>
#include <wchar.h>

int main(int argc, char** argv)
{
  (void)argv;
#ifndef round
  return ((int*)(&round))[argc];
#else
  (void)argc;
  return 0;
#endif
}
Determining if the roundf exist passed with the following output:
Change Dir: /Users/davidframpton/Documents/blockheads2/katipoBrowser/waraki/android/app/.cxx/Debug/6y6q4d60/arm64-v8a/CMakeFiles/CMakeTmp

Run Build Command(s):/Users/davidframpton/Library/Android/sdk/cmake/3.22.1/bin/ninja cmTC_f6c78 && [1/2] Building C object CMakeFiles/cmTC_f6c78.dir/CheckSymbolExists.c.o
[2/2] Linking C executable cmTC_f6c78


File /Users/davidframpton/Documents/blockheads2/katipoBrowser/waraki/android/app/.cxx/Debug/6y6q4d60/arm64-v8a/CMakeFiles/CMakeTmp/CheckSymbolExists.c:
/* */
#include <float.h>
#include <iconv.h>
#include <inttypes.h>
#include <limits.h>
#include <malloc.h>
#include <math.h>
#include <memory.h>
#include <signal.h>
#include <stdarg.h>
#include <stdbool.h>
#include <stddef.h>
#include <stdint.h>
#include <stdio.h>
#include <stdlib.h>
#include <string.h>
#include <strings.h>
#include <sys/types.h>
#include <time.h>
#include <wchar.h>

int main(int argc, char** argv)
{
  (void)argv;
#ifndef roundf
  return ((int*)(&roundf))[argc];
#else
  (void)argc;
  return 0;
#endif
}
Determining if the scalbn exist passed with the following output:
Change Dir: /Users/davidframpton/Documents/blockheads2/katipoBrowser/waraki/android/app/.cxx/Debug/6y6q4d60/arm64-v8a/CMakeFiles/CMakeTmp

Run Build Command(s):/Users/davidframpton/Library/Android/sdk/cmake/3.22.1/bin/ninja cmTC_f88b6 && [1/2] Building C object CMakeFiles/cmTC_f88b6.dir/CheckSymbolExists.c.o
[2/2] Linking C executable cmTC_f88b6


File /Users/davidframpton/Documents/blockheads2/katipoBrowser/waraki/android/app/.cxx/Debug/6y6q4d60/arm64-v8a/CMakeFiles/CMakeTmp/CheckSymbolExists.c:
/* */
#include <float.h>
#include <iconv.h>
#include <inttypes.h>
#include <limits.h>
#include <malloc.h>
#include <math.h>
#include <memory.h>
#include <signal.h>
#include <stdarg.h>
#include <stdbool.h>
#include <stddef.h>
#include <stdint.h>
#include <stdio.h>
#include <stdlib.h>
#include <string.h>
#include <strings.h>
#include <sys/types.h>
#include <time.h>
#include <wchar.h>

int main(int argc, char** argv)
{
  (void)argv;
#ifndef scalbn
  return ((int*)(&scalbn))[argc];
#else
  (void)argc;
  return 0;
#endif
}
Determining if the scalbnf exist passed with the following output:
Change Dir: /Users/davidframpton/Documents/blockheads2/katipoBrowser/waraki/android/app/.cxx/Debug/6y6q4d60/arm64-v8a/CMakeFiles/CMakeTmp

Run Build Command(s):/Users/davidframpton/Library/Android/sdk/cmake/3.22.1/bin/ninja cmTC_fadea && [1/2] Building C object CMakeFiles/cmTC_fadea.dir/CheckSymbolExists.c.o
[2/2] Linking C executable cmTC_fadea


File /Users/davidframpton/Documents/blockheads2/katipoBrowser/waraki/android/app/.cxx/Debug/6y6q4d60/arm64-v8a/CMakeFiles/CMakeTmp/CheckSymbolExists.c:
/* */
#include <float.h>
#include <iconv.h>
#include <inttypes.h>
#include <limits.h>
#include <malloc.h>
#include <math.h>
#include <memory.h>
#include <signal.h>
#include <stdarg.h>
#include <stdbool.h>
#include <stddef.h>
#include <stdint.h>
#include <stdio.h>
#include <stdlib.h>
#include <string.h>
#include <strings.h>
#include <sys/types.h>
#include <time.h>
#include <wchar.h>

int main(int argc, char** argv)
{
  (void)argv;
#ifndef scalbnf
  return ((int*)(&scalbnf))[argc];
#else
  (void)argc;
  return 0;
#endif
}
Determining if the setenv exist passed with the following output:
Change Dir: /Users/davidframpton/Documents/blockheads2/katipoBrowser/waraki/android/app/.cxx/Debug/6y6q4d60/arm64-v8a/CMakeFiles/CMakeTmp

Run Build Command(s):/Users/davidframpton/Library/Android/sdk/cmake/3.22.1/bin/ninja cmTC_72189 && [1/2] Building C object CMakeFiles/cmTC_72189.dir/CheckSymbolExists.c.o
[2/2] Linking C executable cmTC_72189


File /Users/davidframpton/Documents/blockheads2/katipoBrowser/waraki/android/app/.cxx/Debug/6y6q4d60/arm64-v8a/CMakeFiles/CMakeTmp/CheckSymbolExists.c:
/* */
#include <float.h>
#include <iconv.h>
#include <inttypes.h>
#include <limits.h>
#include <malloc.h>
#include <math.h>
#include <memory.h>
#include <signal.h>
#include <stdarg.h>
#include <stdbool.h>
#include <stddef.h>
#include <stdint.h>
#include <stdio.h>
#include <stdlib.h>
#include <string.h>
#include <strings.h>
#include <sys/types.h>
#include <time.h>
#include <wchar.h>

int main(int argc, char** argv)
{
  (void)argv;
#ifndef setenv
  return ((int*)(&setenv))[argc];
#else
  (void)argc;
  return 0;
#endif
}
Determining if the sin exist passed with the following output:
Change Dir: /Users/davidframpton/Documents/blockheads2/katipoBrowser/waraki/android/app/.cxx/Debug/6y6q4d60/arm64-v8a/CMakeFiles/CMakeTmp

Run Build Command(s):/Users/davidframpton/Library/Android/sdk/cmake/3.22.1/bin/ninja cmTC_d69e8 && [1/2] Building C object CMakeFiles/cmTC_d69e8.dir/CheckSymbolExists.c.o
[2/2] Linking C executable cmTC_d69e8


File /Users/davidframpton/Documents/blockheads2/katipoBrowser/waraki/android/app/.cxx/Debug/6y6q4d60/arm64-v8a/CMakeFiles/CMakeTmp/CheckSymbolExists.c:
/* */
#include <float.h>
#include <iconv.h>
#include <inttypes.h>
#include <limits.h>
#include <malloc.h>
#include <math.h>
#include <memory.h>
#include <signal.h>
#include <stdarg.h>
#include <stdbool.h>
#include <stddef.h>
#include <stdint.h>
#include <stdio.h>
#include <stdlib.h>
#include <string.h>
#include <strings.h>
#include <sys/types.h>
#include <time.h>
#include <wchar.h>

int main(int argc, char** argv)
{
  (void)argv;
#ifndef sin
  return ((int*)(&sin))[argc];
#else
  (void)argc;
  return 0;
#endif
}
Determining if the sinf exist passed with the following output:
Change Dir: /Users/davidframpton/Documents/blockheads2/katipoBrowser/waraki/android/app/.cxx/Debug/6y6q4d60/arm64-v8a/CMakeFiles/CMakeTmp

Run Build Command(s):/Users/davidframpton/Library/Android/sdk/cmake/3.22.1/bin/ninja cmTC_06f9b && [1/2] Building C object CMakeFiles/cmTC_06f9b.dir/CheckSymbolExists.c.o
[2/2] Linking C executable cmTC_06f9b


File /Users/davidframpton/Documents/blockheads2/katipoBrowser/waraki/android/app/.cxx/Debug/6y6q4d60/arm64-v8a/CMakeFiles/CMakeTmp/CheckSymbolExists.c:
/* */
#include <float.h>
#include <iconv.h>
#include <inttypes.h>
#include <limits.h>
#include <malloc.h>
#include <math.h>
#include <memory.h>
#include <signal.h>
#include <stdarg.h>
#include <stdbool.h>
#include <stddef.h>
#include <stdint.h>
#include <stdio.h>
#include <stdlib.h>
#include <string.h>
#include <strings.h>
#include <sys/types.h>
#include <time.h>
#include <wchar.h>

int main(int argc, char** argv)
{
  (void)argv;
#ifndef sinf
  return ((int*)(&sinf))[argc];
#else
  (void)argc;
  return 0;
#endif
}
Determining if the sqrt exist passed with the following output:
Change Dir: /Users/davidframpton/Documents/blockheads2/katipoBrowser/waraki/android/app/.cxx/Debug/6y6q4d60/arm64-v8a/CMakeFiles/CMakeTmp

Run Build Command(s):/Users/davidframpton/Library/Android/sdk/cmake/3.22.1/bin/ninja cmTC_d3344 && [1/2] Building C object CMakeFiles/cmTC_d3344.dir/CheckSymbolExists.c.o
[2/2] Linking C executable cmTC_d3344


File /Users/davidframpton/Documents/blockheads2/katipoBrowser/waraki/android/app/.cxx/Debug/6y6q4d60/arm64-v8a/CMakeFiles/CMakeTmp/CheckSymbolExists.c:
/* */
#include <float.h>
#include <iconv.h>
#include <inttypes.h>
#include <limits.h>
#include <malloc.h>
#include <math.h>
#include <memory.h>
#include <signal.h>
#include <stdarg.h>
#include <stdbool.h>
#include <stddef.h>
#include <stdint.h>
#include <stdio.h>
#include <stdlib.h>
#include <string.h>
#include <strings.h>
#include <sys/types.h>
#include <time.h>
#include <wchar.h>

int main(int argc, char** argv)
{
  (void)argv;
#ifndef sqrt
  return ((int*)(&sqrt))[argc];
#else
  (void)argc;
  return 0;
#endif
}
Determining if the sqrtf exist passed with the following output:
Change Dir: /Users/davidframpton/Documents/blockheads2/katipoBrowser/waraki/android/app/.cxx/Debug/6y6q4d60/arm64-v8a/CMakeFiles/CMakeTmp

Run Build Command(s):/Users/davidframpton/Library/Android/sdk/cmake/3.22.1/bin/ninja cmTC_e314a && [1/2] Building C object CMakeFiles/cmTC_e314a.dir/CheckSymbolExists.c.o
[2/2] Linking C executable cmTC_e314a


File /Users/davidframpton/Documents/blockheads2/katipoBrowser/waraki/android/app/.cxx/Debug/6y6q4d60/arm64-v8a/CMakeFiles/CMakeTmp/CheckSymbolExists.c:
/* */
#include <float.h>
#include <iconv.h>
#include <inttypes.h>
#include <limits.h>
#include <malloc.h>
#include <math.h>
#include <memory.h>
#include <signal.h>
#include <stdarg.h>
#include <stdbool.h>
#include <stddef.h>
#include <stdint.h>
#include <stdio.h>
#include <stdlib.h>
#include <string.h>
#include <strings.h>
#include <sys/types.h>
#include <time.h>
#include <wchar.h>

int main(int argc, char** argv)
{
  (void)argv;
#ifndef sqrtf
  return ((int*)(&sqrtf))[argc];
#else
  (void)argc;
  return 0;
#endif
}
Determining if the sscanf exist passed with the following output:
Change Dir: /Users/davidframpton/Documents/blockheads2/katipoBrowser/waraki/android/app/.cxx/Debug/6y6q4d60/arm64-v8a/CMakeFiles/CMakeTmp

Run Build Command(s):/Users/davidframpton/Library/Android/sdk/cmake/3.22.1/bin/ninja cmTC_8a270 && [1/2] Building C object CMakeFiles/cmTC_8a270.dir/CheckSymbolExists.c.o
[2/2] Linking C executable cmTC_8a270


File /Users/davidframpton/Documents/blockheads2/katipoBrowser/waraki/android/app/.cxx/Debug/6y6q4d60/arm64-v8a/CMakeFiles/CMakeTmp/CheckSymbolExists.c:
/* */
#include <float.h>
#include <iconv.h>
#include <inttypes.h>
#include <limits.h>
#include <malloc.h>
#include <math.h>
#include <memory.h>
#include <signal.h>
#include <stdarg.h>
#include <stdbool.h>
#include <stddef.h>
#include <stdint.h>
#include <stdio.h>
#include <stdlib.h>
#include <string.h>
#include <strings.h>
#include <sys/types.h>
#include <time.h>
#include <wchar.h>

int main(int argc, char** argv)
{
  (void)argv;
#ifndef sscanf
  return ((int*)(&sscanf))[argc];
#else
  (void)argc;
  return 0;
#endif
}
Determining if the strchr exist passed with the following output:
Change Dir: /Users/davidframpton/Documents/blockheads2/katipoBrowser/waraki/android/app/.cxx/Debug/6y6q4d60/arm64-v8a/CMakeFiles/CMakeTmp

Run Build Command(s):/Users/davidframpton/Library/Android/sdk/cmake/3.22.1/bin/ninja cmTC_99f9d && [1/2] Building C object CMakeFiles/cmTC_99f9d.dir/CheckSymbolExists.c.o
[2/2] Linking C executable cmTC_99f9d


File /Users/davidframpton/Documents/blockheads2/katipoBrowser/waraki/android/app/.cxx/Debug/6y6q4d60/arm64-v8a/CMakeFiles/CMakeTmp/CheckSymbolExists.c:
/* */
#include <float.h>
#include <iconv.h>
#include <inttypes.h>
#include <limits.h>
#include <malloc.h>
#include <math.h>
#include <memory.h>
#include <signal.h>
#include <stdarg.h>
#include <stdbool.h>
#include <stddef.h>
#include <stdint.h>
#include <stdio.h>
#include <stdlib.h>
#include <string.h>
#include <strings.h>
#include <sys/types.h>
#include <time.h>
#include <wchar.h>

int main(int argc, char** argv)
{
  (void)argv;
#ifndef strchr
  return ((int*)(&strchr))[argc];
#else
  (void)argc;
  return 0;
#endif
}
Determining if the strcmp exist passed with the following output:
Change Dir: /Users/davidframpton/Documents/blockheads2/katipoBrowser/waraki/android/app/.cxx/Debug/6y6q4d60/arm64-v8a/CMakeFiles/CMakeTmp

Run Build Command(s):/Users/davidframpton/Library/Android/sdk/cmake/3.22.1/bin/ninja cmTC_5ec3c && [1/2] Building C object CMakeFiles/cmTC_5ec3c.dir/CheckSymbolExists.c.o
[2/2] Linking C executable cmTC_5ec3c


File /Users/davidframpton/Documents/blockheads2/katipoBrowser/waraki/android/app/.cxx/Debug/6y6q4d60/arm64-v8a/CMakeFiles/CMakeTmp/CheckSymbolExists.c:
/* */
#include <float.h>
#include <iconv.h>
#include <inttypes.h>
#include <limits.h>
#include <malloc.h>
#include <math.h>
#include <memory.h>
#include <signal.h>
#include <stdarg.h>
#include <stdbool.h>
#include <stddef.h>
#include <stdint.h>
#include <stdio.h>
#include <stdlib.h>
#include <string.h>
#include <strings.h>
#include <sys/types.h>
#include <time.h>
#include <wchar.h>

int main(int argc, char** argv)
{
  (void)argv;
#ifndef strcmp
  return ((int*)(&strcmp))[argc];
#else
  (void)argc;
  return 0;
#endif
}
Determining if the strlcat exist passed with the following output:
Change Dir: /Users/davidframpton/Documents/blockheads2/katipoBrowser/waraki/android/app/.cxx/Debug/6y6q4d60/arm64-v8a/CMakeFiles/CMakeTmp

Run Build Command(s):/Users/davidframpton/Library/Android/sdk/cmake/3.22.1/bin/ninja cmTC_66571 && [1/2] Building C object CMakeFiles/cmTC_66571.dir/CheckSymbolExists.c.o
[2/2] Linking C executable cmTC_66571


File /Users/davidframpton/Documents/blockheads2/katipoBrowser/waraki/android/app/.cxx/Debug/6y6q4d60/arm64-v8a/CMakeFiles/CMakeTmp/CheckSymbolExists.c:
/* */
#include <float.h>
#include <iconv.h>
#include <inttypes.h>
#include <limits.h>
#include <malloc.h>
#include <math.h>
#include <memory.h>
#include <signal.h>
#include <stdarg.h>
#include <stdbool.h>
#include <stddef.h>
#include <stdint.h>
#include <stdio.h>
#include <stdlib.h>
#include <string.h>
#include <strings.h>
#include <sys/types.h>
#include <time.h>
#include <wchar.h>

int main(int argc, char** argv)
{
  (void)argv;
#ifndef strlcat
  return ((int*)(&strlcat))[argc];
#else
  (void)argc;
  return 0;
#endif
}
Determining if the strlcpy exist passed with the following output:
Change Dir: /Users/davidframpton/Documents/blockheads2/katipoBrowser/waraki/android/app/.cxx/Debug/6y6q4d60/arm64-v8a/CMakeFiles/CMakeTmp

Run Build Command(s):/Users/davidframpton/Library/Android/sdk/cmake/3.22.1/bin/ninja cmTC_c70c1 && [1/2] Building C object CMakeFiles/cmTC_c70c1.dir/CheckSymbolExists.c.o
[2/2] Linking C executable cmTC_c70c1


File /Users/davidframpton/Documents/blockheads2/katipoBrowser/waraki/android/app/.cxx/Debug/6y6q4d60/arm64-v8a/CMakeFiles/CMakeTmp/CheckSymbolExists.c:
/* */
#include <float.h>
#include <iconv.h>
#include <inttypes.h>
#include <limits.h>
#include <malloc.h>
#include <math.h>
#include <memory.h>
#include <signal.h>
#include <stdarg.h>
#include <stdbool.h>
#include <stddef.h>
#include <stdint.h>
#include <stdio.h>
#include <stdlib.h>
#include <string.h>
#include <strings.h>
#include <sys/types.h>
#include <time.h>
#include <wchar.h>

int main(int argc, char** argv)
{
  (void)argv;
#ifndef strlcpy
  return ((int*)(&strlcpy))[argc];
#else
  (void)argc;
  return 0;
#endif
}
Determining if the strlen exist passed with the following output:
Change Dir: /Users/davidframpton/Documents/blockheads2/katipoBrowser/waraki/android/app/.cxx/Debug/6y6q4d60/arm64-v8a/CMakeFiles/CMakeTmp

Run Build Command(s):/Users/davidframpton/Library/Android/sdk/cmake/3.22.1/bin/ninja cmTC_0f1fe && [1/2] Building C object CMakeFiles/cmTC_0f1fe.dir/CheckSymbolExists.c.o
[2/2] Linking C executable cmTC_0f1fe


File /Users/davidframpton/Documents/blockheads2/katipoBrowser/waraki/android/app/.cxx/Debug/6y6q4d60/arm64-v8a/CMakeFiles/CMakeTmp/CheckSymbolExists.c:
/* */
#include <float.h>
#include <iconv.h>
#include <inttypes.h>
#include <limits.h>
#include <malloc.h>
#include <math.h>
#include <memory.h>
#include <signal.h>
#include <stdarg.h>
#include <stdbool.h>
#include <stddef.h>
#include <stdint.h>
#include <stdio.h>
#include <stdlib.h>
#include <string.h>
#include <strings.h>
#include <sys/types.h>
#include <time.h>
#include <wchar.h>

int main(int argc, char** argv)
{
  (void)argv;
#ifndef strlen
  return ((int*)(&strlen))[argc];
#else
  (void)argc;
  return 0;
#endif
}
Determining if the strncmp exist passed with the following output:
Change Dir: /Users/davidframpton/Documents/blockheads2/katipoBrowser/waraki/android/app/.cxx/Debug/6y6q4d60/arm64-v8a/CMakeFiles/CMakeTmp

Run Build Command(s):/Users/davidframpton/Library/Android/sdk/cmake/3.22.1/bin/ninja cmTC_5f080 && [1/2] Building C object CMakeFiles/cmTC_5f080.dir/CheckSymbolExists.c.o
[2/2] Linking C executable cmTC_5f080


File /Users/davidframpton/Documents/blockheads2/katipoBrowser/waraki/android/app/.cxx/Debug/6y6q4d60/arm64-v8a/CMakeFiles/CMakeTmp/CheckSymbolExists.c:
/* */
#include <float.h>
#include <iconv.h>
#include <inttypes.h>
#include <limits.h>
#include <malloc.h>
#include <math.h>
#include <memory.h>
#include <signal.h>
#include <stdarg.h>
#include <stdbool.h>
#include <stddef.h>
#include <stdint.h>
#include <stdio.h>
#include <stdlib.h>
#include <string.h>
#include <strings.h>
#include <sys/types.h>
#include <time.h>
#include <wchar.h>

int main(int argc, char** argv)
{
  (void)argv;
#ifndef strncmp
  return ((int*)(&strncmp))[argc];
#else
  (void)argc;
  return 0;
#endif
}
Determining if the strnlen exist passed with the following output:
Change Dir: /Users/davidframpton/Documents/blockheads2/katipoBrowser/waraki/android/app/.cxx/Debug/6y6q4d60/arm64-v8a/CMakeFiles/CMakeTmp

Run Build Command(s):/Users/davidframpton/Library/Android/sdk/cmake/3.22.1/bin/ninja cmTC_2b2b9 && [1/2] Building C object CMakeFiles/cmTC_2b2b9.dir/CheckSymbolExists.c.o
[2/2] Linking C executable cmTC_2b2b9


File /Users/davidframpton/Documents/blockheads2/katipoBrowser/waraki/android/app/.cxx/Debug/6y6q4d60/arm64-v8a/CMakeFiles/CMakeTmp/CheckSymbolExists.c:
/* */
#include <float.h>
#include <iconv.h>
#include <inttypes.h>
#include <limits.h>
#include <malloc.h>
#include <math.h>
#include <memory.h>
#include <signal.h>
#include <stdarg.h>
#include <stdbool.h>
#include <stddef.h>
#include <stdint.h>
#include <stdio.h>
#include <stdlib.h>
#include <string.h>
#include <strings.h>
#include <sys/types.h>
#include <time.h>
#include <wchar.h>

int main(int argc, char** argv)
{
  (void)argv;
#ifndef strnlen
  return ((int*)(&strnlen))[argc];
#else
  (void)argc;
  return 0;
#endif
}
Determining if the strpbrk exist passed with the following output:
Change Dir: /Users/davidframpton/Documents/blockheads2/katipoBrowser/waraki/android/app/.cxx/Debug/6y6q4d60/arm64-v8a/CMakeFiles/CMakeTmp

Run Build Command(s):/Users/davidframpton/Library/Android/sdk/cmake/3.22.1/bin/ninja cmTC_b336d && [1/2] Building C object CMakeFiles/cmTC_b336d.dir/CheckSymbolExists.c.o
[2/2] Linking C executable cmTC_b336d


File /Users/davidframpton/Documents/blockheads2/katipoBrowser/waraki/android/app/.cxx/Debug/6y6q4d60/arm64-v8a/CMakeFiles/CMakeTmp/CheckSymbolExists.c:
/* */
#include <float.h>
#include <iconv.h>
#include <inttypes.h>
#include <limits.h>
#include <malloc.h>
#include <math.h>
#include <memory.h>
#include <signal.h>
#include <stdarg.h>
#include <stdbool.h>
#include <stddef.h>
#include <stdint.h>
#include <stdio.h>
#include <stdlib.h>
#include <string.h>
#include <strings.h>
#include <sys/types.h>
#include <time.h>
#include <wchar.h>

int main(int argc, char** argv)
{
  (void)argv;
#ifndef strpbrk
  return ((int*)(&strpbrk))[argc];
#else
  (void)argc;
  return 0;
#endif
}
Determining if the strrchr exist passed with the following output:
Change Dir: /Users/davidframpton/Documents/blockheads2/katipoBrowser/waraki/android/app/.cxx/Debug/6y6q4d60/arm64-v8a/CMakeFiles/CMakeTmp

Run Build Command(s):/Users/davidframpton/Library/Android/sdk/cmake/3.22.1/bin/ninja cmTC_1d494 && [1/2] Building C object CMakeFiles/cmTC_1d494.dir/CheckSymbolExists.c.o
[2/2] Linking C executable cmTC_1d494


File /Users/davidframpton/Documents/blockheads2/katipoBrowser/waraki/android/app/.cxx/Debug/6y6q4d60/arm64-v8a/CMakeFiles/CMakeTmp/CheckSymbolExists.c:
/* */
#include <float.h>
#include <iconv.h>
#include <inttypes.h>
#include <limits.h>
#include <malloc.h>
#include <math.h>
#include <memory.h>
#include <signal.h>
#include <stdarg.h>
#include <stdbool.h>
#include <stddef.h>
#include <stdint.h>
#include <stdio.h>
#include <stdlib.h>
#include <string.h>
#include <strings.h>
#include <sys/types.h>
#include <time.h>
#include <wchar.h>

int main(int argc, char** argv)
{
  (void)argv;
#ifndef strrchr
  return ((int*)(&strrchr))[argc];
#else
  (void)argc;
  return 0;
#endif
}
Determining if the strstr exist passed with the following output:
Change Dir: /Users/davidframpton/Documents/blockheads2/katipoBrowser/waraki/android/app/.cxx/Debug/6y6q4d60/arm64-v8a/CMakeFiles/CMakeTmp

Run Build Command(s):/Users/davidframpton/Library/Android/sdk/cmake/3.22.1/bin/ninja cmTC_b251e && [1/2] Building C object CMakeFiles/cmTC_b251e.dir/CheckSymbolExists.c.o
[2/2] Linking C executable cmTC_b251e


File /Users/davidframpton/Documents/blockheads2/katipoBrowser/waraki/android/app/.cxx/Debug/6y6q4d60/arm64-v8a/CMakeFiles/CMakeTmp/CheckSymbolExists.c:
/* */
#include <float.h>
#include <iconv.h>
#include <inttypes.h>
#include <limits.h>
#include <malloc.h>
#include <math.h>
#include <memory.h>
#include <signal.h>
#include <stdarg.h>
#include <stdbool.h>
#include <stddef.h>
#include <stdint.h>
#include <stdio.h>
#include <stdlib.h>
#include <string.h>
#include <strings.h>
#include <sys/types.h>
#include <time.h>
#include <wchar.h>

int main(int argc, char** argv)
{
  (void)argv;
#ifndef strstr
  return ((int*)(&strstr))[argc];
#else
  (void)argc;
  return 0;
#endif
}
Determining if the strtod exist passed with the following output:
Change Dir: /Users/davidframpton/Documents/blockheads2/katipoBrowser/waraki/android/app/.cxx/Debug/6y6q4d60/arm64-v8a/CMakeFiles/CMakeTmp

Run Build Command(s):/Users/davidframpton/Library/Android/sdk/cmake/3.22.1/bin/ninja cmTC_5c8fb && [1/2] Building C object CMakeFiles/cmTC_5c8fb.dir/CheckSymbolExists.c.o
[2/2] Linking C executable cmTC_5c8fb


File /Users/davidframpton/Documents/blockheads2/katipoBrowser/waraki/android/app/.cxx/Debug/6y6q4d60/arm64-v8a/CMakeFiles/CMakeTmp/CheckSymbolExists.c:
/* */
#include <float.h>
#include <iconv.h>
#include <inttypes.h>
#include <limits.h>
#include <malloc.h>
#include <math.h>
#include <memory.h>
#include <signal.h>
#include <stdarg.h>
#include <stdbool.h>
#include <stddef.h>
#include <stdint.h>
#include <stdio.h>
#include <stdlib.h>
#include <string.h>
#include <strings.h>
#include <sys/types.h>
#include <time.h>
#include <wchar.h>

int main(int argc, char** argv)
{
  (void)argv;
#ifndef strtod
  return ((int*)(&strtod))[argc];
#else
  (void)argc;
  return 0;
#endif
}
Determining if the strtok_r exist passed with the following output:
Change Dir: /Users/davidframpton/Documents/blockheads2/katipoBrowser/waraki/android/app/.cxx/Debug/6y6q4d60/arm64-v8a/CMakeFiles/CMakeTmp

Run Build Command(s):/Users/davidframpton/Library/Android/sdk/cmake/3.22.1/bin/ninja cmTC_98987 && [1/2] Building C object CMakeFiles/cmTC_98987.dir/CheckSymbolExists.c.o
[2/2] Linking C executable cmTC_98987


File /Users/davidframpton/Documents/blockheads2/katipoBrowser/waraki/android/app/.cxx/Debug/6y6q4d60/arm64-v8a/CMakeFiles/CMakeTmp/CheckSymbolExists.c:
/* */
#include <float.h>
#include <iconv.h>
#include <inttypes.h>
#include <limits.h>
#include <malloc.h>
#include <math.h>
#include <memory.h>
#include <signal.h>
#include <stdarg.h>
#include <stdbool.h>
#include <stddef.h>
#include <stdint.h>
#include <stdio.h>
#include <stdlib.h>
#include <string.h>
#include <strings.h>
#include <sys/types.h>
#include <time.h>
#include <wchar.h>

int main(int argc, char** argv)
{
  (void)argv;
#ifndef strtok_r
  return ((int*)(&strtok_r))[argc];
#else
  (void)argc;
  return 0;
#endif
}
Determining if the strtol exist passed with the following output:
Change Dir: /Users/davidframpton/Documents/blockheads2/katipoBrowser/waraki/android/app/.cxx/Debug/6y6q4d60/arm64-v8a/CMakeFiles/CMakeTmp

Run Build Command(s):/Users/davidframpton/Library/Android/sdk/cmake/3.22.1/bin/ninja cmTC_1c6b5 && [1/2] Building C object CMakeFiles/cmTC_1c6b5.dir/CheckSymbolExists.c.o
[2/2] Linking C executable cmTC_1c6b5


File /Users/davidframpton/Documents/blockheads2/katipoBrowser/waraki/android/app/.cxx/Debug/6y6q4d60/arm64-v8a/CMakeFiles/CMakeTmp/CheckSymbolExists.c:
/* */
#include <float.h>
#include <iconv.h>
#include <inttypes.h>
#include <limits.h>
#include <malloc.h>
#include <math.h>
#include <memory.h>
#include <signal.h>
#include <stdarg.h>
#include <stdbool.h>
#include <stddef.h>
#include <stdint.h>
#include <stdio.h>
#include <stdlib.h>
#include <string.h>
#include <strings.h>
#include <sys/types.h>
#include <time.h>
#include <wchar.h>

int main(int argc, char** argv)
{
  (void)argv;
#ifndef strtol
  return ((int*)(&strtol))[argc];
#else
  (void)argc;
  return 0;
#endif
}
Determining if the strtoll exist passed with the following output:
Change Dir: /Users/davidframpton/Documents/blockheads2/katipoBrowser/waraki/android/app/.cxx/Debug/6y6q4d60/arm64-v8a/CMakeFiles/CMakeTmp

Run Build Command(s):/Users/davidframpton/Library/Android/sdk/cmake/3.22.1/bin/ninja cmTC_f8b17 && [1/2] Building C object CMakeFiles/cmTC_f8b17.dir/CheckSymbolExists.c.o
[2/2] Linking C executable cmTC_f8b17


File /Users/davidframpton/Documents/blockheads2/katipoBrowser/waraki/android/app/.cxx/Debug/6y6q4d60/arm64-v8a/CMakeFiles/CMakeTmp/CheckSymbolExists.c:
/* */
#include <float.h>
#include <iconv.h>
#include <inttypes.h>
#include <limits.h>
#include <malloc.h>
#include <math.h>
#include <memory.h>
#include <signal.h>
#include <stdarg.h>
#include <stdbool.h>
#include <stddef.h>
#include <stdint.h>
#include <stdio.h>
#include <stdlib.h>
#include <string.h>
#include <strings.h>
#include <sys/types.h>
#include <time.h>
#include <wchar.h>

int main(int argc, char** argv)
{
  (void)argv;
#ifndef strtoll
  return ((int*)(&strtoll))[argc];
#else
  (void)argc;
  return 0;
#endif
}
Determining if the strtoul exist passed with the following output:
Change Dir: /Users/davidframpton/Documents/blockheads2/katipoBrowser/waraki/android/app/.cxx/Debug/6y6q4d60/arm64-v8a/CMakeFiles/CMakeTmp

Run Build Command(s):/Users/davidframpton/Library/Android/sdk/cmake/3.22.1/bin/ninja cmTC_82fad && [1/2] Building C object CMakeFiles/cmTC_82fad.dir/CheckSymbolExists.c.o
[2/2] Linking C executable cmTC_82fad


File /Users/davidframpton/Documents/blockheads2/katipoBrowser/waraki/android/app/.cxx/Debug/6y6q4d60/arm64-v8a/CMakeFiles/CMakeTmp/CheckSymbolExists.c:
/* */
#include <float.h>
#include <iconv.h>
#include <inttypes.h>
#include <limits.h>
#include <malloc.h>
#include <math.h>
#include <memory.h>
#include <signal.h>
#include <stdarg.h>
#include <stdbool.h>
#include <stddef.h>
#include <stdint.h>
#include <stdio.h>
#include <stdlib.h>
#include <string.h>
#include <strings.h>
#include <sys/types.h>
#include <time.h>
#include <wchar.h>

int main(int argc, char** argv)
{
  (void)argv;
#ifndef strtoul
  return ((int*)(&strtoul))[argc];
#else
  (void)argc;
  return 0;
#endif
}
Determining if the strtoull exist passed with the following output:
Change Dir: /Users/davidframpton/Documents/blockheads2/katipoBrowser/waraki/android/app/.cxx/Debug/6y6q4d60/arm64-v8a/CMakeFiles/CMakeTmp

Run Build Command(s):/Users/davidframpton/Library/Android/sdk/cmake/3.22.1/bin/ninja cmTC_9b766 && [1/2] Building C object CMakeFiles/cmTC_9b766.dir/CheckSymbolExists.c.o
[2/2] Linking C executable cmTC_9b766


File /Users/davidframpton/Documents/blockheads2/katipoBrowser/waraki/android/app/.cxx/Debug/6y6q4d60/arm64-v8a/CMakeFiles/CMakeTmp/CheckSymbolExists.c:
/* */
#include <float.h>
#include <iconv.h>
#include <inttypes.h>
#include <limits.h>
#include <malloc.h>
#include <math.h>
#include <memory.h>
#include <signal.h>
#include <stdarg.h>
#include <stdbool.h>
#include <stddef.h>
#include <stdint.h>
#include <stdio.h>
#include <stdlib.h>
#include <string.h>
#include <strings.h>
#include <sys/types.h>
#include <time.h>
#include <wchar.h>

int main(int argc, char** argv)
{
  (void)argv;
#ifndef strtoull
  return ((int*)(&strtoull))[argc];
#else
  (void)argc;
  return 0;
#endif
}
Determining if the tan exist passed with the following output:
Change Dir: /Users/davidframpton/Documents/blockheads2/katipoBrowser/waraki/android/app/.cxx/Debug/6y6q4d60/arm64-v8a/CMakeFiles/CMakeTmp

Run Build Command(s):/Users/davidframpton/Library/Android/sdk/cmake/3.22.1/bin/ninja cmTC_34611 && [1/2] Building C object CMakeFiles/cmTC_34611.dir/CheckSymbolExists.c.o
[2/2] Linking C executable cmTC_34611


File /Users/davidframpton/Documents/blockheads2/katipoBrowser/waraki/android/app/.cxx/Debug/6y6q4d60/arm64-v8a/CMakeFiles/CMakeTmp/CheckSymbolExists.c:
/* */
#include <float.h>
#include <iconv.h>
#include <inttypes.h>
#include <limits.h>
#include <malloc.h>
#include <math.h>
#include <memory.h>
#include <signal.h>
#include <stdarg.h>
#include <stdbool.h>
#include <stddef.h>
#include <stdint.h>
#include <stdio.h>
#include <stdlib.h>
#include <string.h>
#include <strings.h>
#include <sys/types.h>
#include <time.h>
#include <wchar.h>

int main(int argc, char** argv)
{
  (void)argv;
#ifndef tan
  return ((int*)(&tan))[argc];
#else
  (void)argc;
  return 0;
#endif
}
Determining if the tanf exist passed with the following output:
Change Dir: /Users/davidframpton/Documents/blockheads2/katipoBrowser/waraki/android/app/.cxx/Debug/6y6q4d60/arm64-v8a/CMakeFiles/CMakeTmp

Run Build Command(s):/Users/davidframpton/Library/Android/sdk/cmake/3.22.1/bin/ninja cmTC_54840 && [1/2] Building C object CMakeFiles/cmTC_54840.dir/CheckSymbolExists.c.o
[2/2] Linking C executable cmTC_54840


File /Users/davidframpton/Documents/blockheads2/katipoBrowser/waraki/android/app/.cxx/Debug/6y6q4d60/arm64-v8a/CMakeFiles/CMakeTmp/CheckSymbolExists.c:
/* */
#include <float.h>
#include <iconv.h>
#include <inttypes.h>
#include <limits.h>
#include <malloc.h>
#include <math.h>
#include <memory.h>
#include <signal.h>
#include <stdarg.h>
#include <stdbool.h>
#include <stddef.h>
#include <stdint.h>
#include <stdio.h>
#include <stdlib.h>
#include <string.h>
#include <strings.h>
#include <sys/types.h>
#include <time.h>
#include <wchar.h>

int main(int argc, char** argv)
{
  (void)argv;
#ifndef tanf
  return ((int*)(&tanf))[argc];
#else
  (void)argc;
  return 0;
#endif
}
Determining if the trunc exist passed with the following output:
Change Dir: /Users/davidframpton/Documents/blockheads2/katipoBrowser/waraki/android/app/.cxx/Debug/6y6q4d60/arm64-v8a/CMakeFiles/CMakeTmp

Run Build Command(s):/Users/davidframpton/Library/Android/sdk/cmake/3.22.1/bin/ninja cmTC_a3f6c && [1/2] Building C object CMakeFiles/cmTC_a3f6c.dir/CheckSymbolExists.c.o
[2/2] Linking C executable cmTC_a3f6c


File /Users/davidframpton/Documents/blockheads2/katipoBrowser/waraki/android/app/.cxx/Debug/6y6q4d60/arm64-v8a/CMakeFiles/CMakeTmp/CheckSymbolExists.c:
/* */
#include <float.h>
#include <iconv.h>
#include <inttypes.h>
#include <limits.h>
#include <malloc.h>
#include <math.h>
#include <memory.h>
#include <signal.h>
#include <stdarg.h>
#include <stdbool.h>
#include <stddef.h>
#include <stdint.h>
#include <stdio.h>
#include <stdlib.h>
#include <string.h>
#include <strings.h>
#include <sys/types.h>
#include <time.h>
#include <wchar.h>

int main(int argc, char** argv)
{
  (void)argv;
#ifndef trunc
  return ((int*)(&trunc))[argc];
#else
  (void)argc;
  return 0;
#endif
}
Determining if the truncf exist passed with the following output:
Change Dir: /Users/davidframpton/Documents/blockheads2/katipoBrowser/waraki/android/app/.cxx/Debug/6y6q4d60/arm64-v8a/CMakeFiles/CMakeTmp

Run Build Command(s):/Users/davidframpton/Library/Android/sdk/cmake/3.22.1/bin/ninja cmTC_f885b && [1/2] Building C object CMakeFiles/cmTC_f885b.dir/CheckSymbolExists.c.o
[2/2] Linking C executable cmTC_f885b


File /Users/davidframpton/Documents/blockheads2/katipoBrowser/waraki/android/app/.cxx/Debug/6y6q4d60/arm64-v8a/CMakeFiles/CMakeTmp/CheckSymbolExists.c:
/* */
#include <float.h>
#include <iconv.h>
#include <inttypes.h>
#include <limits.h>
#include <malloc.h>
#include <math.h>
#include <memory.h>
#include <signal.h>
#include <stdarg.h>
#include <stdbool.h>
#include <stddef.h>
#include <stdint.h>
#include <stdio.h>
#include <stdlib.h>
#include <string.h>
#include <strings.h>
#include <sys/types.h>
#include <time.h>
#include <wchar.h>

int main(int argc, char** argv)
{
  (void)argv;
#ifndef truncf
  return ((int*)(&truncf))[argc];
#else
  (void)argc;
  return 0;
#endif
}
Determining if the unsetenv exist passed with the following output:
Change Dir: /Users/davidframpton/Documents/blockheads2/katipoBrowser/waraki/android/app/.cxx/Debug/6y6q4d60/arm64-v8a/CMakeFiles/CMakeTmp

Run Build Command(s):/Users/davidframpton/Library/Android/sdk/cmake/3.22.1/bin/ninja cmTC_89395 && [1/2] Building C object CMakeFiles/cmTC_89395.dir/CheckSymbolExists.c.o
[2/2] Linking C executable cmTC_89395


File /Users/davidframpton/Documents/blockheads2/katipoBrowser/waraki/android/app/.cxx/Debug/6y6q4d60/arm64-v8a/CMakeFiles/CMakeTmp/CheckSymbolExists.c:
/* */
#include <float.h>
#include <iconv.h>
#include <inttypes.h>
#include <limits.h>
#include <malloc.h>
#include <math.h>
#include <memory.h>
#include <signal.h>
#include <stdarg.h>
#include <stdbool.h>
#include <stddef.h>
#include <stdint.h>
#include <stdio.h>
#include <stdlib.h>
#include <string.h>
#include <strings.h>
#include <sys/types.h>
#include <time.h>
#include <wchar.h>

int main(int argc, char** argv)
{
  (void)argv;
#ifndef unsetenv
  return ((int*)(&unsetenv))[argc];
#else
  (void)argc;
  return 0;
#endif
}
Determining if the vsnprintf exist passed with the following output:
Change Dir: /Users/davidframpton/Documents/blockheads2/katipoBrowser/waraki/android/app/.cxx/Debug/6y6q4d60/arm64-v8a/CMakeFiles/CMakeTmp

Run Build Command(s):/Users/davidframpton/Library/Android/sdk/cmake/3.22.1/bin/ninja cmTC_8849b && [1/2] Building C object CMakeFiles/cmTC_8849b.dir/CheckSymbolExists.c.o
[2/2] Linking C executable cmTC_8849b


File /Users/davidframpton/Documents/blockheads2/katipoBrowser/waraki/android/app/.cxx/Debug/6y6q4d60/arm64-v8a/CMakeFiles/CMakeTmp/CheckSymbolExists.c:
/* */
#include <float.h>
#include <iconv.h>
#include <inttypes.h>
#include <limits.h>
#include <malloc.h>
#include <math.h>
#include <memory.h>
#include <signal.h>
#include <stdarg.h>
#include <stdbool.h>
#include <stddef.h>
#include <stdint.h>
#include <stdio.h>
#include <stdlib.h>
#include <string.h>
#include <strings.h>
#include <sys/types.h>
#include <time.h>
#include <wchar.h>

int main(int argc, char** argv)
{
  (void)argv;
#ifndef vsnprintf
  return ((int*)(&vsnprintf))[argc];
#else
  (void)argc;
  return 0;
#endif
}
Determining if the vsscanf exist passed with the following output:
Change Dir: /Users/davidframpton/Documents/blockheads2/katipoBrowser/waraki/android/app/.cxx/Debug/6y6q4d60/arm64-v8a/CMakeFiles/CMakeTmp

Run Build Command(s):/Users/davidframpton/Library/Android/sdk/cmake/3.22.1/bin/ninja cmTC_8d138 && [1/2] Building C object CMakeFiles/cmTC_8d138.dir/CheckSymbolExists.c.o
[2/2] Linking C executable cmTC_8d138


File /Users/davidframpton/Documents/blockheads2/katipoBrowser/waraki/android/app/.cxx/Debug/6y6q4d60/arm64-v8a/CMakeFiles/CMakeTmp/CheckSymbolExists.c:
/* */
#include <float.h>
#include <iconv.h>
#include <inttypes.h>
#include <limits.h>
#include <malloc.h>
#include <math.h>
#include <memory.h>
#include <signal.h>
#include <stdarg.h>
#include <stdbool.h>
#include <stddef.h>
#include <stdint.h>
#include <stdio.h>
#include <stdlib.h>
#include <string.h>
#include <strings.h>
#include <sys/types.h>
#include <time.h>
#include <wchar.h>

int main(int argc, char** argv)
{
  (void)argv;
#ifndef vsscanf
  return ((int*)(&vsscanf))[argc];
#else
  (void)argc;
  return 0;
#endif
}
Determining if the wcsnlen exist passed with the following output:
Change Dir: /Users/davidframpton/Documents/blockheads2/katipoBrowser/waraki/android/app/.cxx/Debug/6y6q4d60/arm64-v8a/CMakeFiles/CMakeTmp

Run Build Command(s):/Users/davidframpton/Library/Android/sdk/cmake/3.22.1/bin/ninja cmTC_8eecb && [1/2] Building C object CMakeFiles/cmTC_8eecb.dir/CheckSymbolExists.c.o
[2/2] Linking C executable cmTC_8eecb


File /Users/davidframpton/Documents/blockheads2/katipoBrowser/waraki/android/app/.cxx/Debug/6y6q4d60/arm64-v8a/CMakeFiles/CMakeTmp/CheckSymbolExists.c:
/* */
#include <float.h>
#include <iconv.h>
#include <inttypes.h>
#include <limits.h>
#include <malloc.h>
#include <math.h>
#include <memory.h>
#include <signal.h>
#include <stdarg.h>
#include <stdbool.h>
#include <stddef.h>
#include <stdint.h>
#include <stdio.h>
#include <stdlib.h>
#include <string.h>
#include <strings.h>
#include <sys/types.h>
#include <time.h>
#include <wchar.h>

int main(int argc, char** argv)
{
  (void)argv;
#ifndef wcsnlen
  return ((int*)(&wcsnlen))[argc];
#else
  (void)argc;
  return 0;
#endif
}
Determining if the wcscmp exist passed with the following output:
Change Dir: /Users/davidframpton/Documents/blockheads2/katipoBrowser/waraki/android/app/.cxx/Debug/6y6q4d60/arm64-v8a/CMakeFiles/CMakeTmp

Run Build Command(s):/Users/davidframpton/Library/Android/sdk/cmake/3.22.1/bin/ninja cmTC_3a2a7 && [1/2] Building C object CMakeFiles/cmTC_3a2a7.dir/CheckSymbolExists.c.o
[2/2] Linking C executable cmTC_3a2a7


File /Users/davidframpton/Documents/blockheads2/katipoBrowser/waraki/android/app/.cxx/Debug/6y6q4d60/arm64-v8a/CMakeFiles/CMakeTmp/CheckSymbolExists.c:
/* */
#include <float.h>
#include <iconv.h>
#include <inttypes.h>
#include <limits.h>
#include <malloc.h>
#include <math.h>
#include <memory.h>
#include <signal.h>
#include <stdarg.h>
#include <stdbool.h>
#include <stddef.h>
#include <stdint.h>
#include <stdio.h>
#include <stdlib.h>
#include <string.h>
#include <strings.h>
#include <sys/types.h>
#include <time.h>
#include <wchar.h>

int main(int argc, char** argv)
{
  (void)argv;
#ifndef wcscmp
  return ((int*)(&wcscmp))[argc];
#else
  (void)argc;
  return 0;
#endif
}
Determining if the wcsdup exist passed with the following output:
Change Dir: /Users/davidframpton/Documents/blockheads2/katipoBrowser/waraki/android/app/.cxx/Debug/6y6q4d60/arm64-v8a/CMakeFiles/CMakeTmp

Run Build Command(s):/Users/davidframpton/Library/Android/sdk/cmake/3.22.1/bin/ninja cmTC_036b9 && [1/2] Building C object CMakeFiles/cmTC_036b9.dir/CheckSymbolExists.c.o
[2/2] Linking C executable cmTC_036b9


File /Users/davidframpton/Documents/blockheads2/katipoBrowser/waraki/android/app/.cxx/Debug/6y6q4d60/arm64-v8a/CMakeFiles/CMakeTmp/CheckSymbolExists.c:
/* */
#include <float.h>
#include <iconv.h>
#include <inttypes.h>
#include <limits.h>
#include <malloc.h>
#include <math.h>
#include <memory.h>
#include <signal.h>
#include <stdarg.h>
#include <stdbool.h>
#include <stddef.h>
#include <stdint.h>
#include <stdio.h>
#include <stdlib.h>
#include <string.h>
#include <strings.h>
#include <sys/types.h>
#include <time.h>
#include <wchar.h>

int main(int argc, char** argv)
{
  (void)argv;
#ifndef wcsdup
  return ((int*)(&wcsdup))[argc];
#else
  (void)argc;
  return 0;
#endif
}
Determining if the wcslcat exist passed with the following output:
Change Dir: /Users/davidframpton/Documents/blockheads2/katipoBrowser/waraki/android/app/.cxx/Debug/6y6q4d60/arm64-v8a/CMakeFiles/CMakeTmp

Run Build Command(s):/Users/davidframpton/Library/Android/sdk/cmake/3.22.1/bin/ninja cmTC_11776 && [1/2] Building C object CMakeFiles/cmTC_11776.dir/CheckSymbolExists.c.o
[2/2] Linking C executable cmTC_11776


File /Users/davidframpton/Documents/blockheads2/katipoBrowser/waraki/android/app/.cxx/Debug/6y6q4d60/arm64-v8a/CMakeFiles/CMakeTmp/CheckSymbolExists.c:
/* */
#include <float.h>
#include <iconv.h>
#include <inttypes.h>
#include <limits.h>
#include <malloc.h>
#include <math.h>
#include <memory.h>
#include <signal.h>
#include <stdarg.h>
#include <stdbool.h>
#include <stddef.h>
#include <stdint.h>
#include <stdio.h>
#include <stdlib.h>
#include <string.h>
#include <strings.h>
#include <sys/types.h>
#include <time.h>
#include <wchar.h>

int main(int argc, char** argv)
{
  (void)argv;
#ifndef wcslcat
  return ((int*)(&wcslcat))[argc];
#else
  (void)argc;
  return 0;
#endif
}
Determining if the wcslcpy exist passed with the following output:
Change Dir: /Users/davidframpton/Documents/blockheads2/katipoBrowser/waraki/android/app/.cxx/Debug/6y6q4d60/arm64-v8a/CMakeFiles/CMakeTmp

Run Build Command(s):/Users/davidframpton/Library/Android/sdk/cmake/3.22.1/bin/ninja cmTC_4460c && [1/2] Building C object CMakeFiles/cmTC_4460c.dir/CheckSymbolExists.c.o
[2/2] Linking C executable cmTC_4460c


File /Users/davidframpton/Documents/blockheads2/katipoBrowser/waraki/android/app/.cxx/Debug/6y6q4d60/arm64-v8a/CMakeFiles/CMakeTmp/CheckSymbolExists.c:
/* */
#include <float.h>
#include <iconv.h>
#include <inttypes.h>
#include <limits.h>
#include <malloc.h>
#include <math.h>
#include <memory.h>
#include <signal.h>
#include <stdarg.h>
#include <stdbool.h>
#include <stddef.h>
#include <stdint.h>
#include <stdio.h>
#include <stdlib.h>
#include <string.h>
#include <strings.h>
#include <sys/types.h>
#include <time.h>
#include <wchar.h>

int main(int argc, char** argv)
{
  (void)argv;
#ifndef wcslcpy
  return ((int*)(&wcslcpy))[argc];
#else
  (void)argc;
  return 0;
#endif
}
Determining if the wcslen exist passed with the following output:
Change Dir: /Users/davidframpton/Documents/blockheads2/katipoBrowser/waraki/android/app/.cxx/Debug/6y6q4d60/arm64-v8a/CMakeFiles/CMakeTmp

Run Build Command(s):/Users/davidframpton/Library/Android/sdk/cmake/3.22.1/bin/ninja cmTC_a4d73 && [1/2] Building C object CMakeFiles/cmTC_a4d73.dir/CheckSymbolExists.c.o
[2/2] Linking C executable cmTC_a4d73


File /Users/davidframpton/Documents/blockheads2/katipoBrowser/waraki/android/app/.cxx/Debug/6y6q4d60/arm64-v8a/CMakeFiles/CMakeTmp/CheckSymbolExists.c:
/* */
#include <float.h>
#include <iconv.h>
#include <inttypes.h>
#include <limits.h>
#include <malloc.h>
#include <math.h>
#include <memory.h>
#include <signal.h>
#include <stdarg.h>
#include <stdbool.h>
#include <stddef.h>
#include <stdint.h>
#include <stdio.h>
#include <stdlib.h>
#include <string.h>
#include <strings.h>
#include <sys/types.h>
#include <time.h>
#include <wchar.h>

int main(int argc, char** argv)
{
  (void)argv;
#ifndef wcslen
  return ((int*)(&wcslen))[argc];
#else
  (void)argc;
  return 0;
#endif
}
Determining if the wcsncmp exist passed with the following output:
Change Dir: /Users/davidframpton/Documents/blockheads2/katipoBrowser/waraki/android/app/.cxx/Debug/6y6q4d60/arm64-v8a/CMakeFiles/CMakeTmp

Run Build Command(s):/Users/davidframpton/Library/Android/sdk/cmake/3.22.1/bin/ninja cmTC_572cf && [1/2] Building C object CMakeFiles/cmTC_572cf.dir/CheckSymbolExists.c.o
[2/2] Linking C executable cmTC_572cf


File /Users/davidframpton/Documents/blockheads2/katipoBrowser/waraki/android/app/.cxx/Debug/6y6q4d60/arm64-v8a/CMakeFiles/CMakeTmp/CheckSymbolExists.c:
/* */
#include <float.h>
#include <iconv.h>
#include <inttypes.h>
#include <limits.h>
#include <malloc.h>
#include <math.h>
#include <memory.h>
#include <signal.h>
#include <stdarg.h>
#include <stdbool.h>
#include <stddef.h>
#include <stdint.h>
#include <stdio.h>
#include <stdlib.h>
#include <string.h>
#include <strings.h>
#include <sys/types.h>
#include <time.h>
#include <wchar.h>

int main(int argc, char** argv)
{
  (void)argv;
#ifndef wcsncmp
  return ((int*)(&wcsncmp))[argc];
#else
  (void)argc;
  return 0;
#endif
}
Determining if the wcsstr exist passed with the following output:
Change Dir: /Users/davidframpton/Documents/blockheads2/katipoBrowser/waraki/android/app/.cxx/Debug/6y6q4d60/arm64-v8a/CMakeFiles/CMakeTmp

Run Build Command(s):/Users/davidframpton/Library/Android/sdk/cmake/3.22.1/bin/ninja cmTC_c9ad5 && [1/2] Building C object CMakeFiles/cmTC_c9ad5.dir/CheckSymbolExists.c.o
[2/2] Linking C executable cmTC_c9ad5


File /Users/davidframpton/Documents/blockheads2/katipoBrowser/waraki/android/app/.cxx/Debug/6y6q4d60/arm64-v8a/CMakeFiles/CMakeTmp/CheckSymbolExists.c:
/* */
#include <float.h>
#include <iconv.h>
#include <inttypes.h>
#include <limits.h>
#include <malloc.h>
#include <math.h>
#include <memory.h>
#include <signal.h>
#include <stdarg.h>
#include <stdbool.h>
#include <stddef.h>
#include <stdint.h>
#include <stdio.h>
#include <stdlib.h>
#include <string.h>
#include <strings.h>
#include <sys/types.h>
#include <time.h>
#include <wchar.h>

int main(int argc, char** argv)
{
  (void)argv;
#ifndef wcsstr
  return ((int*)(&wcsstr))[argc];
#else
  (void)argc;
  return 0;
#endif
}
Determining if the wcstol exist passed with the following output:
Change Dir: /Users/davidframpton/Documents/blockheads2/katipoBrowser/waraki/android/app/.cxx/Debug/6y6q4d60/arm64-v8a/CMakeFiles/CMakeTmp

Run Build Command(s):/Users/davidframpton/Library/Android/sdk/cmake/3.22.1/bin/ninja cmTC_20b1c && [1/2] Building C object CMakeFiles/cmTC_20b1c.dir/CheckSymbolExists.c.o
[2/2] Linking C executable cmTC_20b1c


File /Users/davidframpton/Documents/blockheads2/katipoBrowser/waraki/android/app/.cxx/Debug/6y6q4d60/arm64-v8a/CMakeFiles/CMakeTmp/CheckSymbolExists.c:
/* */
#include <float.h>
#include <iconv.h>
#include <inttypes.h>
#include <limits.h>
#include <malloc.h>
#include <math.h>
#include <memory.h>
#include <signal.h>
#include <stdarg.h>
#include <stdbool.h>
#include <stddef.h>
#include <stdint.h>
#include <stdio.h>
#include <stdlib.h>
#include <string.h>
#include <strings.h>
#include <sys/types.h>
#include <time.h>
#include <wchar.h>

int main(int argc, char** argv)
{
  (void)argv;
#ifndef wcstol
  return ((int*)(&wcstol))[argc];
#else
  (void)argc;
  return 0;
#endif
}
Determining if the strcasestr exist passed with the following output:
Change Dir: /Users/davidframpton/Documents/blockheads2/katipoBrowser/waraki/android/app/.cxx/Debug/6y6q4d60/arm64-v8a/CMakeFiles/CMakeTmp

Run Build Command(s):/Users/davidframpton/Library/Android/sdk/cmake/3.22.1/bin/ninja cmTC_5975c && [1/2] Building C object CMakeFiles/cmTC_5975c.dir/CheckSymbolExists.c.o
[2/2] Linking C executable cmTC_5975c


File /Users/davidframpton/Documents/blockheads2/katipoBrowser/waraki/android/app/.cxx/Debug/6y6q4d60/arm64-v8a/CMakeFiles/CMakeTmp/CheckSymbolExists.c:
/* */
#include <float.h>
#include <iconv.h>
#include <inttypes.h>
#include <limits.h>
#include <malloc.h>
#include <math.h>
#include <memory.h>
#include <signal.h>
#include <stdarg.h>
#include <stdbool.h>
#include <stddef.h>
#include <stdint.h>
#include <stdio.h>
#include <stdlib.h>
#include <string.h>
#include <strings.h>
#include <sys/types.h>
#include <time.h>
#include <wchar.h>

int main(int argc, char** argv)
{
  (void)argv;
#ifndef strcasestr
  return ((int*)(&strcasestr))[argc];
#else
  (void)argc;
  return 0;
#endif
}
Performing C SOURCE FILE Test LIBC_HAS_ISINF succeeded with the following output:
Change Dir: /Users/davidframpton/Documents/blockheads2/katipoBrowser/waraki/android/app/.cxx/Debug/6y6q4d60/arm64-v8a/CMakeFiles/CMakeTmp

Run Build Command(s):/Users/davidframpton/Library/Android/sdk/cmake/3.22.1/bin/ninja cmTC_0a1f0 && [1/2] Building C object CMakeFiles/cmTC_0a1f0.dir/src.c.o
[2/2] Linking C executable cmTC_0a1f0


Source file was:

        #include <math.h>
        int main() {
          double d = 3.14159;
          return isinf(d);
        }
      
Performing C SOURCE FILE Test LIBC_ISINF_HANDLES_FLOAT succeeded with the following output:
Change Dir: /Users/davidframpton/Documents/blockheads2/katipoBrowser/waraki/android/app/.cxx/Debug/6y6q4d60/arm64-v8a/CMakeFiles/CMakeTmp

Run Build Command(s):/Users/davidframpton/Library/Android/sdk/cmake/3.22.1/bin/ninja cmTC_0655d && [1/2] Building C object CMakeFiles/cmTC_0655d.dir/src.c.o
[2/2] Linking C executable cmTC_0655d


Source file was:

      #include <math.h>
      int main() {
        float f = 3.14159f;
        return isinf(f);
      }
    
Performing C SOURCE FILE Test LIBC_HAS_ISINFF succeeded with the following output:
Change Dir: /Users/davidframpton/Documents/blockheads2/katipoBrowser/waraki/android/app/.cxx/Debug/6y6q4d60/arm64-v8a/CMakeFiles/CMakeTmp

Run Build Command(s):/Users/davidframpton/Library/Android/sdk/cmake/3.22.1/bin/ninja cmTC_36302 && [1/2] Building C object CMakeFiles/cmTC_36302.dir/src.c.o
[2/2] Linking C executable cmTC_36302


Source file was:

      #include <math.h>
      int main() {
        float f = 3.14159f;
        return isinff(f);
      }
    
Performing C SOURCE FILE Test LIBC_HAS_ISNAN succeeded with the following output:
Change Dir: /Users/davidframpton/Documents/blockheads2/katipoBrowser/waraki/android/app/.cxx/Debug/6y6q4d60/arm64-v8a/CMakeFiles/CMakeTmp

Run Build Command(s):/Users/davidframpton/Library/Android/sdk/cmake/3.22.1/bin/ninja cmTC_d884a && [1/2] Building C object CMakeFiles/cmTC_d884a.dir/src.c.o
[2/2] Linking C executable cmTC_d884a


Source file was:

        #include <math.h>
        int main() {
          double d = 3.14159;
          return isnan(d);
        }
      
Performing C SOURCE FILE Test LIBC_ISNAN_HANDLES_FLOAT succeeded with the following output:
Change Dir: /Users/davidframpton/Documents/blockheads2/katipoBrowser/waraki/android/app/.cxx/Debug/6y6q4d60/arm64-v8a/CMakeFiles/CMakeTmp

Run Build Command(s):/Users/davidframpton/Library/Android/sdk/cmake/3.22.1/bin/ninja cmTC_9516c && [1/2] Building C object CMakeFiles/cmTC_9516c.dir/src.c.o
[2/2] Linking C executable cmTC_9516c


Source file was:

      #include <math.h>
      int main() {
        float f = 3.14159f;
        return isnan(f);
      }
    
Performing C SOURCE FILE Test LIBC_HAS_ISNANF succeeded with the following output:
Change Dir: /Users/davidframpton/Documents/blockheads2/katipoBrowser/waraki/android/app/.cxx/Debug/6y6q4d60/arm64-v8a/CMakeFiles/CMakeTmp

Run Build Command(s):/Users/davidframpton/Library/Android/sdk/cmake/3.22.1/bin/ninja cmTC_0eb89 && [1/2] Building C object CMakeFiles/cmTC_0eb89.dir/src.c.o
[2/2] Linking C executable cmTC_0eb89


Source file was:

      #include <math.h>
      int main() {
        float f = 3.14159f;
        return isnanf(f);
      }
    
Determining if the fdatasync exist passed with the following output:
Change Dir: /Users/davidframpton/Documents/blockheads2/katipoBrowser/waraki/android/app/.cxx/Debug/6y6q4d60/arm64-v8a/CMakeFiles/CMakeTmp

Run Build Command(s):/Users/davidframpton/Library/Android/sdk/cmake/3.22.1/bin/ninja cmTC_9e487 && [1/2] Building C object CMakeFiles/cmTC_9e487.dir/CheckSymbolExists.c.o
[2/2] Linking C executable cmTC_9e487


File /Users/davidframpton/Documents/blockheads2/katipoBrowser/waraki/android/app/.cxx/Debug/6y6q4d60/arm64-v8a/CMakeFiles/CMakeTmp/CheckSymbolExists.c:
/* */
#include <unistd.h>

int main(int argc, char** argv)
{
  (void)argv;
#ifndef fdatasync
  return ((int*)(&fdatasync))[argc];
#else
  (void)argc;
  return 0;
#endif
}
Determining if the gethostname exist passed with the following output:
Change Dir: /Users/davidframpton/Documents/blockheads2/katipoBrowser/waraki/android/app/.cxx/Debug/6y6q4d60/arm64-v8a/CMakeFiles/CMakeTmp

Run Build Command(s):/Users/davidframpton/Library/Android/sdk/cmake/3.22.1/bin/ninja cmTC_108fe && [1/2] Building C object CMakeFiles/cmTC_108fe.dir/CheckSymbolExists.c.o
[2/2] Linking C executable cmTC_108fe


File /Users/davidframpton/Documents/blockheads2/katipoBrowser/waraki/android/app/.cxx/Debug/6y6q4d60/arm64-v8a/CMakeFiles/CMakeTmp/CheckSymbolExists.c:
/* */
#include <unistd.h>

int main(int argc, char** argv)
{
  (void)argv;
#ifndef gethostname
  return ((int*)(&gethostname))[argc];
#else
  (void)argc;
  return 0;
#endif
}
Determining if the getpagesize exist passed with the following output:
Change Dir: /Users/davidframpton/Documents/blockheads2/katipoBrowser/waraki/android/app/.cxx/Debug/6y6q4d60/arm64-v8a/CMakeFiles/CMakeTmp

Run Build Command(s):/Users/davidframpton/Library/Android/sdk/cmake/3.22.1/bin/ninja cmTC_11c04 && [1/2] Building C object CMakeFiles/cmTC_11c04.dir/CheckSymbolExists.c.o
[2/2] Linking C executable cmTC_11c04


File /Users/davidframpton/Documents/blockheads2/katipoBrowser/waraki/android/app/.cxx/Debug/6y6q4d60/arm64-v8a/CMakeFiles/CMakeTmp/CheckSymbolExists.c:
/* */
#include <unistd.h>

int main(int argc, char** argv)
{
  (void)argv;
#ifndef getpagesize
  return ((int*)(&getpagesize))[argc];
#else
  (void)argc;
  return 0;
#endif
}
Determining if the getresgid exist passed with the following output:
Change Dir: /Users/davidframpton/Documents/blockheads2/katipoBrowser/waraki/android/app/.cxx/Debug/6y6q4d60/arm64-v8a/CMakeFiles/CMakeTmp

Run Build Command(s):/Users/davidframpton/Library/Android/sdk/cmake/3.22.1/bin/ninja cmTC_a294d && [1/2] Building C object CMakeFiles/cmTC_a294d.dir/CheckSymbolExists.c.o
[2/2] Linking C executable cmTC_a294d


File /Users/davidframpton/Documents/blockheads2/katipoBrowser/waraki/android/app/.cxx/Debug/6y6q4d60/arm64-v8a/CMakeFiles/CMakeTmp/CheckSymbolExists.c:
/* */
#include <unistd.h>

int main(int argc, char** argv)
{
  (void)argv;
#ifndef getresgid
  return ((int*)(&getresgid))[argc];
#else
  (void)argc;
  return 0;
#endif
}
Determining if the getresuid exist passed with the following output:
Change Dir: /Users/davidframpton/Documents/blockheads2/katipoBrowser/waraki/android/app/.cxx/Debug/6y6q4d60/arm64-v8a/CMakeFiles/CMakeTmp

Run Build Command(s):/Users/davidframpton/Library/Android/sdk/cmake/3.22.1/bin/ninja cmTC_f9057 && [1/2] Building C object CMakeFiles/cmTC_f9057.dir/CheckSymbolExists.c.o
[2/2] Linking C executable cmTC_f9057


File /Users/davidframpton/Documents/blockheads2/katipoBrowser/waraki/android/app/.cxx/Debug/6y6q4d60/arm64-v8a/CMakeFiles/CMakeTmp/CheckSymbolExists.c:
/* */
#include <unistd.h>

int main(int argc, char** argv)
{
  (void)argv;
#ifndef getresuid
  return ((int*)(&getresuid))[argc];
#else
  (void)argc;
  return 0;
#endif
}
Determining if the sigaction exist passed with the following output:
Change Dir: /Users/davidframpton/Documents/blockheads2/katipoBrowser/waraki/android/app/.cxx/Debug/6y6q4d60/arm64-v8a/CMakeFiles/CMakeTmp

Run Build Command(s):/Users/davidframpton/Library/Android/sdk/cmake/3.22.1/bin/ninja cmTC_391c1 && [1/2] Building C object CMakeFiles/cmTC_391c1.dir/CheckSymbolExists.c.o
[2/2] Linking C executable cmTC_391c1


File /Users/davidframpton/Documents/blockheads2/katipoBrowser/waraki/android/app/.cxx/Debug/6y6q4d60/arm64-v8a/CMakeFiles/CMakeTmp/CheckSymbolExists.c:
/* */
#include <signal.h>

int main(int argc, char** argv)
{
  (void)argv;
#ifndef sigaction
  return ((int*)(&sigaction))[argc];
#else
  (void)argc;
  return 0;
#endif
}
Determining if the sigtimedwait exist passed with the following output:
Change Dir: /Users/davidframpton/Documents/blockheads2/katipoBrowser/waraki/android/app/.cxx/Debug/6y6q4d60/arm64-v8a/CMakeFiles/CMakeTmp

Run Build Command(s):/Users/davidframpton/Library/Android/sdk/cmake/3.22.1/bin/ninja cmTC_449b2 && [1/2] Building C object CMakeFiles/cmTC_449b2.dir/CheckSymbolExists.c.o
[2/2] Linking C executable cmTC_449b2


File /Users/davidframpton/Documents/blockheads2/katipoBrowser/waraki/android/app/.cxx/Debug/6y6q4d60/arm64-v8a/CMakeFiles/CMakeTmp/CheckSymbolExists.c:
/* */
#include <signal.h>

int main(int argc, char** argv)
{
  (void)argv;
#ifndef sigtimedwait
  return ((int*)(&sigtimedwait))[argc];
#else
  (void)argc;
  return 0;
#endif
}
Determining if the setjmp exist passed with the following output:
Change Dir: /Users/davidframpton/Documents/blockheads2/katipoBrowser/waraki/android/app/.cxx/Debug/6y6q4d60/arm64-v8a/CMakeFiles/CMakeTmp

Run Build Command(s):/Users/davidframpton/Library/Android/sdk/cmake/3.22.1/bin/ninja cmTC_165d4 && [1/2] Building C object CMakeFiles/cmTC_165d4.dir/CheckSymbolExists.c.o
[2/2] Linking C executable cmTC_165d4


File /Users/davidframpton/Documents/blockheads2/katipoBrowser/waraki/android/app/.cxx/Debug/6y6q4d60/arm64-v8a/CMakeFiles/CMakeTmp/CheckSymbolExists.c:
/* */
#include <setjmp.h>

int main(int argc, char** argv)
{
  (void)argv;
#ifndef setjmp
  return ((int*)(&setjmp))[argc];
#else
  (void)argc;
  return 0;
#endif
}
Determining if the nanosleep exist passed with the following output:
Change Dir: /Users/davidframpton/Documents/blockheads2/katipoBrowser/waraki/android/app/.cxx/Debug/6y6q4d60/arm64-v8a/CMakeFiles/CMakeTmp

Run Build Command(s):/Users/davidframpton/Library/Android/sdk/cmake/3.22.1/bin/ninja cmTC_ac9ea && [1/2] Building C object CMakeFiles/cmTC_ac9ea.dir/CheckSymbolExists.c.o
[2/2] Linking C executable cmTC_ac9ea


File /Users/davidframpton/Documents/blockheads2/katipoBrowser/waraki/android/app/.cxx/Debug/6y6q4d60/arm64-v8a/CMakeFiles/CMakeTmp/CheckSymbolExists.c:
/* */
#include <time.h>

int main(int argc, char** argv)
{
  (void)argv;
#ifndef nanosleep
  return ((int*)(&nanosleep))[argc];
#else
  (void)argc;
  return 0;
#endif
}
Determining if the gmtime_r exist passed with the following output:
Change Dir: /Users/davidframpton/Documents/blockheads2/katipoBrowser/waraki/android/app/.cxx/Debug/6y6q4d60/arm64-v8a/CMakeFiles/CMakeTmp

Run Build Command(s):/Users/davidframpton/Library/Android/sdk/cmake/3.22.1/bin/ninja cmTC_4a456 && [1/2] Building C object CMakeFiles/cmTC_4a456.dir/CheckSymbolExists.c.o
[2/2] Linking C executable cmTC_4a456


File /Users/davidframpton/Documents/blockheads2/katipoBrowser/waraki/android/app/.cxx/Debug/6y6q4d60/arm64-v8a/CMakeFiles/CMakeTmp/CheckSymbolExists.c:
/* */
#include <time.h>

int main(int argc, char** argv)
{
  (void)argv;
#ifndef gmtime_r
  return ((int*)(&gmtime_r))[argc];
#else
  (void)argc;
  return 0;
#endif
}
Determining if the localtime_r exist passed with the following output:
Change Dir: /Users/davidframpton/Documents/blockheads2/katipoBrowser/waraki/android/app/.cxx/Debug/6y6q4d60/arm64-v8a/CMakeFiles/CMakeTmp

Run Build Command(s):/Users/davidframpton/Library/Android/sdk/cmake/3.22.1/bin/ninja cmTC_b734f && [1/2] Building C object CMakeFiles/cmTC_b734f.dir/CheckSymbolExists.c.o
[2/2] Linking C executable cmTC_b734f


File /Users/davidframpton/Documents/blockheads2/katipoBrowser/waraki/android/app/.cxx/Debug/6y6q4d60/arm64-v8a/CMakeFiles/CMakeTmp/CheckSymbolExists.c:
/* */
#include <time.h>

int main(int argc, char** argv)
{
  (void)argv;
#ifndef localtime_r
  return ((int*)(&localtime_r))[argc];
#else
  (void)argc;
  return 0;
#endif
}
Determining if the sysconf exist passed with the following output:
Change Dir: /Users/davidframpton/Documents/blockheads2/katipoBrowser/waraki/android/app/.cxx/Debug/6y6q4d60/arm64-v8a/CMakeFiles/CMakeTmp

Run Build Command(s):/Users/davidframpton/Library/Android/sdk/cmake/3.22.1/bin/ninja cmTC_f936c && [1/2] Building C object CMakeFiles/cmTC_f936c.dir/CheckSymbolExists.c.o
[2/2] Linking C executable cmTC_f936c


File /Users/davidframpton/Documents/blockheads2/katipoBrowser/waraki/android/app/.cxx/Debug/6y6q4d60/arm64-v8a/CMakeFiles/CMakeTmp/CheckSymbolExists.c:
/* */
#include <unistd.h>

int main(int argc, char** argv)
{
  (void)argv;
#ifndef sysconf
  return ((int*)(&sysconf))[argc];
#else
  (void)argc;
  return 0;
#endif
}
Determining if the getauxval exist passed with the following output:
Change Dir: /Users/davidframpton/Documents/blockheads2/katipoBrowser/waraki/android/app/.cxx/Debug/6y6q4d60/arm64-v8a/CMakeFiles/CMakeTmp

Run Build Command(s):/Users/davidframpton/Library/Android/sdk/cmake/3.22.1/bin/ninja cmTC_9b622 && [1/2] Building C object CMakeFiles/cmTC_9b622.dir/CheckSymbolExists.c.o
[2/2] Linking C executable cmTC_9b622


File /Users/davidframpton/Documents/blockheads2/katipoBrowser/waraki/android/app/.cxx/Debug/6y6q4d60/arm64-v8a/CMakeFiles/CMakeTmp/CheckSymbolExists.c:
/* */
#include <sys/auxv.h>

int main(int argc, char** argv)
{
  (void)argv;
#ifndef getauxval
  return ((int*)(&getauxval))[argc];
#else
  (void)argc;
  return 0;
#endif
}
Determining if the ppoll exist passed with the following output:
Change Dir: /Users/davidframpton/Documents/blockheads2/katipoBrowser/waraki/android/app/.cxx/Debug/6y6q4d60/arm64-v8a/CMakeFiles/CMakeTmp

Run Build Command(s):/Users/davidframpton/Library/Android/sdk/cmake/3.22.1/bin/ninja cmTC_d45e7 && [1/2] Building C object CMakeFiles/cmTC_d45e7.dir/CheckSymbolExists.c.o
[2/2] Linking C executable cmTC_d45e7


File /Users/davidframpton/Documents/blockheads2/katipoBrowser/waraki/android/app/.cxx/Debug/6y6q4d60/arm64-v8a/CMakeFiles/CMakeTmp/CheckSymbolExists.c:
/* */
#include <poll.h>

int main(int argc, char** argv)
{
  (void)argv;
#ifndef ppoll
  return ((int*)(&ppoll))[argc];
#else
  (void)argc;
  return 0;
#endif
}
Determining if the posix_fallocate exist passed with the following output:
Change Dir: /Users/davidframpton/Documents/blockheads2/katipoBrowser/waraki/android/app/.cxx/Debug/6y6q4d60/arm64-v8a/CMakeFiles/CMakeTmp

Run Build Command(s):/Users/davidframpton/Library/Android/sdk/cmake/3.22.1/bin/ninja cmTC_cce70 && [1/2] Building C object CMakeFiles/cmTC_cce70.dir/CheckSymbolExists.c.o
[2/2] Linking C executable cmTC_cce70


File /Users/davidframpton/Documents/blockheads2/katipoBrowser/waraki/android/app/.cxx/Debug/6y6q4d60/arm64-v8a/CMakeFiles/CMakeTmp/CheckSymbolExists.c:
/* */
#include <fcntl.h>

int main(int argc, char** argv)
{
  (void)argv;
#ifndef posix_fallocate
  return ((int*)(&posix_fallocate))[argc];
#else
  (void)argc;
  return 0;
#endif
}
Performing C SOURCE FILE Test HAVE_SA_SIGACTION succeeded with the following output:
Change Dir: /Users/davidframpton/Documents/blockheads2/katipoBrowser/waraki/android/app/.cxx/Debug/6y6q4d60/arm64-v8a/CMakeFiles/CMakeTmp

Run Build Command(s):/Users/davidframpton/Library/Android/sdk/cmake/3.22.1/bin/ninja cmTC_7c06d && [1/2] Building C object CMakeFiles/cmTC_7c06d.dir/src.c.o
[2/2] Linking C executable cmTC_7c06d


Source file was:

#include <signal.h>

int main()
{
  (void)sizeof(((struct sigaction *)0)->sa_sigaction);
  return 0;
}

Performing C SOURCE FILE Test HAVE_ST_MTIM succeeded with the following output:
Change Dir: /Users/davidframpton/Documents/blockheads2/katipoBrowser/waraki/android/app/.cxx/Debug/6y6q4d60/arm64-v8a/CMakeFiles/CMakeTmp

Run Build Command(s):/Users/davidframpton/Library/Android/sdk/cmake/3.22.1/bin/ninja cmTC_05b96 && [1/2] Building C object CMakeFiles/cmTC_05b96.dir/src.c.o
[2/2] Linking C executable cmTC_05b96


Source file was:

#include <sys/stat.h>

int main()
{
  (void)sizeof(((struct stat *)0)->st_mtim);
  return 0;
}

Determining if the dlopen exist passed with the following output:
Change Dir: /Users/davidframpton/Documents/blockheads2/katipoBrowser/waraki/android/app/.cxx/Debug/6y6q4d60/arm64-v8a/CMakeFiles/CMakeTmp

Run Build Command(s):/Users/davidframpton/Library/Android/sdk/cmake/3.22.1/bin/ninja cmTC_c5b02 && [1/2] Building C object CMakeFiles/cmTC_c5b02.dir/CheckSymbolExists.c.o
[2/2] Linking C executable cmTC_c5b02


File /Users/davidframpton/Documents/blockheads2/katipoBrowser/waraki/android/app/.cxx/Debug/6y6q4d60/arm64-v8a/CMakeFiles/CMakeTmp/CheckSymbolExists.c:
/* */
#include <dlfcn.h>

int main(int argc, char** argv)
{
  (void)argv;
#ifndef dlopen
  return ((int*)(&dlopen))[argc];
#else
  (void)argc;
  return 0;
#endif
}
Performing C SOURCE FILE Test HAVE_O_CLOEXEC succeeded with the following output:
Change Dir: /Users/davidframpton/Documents/blockheads2/katipoBrowser/waraki/android/app/.cxx/Debug/6y6q4d60/arm64-v8a/CMakeFiles/CMakeTmp

Run Build Command(s):/Users/davidframpton/Library/Android/sdk/cmake/3.22.1/bin/ninja cmTC_de306 && [1/2] Building C object CMakeFiles/cmTC_de306.dir/src.c.o
[2/2] Linking C executable cmTC_de306


Source file was:

    #include <fcntl.h>
    int flag = O_CLOEXEC;
    int main(int argc, char **argv) { return 0; }
Performing C SOURCE FILE Test VULKAN_PASSED_ANDROID_CHECKS succeeded with the following output:
Change Dir: /Users/davidframpton/Documents/blockheads2/katipoBrowser/waraki/android/app/.cxx/Debug/6y6q4d60/arm64-v8a/CMakeFiles/CMakeTmp

Run Build Command(s):/Users/davidframpton/Library/Android/sdk/cmake/3.22.1/bin/ninja cmTC_4db8e && [1/2] Building C object CMakeFiles/cmTC_4db8e.dir/src.c.o
[2/2] Linking C executable cmTC_4db8e


Source file was:

      #if defined(__ARM_ARCH) && __ARM_ARCH < 7
      #error Vulkan doesn't work on this configuration
      #endif
      int main(int argc, char **argv) { return 0; }
      
Performing C SOURCE FILE Test HAVE_PTHREADS succeeded with the following output:
Change Dir: /Users/davidframpton/Documents/blockheads2/katipoBrowser/waraki/android/app/.cxx/Debug/6y6q4d60/arm64-v8a/CMakeFiles/CMakeTmp

Run Build Command(s):/Users/davidframpton/Library/Android/sdk/cmake/3.22.1/bin/ninja cmTC_c3d7c && [1/2] Building C object CMakeFiles/cmTC_c3d7c.dir/src.c.o
[2/2] Linking C executable cmTC_c3d7c


Source file was:

        #include <pthread.h>
        int main(int argc, char** argv) {
          pthread_attr_t type;
          pthread_attr_init(&type);
          return 0;
        }
Performing C SOURCE FILE Test HAVE_RECURSIVE_MUTEXES succeeded with the following output:
Change Dir: /Users/davidframpton/Documents/blockheads2/katipoBrowser/waraki/android/app/.cxx/Debug/6y6q4d60/arm64-v8a/CMakeFiles/CMakeTmp

Run Build Command(s):/Users/davidframpton/Library/Android/sdk/cmake/3.22.1/bin/ninja cmTC_e637c && [1/2] Building C object CMakeFiles/cmTC_e637c.dir/src.c.o
[2/2] Linking C executable cmTC_e637c


Source file was:

        #include <pthread.h>
        int main(int argc, char **argv) {
          pthread_mutexattr_t attr;
          pthread_mutexattr_settype(&attr, PTHREAD_MUTEX_RECURSIVE);
          return 0;
        }
Performing C SOURCE FILE Test HAVE_PTHREADS_SEM succeeded with the following output:
Change Dir: /Users/davidframpton/Documents/blockheads2/katipoBrowser/waraki/android/app/.cxx/Debug/6y6q4d60/arm64-v8a/CMakeFiles/CMakeTmp

Run Build Command(s):/Users/davidframpton/Library/Android/sdk/cmake/3.22.1/bin/ninja cmTC_409dc && [1/2] Building C object CMakeFiles/cmTC_409dc.dir/src.c.o
[2/2] Linking C executable cmTC_409dc


Source file was:
#include <pthread.h>
                                 #include <semaphore.h>
                                 int main(int argc, char **argv) { return 0; }
Performing C SOURCE FILE Test COMPILER_HAS_SEM_TIMEDWAIT succeeded with the following output:
Change Dir: /Users/davidframpton/Documents/blockheads2/katipoBrowser/waraki/android/app/.cxx/Debug/6y6q4d60/arm64-v8a/CMakeFiles/CMakeTmp

Run Build Command(s):/Users/davidframpton/Library/Android/sdk/cmake/3.22.1/bin/ninja cmTC_9d3b5 && [1/2] Building C object CMakeFiles/cmTC_9d3b5.dir/src.c.o
/Users/davidframpton/Documents/blockheads2/katipoBrowser/waraki/android/app/.cxx/Debug/6y6q4d60/arm64-v8a/CMakeFiles/CMakeTmp/src.c:5:33: warning: null passed to a callee that requires a non-null argument [-Wnonnull]
    5 |                   sem_timedwait(NULL, NULL);
      |                                 ^~~~
/Users/davidframpton/Library/Android/sdk/ndk/28.2.13676358/toolchains/llvm/prebuilt/darwin-x86_64/lib/clang/19/include/__stddef_null.h:26:14: note: expanded from macro 'NULL'
   26 | #define NULL ((void*)0)
      |              ^~~~~~~~~~
/Users/davidframpton/Documents/blockheads2/katipoBrowser/waraki/android/app/.cxx/Debug/6y6q4d60/arm64-v8a/CMakeFiles/CMakeTmp/src.c:5:39: warning: null passed to a callee that requires a non-null argument [-Wnonnull]
    5 |                   sem_timedwait(NULL, NULL);
      |                                       ^~~~
/Users/davidframpton/Library/Android/sdk/ndk/28.2.13676358/toolchains/llvm/prebuilt/darwin-x86_64/lib/clang/19/include/__stddef_null.h:26:14: note: expanded from macro 'NULL'
   26 | #define NULL ((void*)0)
      |              ^~~~~~~~~~
2 warnings generated.
[2/2] Linking C executable cmTC_9d3b5


Source file was:

              #include <pthread.h>
              #include <semaphore.h>
              int main(int argc, char **argv) {
                  sem_timedwait(NULL, NULL);
                  return 0;
              }
Determining if the include file pthread.h exists passed with the following output:
Change Dir: /Users/davidframpton/Documents/blockheads2/katipoBrowser/waraki/android/app/.cxx/Debug/6y6q4d60/arm64-v8a/CMakeFiles/CMakeTmp

Run Build Command(s):/Users/davidframpton/Library/Android/sdk/cmake/3.22.1/bin/ninja cmTC_4e8fe && [1/2] Building C object CMakeFiles/cmTC_4e8fe.dir/CheckIncludeFile.c.o
[2/2] Linking C executable cmTC_4e8fe



Performing C SOURCE FILE Test HAVE_PTHREAD_SETNAME_NP succeeded with the following output:
Change Dir: /Users/davidframpton/Documents/blockheads2/katipoBrowser/waraki/android/app/.cxx/Debug/6y6q4d60/arm64-v8a/CMakeFiles/CMakeTmp

Run Build Command(s):/Users/davidframpton/Library/Android/sdk/cmake/3.22.1/bin/ninja cmTC_cd02b && [1/2] Building C object CMakeFiles/cmTC_cd02b.dir/src.c.o
[2/2] Linking C executable cmTC_cd02b


Source file was:

            #include <pthread.h>
            int main(int argc, char **argv) {
              #ifdef __APPLE__
              pthread_setname_np("");
              #else
              pthread_setname_np(pthread_self(),"");
              #endif
              return 0;
            }
Performing C SOURCE FILE Test LINKER_SUPPORTS_VERSION_SCRIPT succeeded with the following output:
Change Dir: /Users/davidframpton/Documents/blockheads2/katipoBrowser/waraki/android/app/.cxx/Debug/6y6q4d60/arm64-v8a/CMakeFiles/CMakeTmp

Run Build Command(s):/Users/davidframpton/Library/Android/sdk/cmake/3.22.1/bin/ninja cmTC_82a45 && [1/2] Building C object CMakeFiles/cmTC_82a45.dir/src.c.o
[2/2] Linking C executable cmTC_82a45


Source file was:
int func(void) {return 0;} int main(int argc,char*argv[]){(void)argc;(void)argv;return func();}
Performing C SOURCE FILE Test HAVE_WL_NO_UNDEFINED succeeded with the following output:
Change Dir: /Users/davidframpton/Documents/blockheads2/katipoBrowser/waraki/android/app/.cxx/Debug/6y6q4d60/arm64-v8a/CMakeFiles/CMakeTmp

Run Build Command(s):/Users/davidframpton/Library/Android/sdk/cmake/3.22.1/bin/ninja cmTC_e2811 && [1/2] Building C object CMakeFiles/cmTC_e2811.dir/src.c.o
[2/2] Linking C executable cmTC_e2811


Source file was:
int main() { return 0; }
Determining if the include file pthread.h exists passed with the following output:
Change Dir: /Users/davidframpton/Documents/blockheads2/katipoBrowser/waraki/android/app/.cxx/Debug/6y6q4d60/arm64-v8a/CMakeFiles/CMakeTmp

Run Build Command(s):/Users/davidframpton/Library/Android/sdk/cmake/3.22.1/bin/ninja cmTC_af69c && [1/2] Building C object CMakeFiles/cmTC_af69c.dir/CheckIncludeFile.c.o
[2/2] Linking C executable cmTC_af69c



